variable,year,month,region,value,date,clim,anomaly,anomaly_pct,rolling_12
precip,1991,1,Amazonia,95.2604270665815,1991-01-01,168.78791583584416,-73.52748876926266,-43.56205739323917,
precip,1991,2,Amazonia,208.1663184905497,1991-02-01,188.11314122858911,20.0531772619606,10.66016820036651,
precip,1991,3,Amazonia,257.4242353481204,1991-03-01,293.5934068392419,-36.16917149112146,-12.319476748647158,
precip,1991,4,Amazonia,361.0401371665134,1991-04-01,351.4130242896355,9.627112876877902,2.739543560270325,
precip,1991,5,Amazonia,391.4356342969054,1991-05-01,389.22685040730715,2.2087838895982372,0.5674798352906155,
precip,1991,6,Amazonia,386.829831999855,1991-06-01,360.2172163882724,26.612615611582612,7.387935501366291,
precip,1991,7,Amazonia,357.2497779687441,1991-07-01,340.42911418885626,16.820663779887866,4.941017991356769,
precip,1991,8,Amazonia,227.8120608799235,1991-08-01,280.7579006746239,-52.94583979470039,-18.85818339127005,
precip,1991,9,Amazonia,213.55013107448326,1991-09-01,242.48506971261082,-28.934938638127562,-11.932668131865091,
precip,1991,10,Amazonia,222.9015400056188,1991-10-01,252.78417985020735,-29.88263984458854,-11.821404275495457,
precip,1991,11,Amazonia,256.4282720848153,1991-11-01,242.8176642637057,13.610607821109625,5.605279114425623,
precip,1991,12,Amazonia,132.36796647472224,1991-12-01,211.16751092177583,-78.79954444705359,-37.316130735775836,-8.659041372768053
precip,1992,1,Amazonia,105.02303301917529,1992-01-01,168.78791583584416,-63.76488281666887,-37.7781089960752,-8.177045673004388
precip,1992,2,Amazonia,183.53814654190649,1992-02-01,188.11314122858911,-4.574994686682629,-2.4320441712911705,-9.268063370642528
precip,1992,3,Amazonia,276.9939268012636,1992-03-01,293.5934068392419,-16.599480037978253,-5.653900820418409,-8.712598709956799
precip,1992,4,Amazonia,335.1064009024283,1992-04-01,351.4130242896355,-16.306623387207196,-4.6403013719170625,-9.32758578763908
precip,1992,5,Amazonia,324.53683545306683,1992-05-01,389.22685040730715,-64.69001495424033,-16.620131649845156,-10.759886744733729
precip,1992,6,Amazonia,345.01832792259665,1992-06-01,360.2172163882724,-15.198888465675736,-4.219367585499605,-11.727162001972554
precip,1992,7,Amazonia,313.7855688178312,1992-07-01,340.42911418885626,-26.643545371025084,-7.826459095459246,-12.791118425873888
precip,1992,8,Amazonia,297.38755388752173,1992-08-01,280.7579006746239,16.629653212897836,5.9231292059596505,-10.726009042771414
precip,1992,9,Amazonia,260.54240507926113,1992-09-01,242.48506971261082,18.057335366650307,7.446782347487025,-9.111054836158736
precip,1992,10,Amazonia,226.0336694227924,1992-10-01,252.78417985020735,-26.75051042741495,-10.582351491800846,-9.007800437517519
precip,1992,11,Amazonia,278.04163704480607,1992-11-01,242.8176642637057,35.22397278110037,14.50634692822278,-8.266044786367758
precip,1992,12,Amazonia,243.52186920978795,1992-12-01,211.16751092177583,32.35435828801212,15.321655375289886,-3.8795626104456127
precip,1993,1,Amazonia,219.93539019368097,1993-01-01,168.78791583584416,51.14747435783681,30.30280580487802,1.7938469563004886
precip,1993,2,Amazonia,193.75208597273797,1993-02-01,188.11314122858911,5.6389447441488585,2.99763467204909,2.2463201932455106
precip,1993,3,Amazonia,359.36205685550266,1993-03-01,293.5934068392419,65.76865001626078,22.40126940325763,4.5842510452185135
precip,1993,4,Amazonia,409.6104005380931,1993-04-01,351.4130242896355,58.1973762484576,16.56096166785531,6.351022965199545
precip,1993,5,Amazonia,358.75498367570265,1993-05-01,389.22685040730715,-30.471866731604507,-7.828819286161057,7.083632328839887
precip,1993,6,Amazonia,344.4829490106924,1993-06-01,360.2172163882724,-15.73426737758001,-4.367994271717512,7.071246771655061
precip,1993,7,Amazonia,337.0202139101585,1993-07-01,340.42911418885626,-3.408900278697786,-1.0013539196905075,7.640005536302456
precip,1993,8,Amazonia,277.70953969021593,1993-08-01,280.7579006746239,-3.0483609844079638,-1.0857614254427597,7.0559313170189215
precip,1993,9,Amazonia,282.63849628665076,1993-09-01,242.48506971261082,40.15342657403994,16.559133567121926,7.815293918655162
precip,1993,10,Amazonia,294.61024329178673,1993-10-01,252.78417985020735,41.82606344157938,16.54615548582364,10.076002833457204
precip,1993,11,Amazonia,271.3065369370731,1993-11-01,242.8176642637057,28.488872673367382,11.732619519158128,9.844858882701816
precip,1993,12,Amazonia,201.52335479319675,1993-12-01,211.16751092177583,-9.644156128579084,-4.567064358755279,8.187465571531385
precip,1994,1,Amazonia,136.47024939143773,1994-01-01,168.78791583584416,-32.31766644440643,-19.14690769440935,4.066656113257438
precip,1994,2,Amazonia,208.87715594719643,1994-02-01,188.11314122858911,20.764014718607314,11.038045818061985,4.736690375425179
precip,1994,3,Amazonia,302.90263850275886,1994-03-01,293.5934068392419,9.309231663516982,3.1707904355680188,3.134150461451045
precip,1994,4,Amazonia,363.67823373488056,1994-04-01,351.4130242896355,12.265209445245091,3.490254656906534,2.0449248772053137
precip,1994,5,Amazonia,428.0228288765149,1994-05-01,389.22685040730715,38.79597846920774,9.9674466005132,3.5279470344281685
precip,1994,6,Amazonia,371.3177988789416,1994-06-01,360.2172163882724,11.100582490669183,3.0816357424471468,4.148749535608556
precip,1994,7,Amazonia,341.6872163140428,1994-07-01,340.42911418885626,1.2581021251865536,0.36956361038163427,4.262992663114568
precip,1994,8,Amazonia,325.4796454285189,1994-08-01,280.7579006746239,44.721744753894995,15.928935444535878,5.6808840689461215
precip,1994,9,Amazonia,265.7408742192952,1994-09-01,242.48506971261082,23.2558045066844,9.590612953715782,5.100174017828944
precip,1994,10,Amazonia,267.15947602134645,1994-10-01,252.78417985020735,14.375296171139098,5.6867863248631645,4.195226587748904
precip,1994,11,Amazonia,250.57647701038067,1994-11-01,242.8176642637057,7.758812746674977,3.1953246771407553,3.4837853509141223
precip,1994,12,Amazonia,206.5803736981218,1994-12-01,211.16751092177583,-4.587137223654025,-2.1722741361256412,3.683351202799926
precip,1995,1,Amazonia,166.95320140766566,1995-01-01,168.78791583584416,-1.8347144281785006,-1.0869939468669456,5.188344015095125
precip,1995,2,Amazonia,101.21832717529686,1995-02-01,188.11314122858911,-86.89481405329225,-46.19284622316759,0.4191030116593275
precip,1995,3,Amazonia,285.0848309868598,1995-03-01,293.5934068392419,-8.50857585238208,-2.8980813785920545,-0.08663630618734526
precip,1995,4,Amazonia,358.98687246533376,1995-04-01,351.4130242896355,7.573848175698288,2.1552553981197646,-0.19788624441957603
precip,1995,5,Amazonia,376.35538925478784,1995-05-01,389.22685040730715,-12.871461152519316,-3.3069304286304897,-1.3040843301815501
precip,1995,6,Amazonia,368.79190908720744,1995-06-01,360.2172163882724,8.574692698935053,2.380422786259202,-1.3625187431972126
precip,1995,7,Amazonia,311.2209279919408,1995-07-01,340.42911418885626,-29.20818619691545,-8.579814410559472,-2.1083002449423045
precip,1995,8,Amazonia,237.92199776529162,1995-08-01,280.7579006746239,-42.835902909332276,-15.257238640979754,-4.70714808540194
precip,1995,9,Amazonia,236.77929813043298,1995-09-01,242.48506971261082,-5.705771582177846,-2.3530403702546425,-5.702452529066143
precip,1995,10,Amazonia,234.08306603266658,1995-10-01,252.78417985020735,-18.701113817540772,-7.398055459254814,-6.7928560110759735
precip,1995,11,Amazonia,202.29730630512714,1995-11-01,242.8176642637057,-40.52035795857856,-16.687565989668897,-8.449763566643446
precip,1995,12,Amazonia,205.79902902673166,1995-12-01,211.16751092177583,-5.3684818950441695,-2.5422859187050095,-8.480597881858392
precip,1996,1,Amazonia,161.32865633665145,1996-01-01,168.78791583584416,-7.4592594991927115,-4.419308966672274,-8.758290800175503
precip,1996,2,Amazonia,279.7744062785794,1996-02-01,188.11314122858911,91.6612650499903,48.72666760617561,-0.8483313143969026
precip,1996,3,Amazonia,236.025146131779,1996-03-01,293.5934068392419,-57.56826070746288,-19.60815855070771,-2.2408377454065405
precip,1996,4,Amazonia,306.35178025276645,1996-04-01,351.4130242896355,-45.06124403686903,-12.82287249539432,-3.4890150698660474
precip,1996,5,Amazonia,381.1041100666792,1996-05-01,389.22685040730715,-8.122740340627956,-2.0868910590643734,-3.387345122402205
precip,1996,6,Amazonia,395.40619821491316,1996-06-01,360.2172163882724,35.18898182664077,9.768822872894317,-2.771645115182612
precip,1996,7,Amazonia,304.87271212615485,1996-07-01,340.42911418885626,-35.55640206270141,-10.444583198303116,-2.927042514161249
precip,1996,8,Amazonia,291.2082131029724,1996-08-01,280.7579006746239,10.450312428348525,3.7221792880050084,-1.3454243534125185
precip,1996,9,Amazonia,271.20452302945654,1996-09-01,242.48506971261082,28.719453316845716,11.843802734281136,-0.16235409470120374
precip,1996,10,Amazonia,288.4653601036094,1996-10-01,252.78417985020735,35.68118025340203,14.115274252742271,1.6304233812985534
precip,1996,11,Amazonia,234.73885548402583,1996-11-01,242.8176642637057,-8.07880877967986,-3.327109172298966,2.7437947827460474
precip,1996,12,Amazonia,240.24716714090107,1996-12-01,211.16751092177583,29.07965621912524,13.77089500756459,4.103226526601848
precip,1997,1,Amazonia,113.7007184915466,1997-01-01,168.78791583584416,-55.087197344297564,-32.63693201702484,1.7517579390724667
precip,1997,2,Amazonia,293.8439264920819,1997-02-01,188.11314122858911,105.73078526349278,56.205953806816765,2.3750317891258965
precip,1997,3,Amazonia,172.37600836202714,1997-03-01,293.5934068392419,-121.21739847721474,-41.287507026200956,0.5684194161681262
precip,1997,4,Amazonia,342.3940584870517,1997-04-01,351.4130242896355,-9.01896580258375,-2.5664859237403497,1.42311829713929
precip,1997,5,Amazonia,445.24324969012537,1997-05-01,389.22685040730715,56.01639928281821,14.391709930648346,2.796335046282017
precip,1997,6,Amazonia,349.5227686541259,1997-06-01,360.2172163882724,-10.694447734146479,-2.968888561567003,1.73485909341024
precip,1997,7,Amazonia,299.8174442091725,1997-07-01,340.42911418885626,-40.61166997968377,-11.92955252268878,1.6111116497114348
precip,1997,8,Amazonia,275.825261454212,1997-08-01,280.7579006746239,-4.932639220411886,-1.756901304846421,1.154521600307149
precip,1997,9,Amazonia,235.62745981753423,1997-09-01,242.48506971261082,-6.8576098950765925,-2.828054487315081,-0.06813316815920245
precip,1997,10,Amazonia,225.6220900461734,1997-10-01,252.78417985020735,-27.16208980403394,-10.745169978647166,-2.139836854108322
precip,1997,11,Amazonia,228.62702070122623,1997-11-01,242.8176642637057,-14.190643562479465,-5.844156192470451,-2.349590772455946
precip,1997,12,Amazonia,192.1167838362593,1997-12-01,211.16751092177583,-19.05072708551654,-9.021618430959121,-4.2489668923329225
precip,1998,1,Amazonia,161.74675835583415,1998-01-01,168.78791583584416,-7.041157480010014,-4.171600463896918,-1.8768559295722618
precip,1998,2,Amazonia,277.1330156535436,1998-02-01,188.11314122858911,89.01987442495451,47.322517631439894,-2.6171422775203346
precip,1998,3,Amazonia,273.9778820174359,1998-03-01,293.5934068392419,-19.61552482180599,-6.681187099186646,0.26671771639752473
precip,1998,4,Amazonia,394.62591040637534,1998-04-01,351.4130242896355,43.21288611673987,12.2968937204569,1.5053326867472956
precip,1998,5,Amazonia,387.3031161051269,1998-05-01,389.22685040730715,-1.9237343021802644,-0.49424501422940614,0.2648364413408162
precip,1998,6,Amazonia,386.1848960927837,1998-06-01,360.2172163882724,25.967679704511283,7.208894667744346,1.1129850437834286
precip,1998,7,Amazonia,368.0173080323623,1998-07-01,340.42911418885626,27.58819384350602,8.103946664268323,2.782443309363187
precip,1998,8,Amazonia,286.7962168510129,1998-08-01,280.7579006746239,6.038316176389003,2.1507199483539847,3.1080784137965547
precip,1998,9,Amazonia,225.88773869932365,1998-09-01,242.48506971261082,-16.597331013287175,-6.844681626360768,2.773359485542747
precip,1998,10,Amazonia,265.2426265953042,1998-10-01,252.78417985020735,12.458446745096865,4.928491471451806,4.079497939717662
precip,1998,11,Amazonia,233.39900280607173,1998-11-01,242.8176642637057,-9.41866145763396,-3.8789029151540935,4.243269046160692
precip,1998,12,Amazonia,186.5496002687944,1998-12-01,211.16751092177583,-24.617910652981436,-11.65800105590145,4.023570494082164
precip,1999,1,Amazonia,258.2519369237536,1999-01-01,168.78791583584416,89.46402108790943,53.003806963834,8.788187779726407
precip,1999,2,Amazonia,273.10660926712455,1999-02-01,188.11314122858911,84.99346803853544,45.18210024213783,8.609819663951235
precip,1999,3,Amazonia,258.73620875240965,1999-03-01,293.5934068392419,-34.85719808683223,-11.872609287141932,8.177201148288296
precip,1999,4,Amazonia,435.6925563585519,1999-04-01,351.4130242896355,84.27953206891641,23.98304167561331,9.151046811217997
precip,1999,5,Amazonia,361.3723071502047,1999-05-01,389.22685040730715,-27.854543257102478,-7.156377631181929,8.595869093138619
precip,1999,6,Amazonia,374.7759494941727,1999-06-01,360.2172163882724,14.55873310590033,4.041653880920479,8.331932360903297
precip,1999,7,Amazonia,360.31523015762815,1999-07-01,340.42911418885626,19.88611596877189,5.841485096289349,8.143393896905048
precip,1999,8,Amazonia,263.229121224128,1999-08-01,280.7579006746239,-17.528779450495904,-6.243378871396523,7.44388566192584
precip,1999,9,Amazonia,249.8889604429917,1999-09-01,242.48506971261082,7.40389073038088,3.05333880521215,8.26872069789025
precip,1999,10,Amazonia,245.6183162333672,1999-10-01,252.78417985020735,-7.1658636168401415,-2.834775349108645,7.621781796176879
precip,1999,11,Amazonia,198.7296141790853,1999-11-01,242.8176642637057,-44.08805008462039,-18.15685453457774,6.431952494558241
precip,1999,12,Amazonia,186.81400311726574,1999-12-01,211.16751092177583,-24.353507804510087,-11.532791052091113,6.442386661542436
precip,2000,1,Amazonia,120.39421597066347,2000-01-01,168.78791583584416,-48.39369986518069,-28.67130601473053,-0.3638727533379417
precip,2000,2,Amazonia,162.5609808084084,2000-02-01,188.11314122858911,-25.552160420180712,-13.583399997095652,-5.260997773274066
precip,2000,3,Amazonia,280.3651208454962,2000-03-01,293.5934068392419,-13.228285993745658,-4.505648180644893,-4.647084347732645
precip,2000,4,Amazonia,406.11001656982336,2000-04-01,351.4130242896355,54.696992280187885,15.56487338246931,-5.348598372161312
precip,2000,5,Amazonia,443.91706162848755,2000-05-01,389.22685040730715,54.69021122118039,14.050986247210261,-3.581318048961963
precip,2000,6,Amazonia,355.8334863173862,2000-06-01,360.2172163882724,-4.383730070886202,-1.2169685044040341,-4.019536581072339
precip,2000,7,Amazonia,381.4077455680303,2000-07-01,340.42911418885626,40.97863137917403,12.037346299482703,-3.503214814139559
precip,2000,8,Amazonia,317.18271489592433,2000-08-01,280.7579006746239,36.42481422130044,12.973745042891563,-1.9017878212822188
precip,2000,9,Amazonia,293.7802420982511,2000-09-01,242.48506971261082,51.295172385640285,21.153950817027393,-0.3934034869642818
precip,2000,10,Amazonia,272.4160016862776,2000-10-01,252.78417985020735,19.63182183607023,7.766238317486278,0.49001431858529504
precip,2000,11,Amazonia,185.35196164376669,2000-11-01,242.8176642637057,-57.46570261993901,-23.6661952886302,0.03090258908092351
precip,2000,12,Amazonia,239.69979078443686,2000-12-01,211.16751092177583,28.532279862661028,13.511680721202623,2.1179419035220683
precip,2001,1,Amazonia,183.40147583399425,2001-01-01,168.78791583584416,14.613559998150095,8.657942084173023,5.228712578430698
precip,2001,2,Amazonia,118.49853420627434,2001-02-01,188.11314122858911,-69.61460702231477,-37.00677505444519,3.2767646569849025
precip,2001,3,Amazonia,302.3273117315557,2001-03-01,293.5934068392419,8.73390489231383,2.9748300502865557,3.9001378428958566
precip,2001,4,Amazonia,323.20059422777695,2001-04-01,351.4130242896355,-28.212430061858527,-8.028282423193788,1.9340415257572652
precip,2001,5,Amazonia,421.4719273864063,2001-05-01,389.22685040730715,32.24507697909917,8.284391723067474,1.4534919820786996
precip,2001,6,Amazonia,334.11768553102036,2001-06-01,360.2172163882724,-26.099530857252034,-7.245497902332287,0.9511145322513449
precip,2001,7,Amazonia,369.97298110016294,2001-07-01,340.42911418885626,29.54386691130668,8.678419582796595,0.6712039725275027
precip,2001,8,Amazonia,247.44077035005557,2001-08-01,280.7579006746239,-33.317130324568325,-11.866854056292517,-1.398845952404504
precip,2001,9,Amazonia,255.01006059507318,2001-09-01,242.48506971261082,12.524990882462362,5.165262709702815,-2.7312366280148854
precip,2001,10,Amazonia,243.97769322793843,2001-10-01,252.78417985020735,-8.80648662226892,-3.483796583903072,-3.6687395364639976
precip,2001,11,Amazonia,244.60735348634992,2001-11-01,242.8176642637057,1.7896892226442276,0.7370506705395959,-1.6351357065331815
precip,2001,12,Amazonia,296.3076426113452,2001-12-01,211.16751092177583,85.14013168956939,40.318764623365006,0.5987879519803503
precip,2002,1,Amazonia,135.9865842520279,2002-01-01,168.78791583584416,-32.80133158381625,-19.43345968897288,-1.7421621957818083
precip,2002,2,Amazonia,184.23588493287426,2002-02-01,188.11314122858911,-3.877256295714858,-2.0611299510454395,1.169974896168171
precip,2002,3,Amazonia,323.82817957710716,2002-03-01,293.5934068392419,30.234772737865285,10.298178376471663,1.7802539233502632
precip,2002,4,Amazonia,377.9684266060215,2002-04-01,351.4130242896355,26.55540231638605,7.556749602569944,3.0790065921639074
precip,2002,5,Amazonia,464.61841183716496,2002-05-01,389.22685040730715,75.3915614298578,19.369568505092637,4.002771323999338
precip,2002,6,Amazonia,354.33855118756236,2002-06-01,360.2172163882724,-5.8786652007100315,-1.6319778548212178,4.470564661291927
precip,2002,7,Amazonia,391.86135896517436,2002-07-01,340.42911418885626,51.4322447763181,15.108062921958426,5.006368272888746
precip,2002,8,Amazonia,319.3063279623271,2002-08-01,280.7579006746239,38.54842728770319,13.730130904625105,7.139450352965215
precip,2002,9,Amazonia,226.06853147351376,2002-09-01,242.48506971261082,-16.416538239097065,-6.770123314624553,6.144834850937934
precip,2002,10,Amazonia,288.4859361544207,2002-10-01,252.78417985020735,35.70175630421335,14.123414022732428,7.612102401490891
precip,2002,11,Amazonia,272.01117197815904,2002-11-01,242.8176642637057,29.193507714453347,12.022810532741355,8.552582390007705
precip,2002,12,Amazonia,219.76014009256411,2002-12-01,211.16751092177583,8.592629170788285,4.069105675054014,5.531777477648457
precip,2003,1,Amazonia,126.56757135692892,2003-01-01,168.78791583584416,-42.22034447891524,-25.013843123684826,5.066745524755794
precip,2003,2,Amazonia,186.71239250726927,2003-02-01,188.11314122858911,-1.400748721319843,-0.7446309769596041,5.176453772596281
precip,2003,3,Amazonia,277.80486909239244,2003-03-01,293.5934068392419,-15.788537746849443,-5.377688115283362,3.8701315649500287
precip,2003,4,Amazonia,405.1628847273157,2003-04-01,351.4130242896355,53.74986043768024,15.29535239803163,4.515015131238503
precip,2003,5,Amazonia,468.8939046832051,2003-05-01,389.22685040730715,79.66705427589795,20.46802634312875,4.606553284408179
precip,2003,6,Amazonia,353.7317511357288,2003-06-01,360.2172163882724,-6.485465252543577,-1.800431783236312,4.592515457040254
precip,2003,7,Amazonia,350.72554127565195,2003-07-01,340.42911418885626,10.296427086795688,3.0245436296860464,3.5855555160175556
precip,2003,8,Amazonia,308.35226324496296,2003-08-01,280.7579006746239,27.594362570339058,9.828525752626541,3.260421753351009
precip,2003,9,Amazonia,246.15847518950588,2003-09-01,242.48506971261082,3.6734054768950557,1.5148996518625717,3.9508403338916023
precip,2003,10,Amazonia,278.2561467647145,2003-10-01,252.78417985020735,25.471966914507163,10.07656686806948,3.6136030710030234
precip,2003,11,Amazonia,239.81632422743957,2003-11-01,242.8176642637057,-3.0013400362661287,-1.2360468277162089,2.5086982909648934
precip,2003,12,Amazonia,222.93909159620452,2003-12-01,211.16751092177583,11.77158067442869,5.574522625684268,2.6341497035174144
precip,2004,1,Amazonia,94.69808991970467,2004-01-01,168.78791583584416,-74.08982591613949,-43.89521936404266,1.0607016834875946
precip,2004,2,Amazonia,133.8562597912825,2004-02-01,188.11314122858911,-54.25688143730662,-28.84268535571121,-1.2808028480750389
precip,2004,3,Amazonia,325.2603603287263,2004-03-01,293.5934068392419,31.6669534894844,10.785989314407102,0.0661702710658331
precip,2004,4,Amazonia,334.8969011556874,2004-04-01,351.4130242896355,-16.5161231339481,-4.699917758408257,-1.6001022419708242
precip,2004,5,Amazonia,407.2374377845568,2004-05-01,389.22685040730715,18.010587377249635,4.627272593964785,-2.9201650544011546
precip,2004,6,Amazonia,405.5364968715102,2004-06-01,360.2172163882724,45.31928048323783,12.581097854686906,-1.721704251240886
precip,2004,7,Amazonia,395.41260573308944,2004-07-01,340.42911418885626,54.983491544233175,16.151230682852397,-0.6278136634770238
precip,2004,8,Amazonia,302.4164308620883,2004-08-01,280.7579006746239,21.658530187464407,7.714308354429862,-0.8039984466600806
precip,2004,9,Amazonia,280.5621791838433,2004-09-01,242.48506971261082,38.07710947123246,15.702867610101027,0.37833221652645754
precip,2004,10,Amazonia,256.19937209906834,2004-10-01,252.78417985020735,3.41519224886099,1.3510308480873823,-0.34879578513871734
precip,2004,11,Amazonia,253.57818078927843,2004-11-01,242.8176642637057,10.76051652557274,4.4315213055861395,0.12350155930314503
precip,2004,12,Amazonia,187.68681931326847,2004-12-01,211.16751092177583,-23.480691608507357,-11.119462225041552,-1.2676638449240067
precip,2005,1,Amazonia,152.69064139032815,2005-01-01,168.78791583584416,-16.097274445516007,-9.536982766687824,1.5955225381888962
precip,2005,2,Amazonia,207.55761594759818,2005-02-01,188.11314122858911,19.444474719009065,10.336584989233026,4.860461733600916
precip,2005,3,Amazonia,295.58695806007717,2005-03-01,293.5934068392419,1.9935512208352861,0.6790177076172771,4.018214099701764
precip,2005,4,Amazonia,421.1133766768492,2005-04-01,351.4130242896355,69.70035238721374,19.834311072593184,6.062733168951884
precip,2005,5,Amazonia,369.77443924795347,2005-05-01,389.22685040730715,-19.452411159353687,-4.997705358455532,5.2606516729168575
precip,2005,6,Amazonia,341.9108132154245,2005-06-01,360.2172163882724,-18.306403172847865,-5.082045593599747,3.788723052226304
precip,2005,7,Amazonia,294.59491353920214,2005-07-01,340.42911418885626,-45.83420064965412,-13.463654763742436,1.3208159316767338
precip,2005,8,Amazonia,273.1061874557733,2005-08-01,280.7579006746239,-7.6517132188506025,-2.72537770102446,0.45084209372220707
precip,2005,9,Amazonia,214.32628092663532,2005-09-01,242.48506971261082,-28.158788785975503,-11.612586630322774,-1.825445759646443
precip,2005,10,Amazonia,260.5889482258943,2005-10-01,252.78417985020735,7.804768375686933,3.087522478784794,-1.680738123754992
precip,2005,11,Amazonia,234.04145242291045,2005-11-01,242.8176642637057,-8.776211840795241,-3.614321827617973,-2.3512250515220012
precip,2005,12,Amazonia,205.40222514540935,2005-12-01,211.16751092177583,-5.765285776366483,-2.730195450616528,-1.6521194869865827
precip,2006,1,Amazonia,270.4938690517733,2006-01-01,168.78791583584416,101.70595321592913,60.2566556452086,4.1640170473381195
precip,2006,2,Amazonia,140.48345854709635,2006-02-01,188.11314122858911,-47.62968268149277,-25.319699820234614,1.1926599798824833
precip,2006,3,Amazonia,336.97825615238105,2006-03-01,293.5934068392419,43.38484931313917,14.777187873600548,2.3675074937144225
precip,2006,4,Amazonia,304.36509882309986,2006-04-01,351.4130242896355,-47.04792546653562,-13.388213359946102,-0.40103620899718484
precip,2006,5,Amazonia,318.14692059463397,2006-05-01,389.22685040730715,-71.07992981267319,-18.261825909053155,-1.5063795882136535
precip,2006,6,Amazonia,338.50982074305267,2006-06-01,360.2172163882724,-21.70739564521972,-6.026196044394965,-1.5850587924465882
precip,2006,7,Amazonia,336.0491477864077,2006-07-01,340.42911418885626,-4.379966402448588,-1.2866015919010851,-0.5703043614598089
precip,2006,8,Amazonia,294.4111689850886,2006-08-01,280.7579006746239,13.653268310464682,4.863004131907845,0.06206079128454981
precip,2006,9,Amazonia,221.3655595409754,2006-09-01,242.48506971261082,-21.119510171635426,-8.709612594567538,0.30397529426415276
precip,2006,10,Amazonia,265.62152428541845,2006-10-01,252.78417985020735,12.837344435211094,5.078381266904493,0.4698801932741277
precip,2006,11,Amazonia,301.14404929488296,2006-11-01,242.8176642637057,58.32638503117727,24.020651548576566,2.7727946412903393
precip,2006,12,Amazonia,265.3337162546815,2006-12-01,211.16751092177583,54.16620533290569,25.650823413347347,5.137879546620662
precip,2007,1,Amazonia,183.58655535043914,2007-01-01,168.78791583584416,14.798639514594981,8.76759419731653,0.8471244259629893
precip,2007,2,Amazonia,92.32258834259757,2007-02-01,188.11314122858911,-95.79055288599154,-50.92177625676343,-1.2863819437477453
precip,2007,3,Amazonia,351.17268519636343,2007-03-01,293.5934068392419,57.57927835712155,19.6119112404487,-0.8834883298437326
precip,2007,4,Amazonia,358.5132861044381,2007-04-01,351.4130242896355,7.10026181480265,2.0204890894853675,0.40057020760888973
precip,2007,5,Amazonia,351.2212555667702,2007-05-01,389.22685040730715,-38.00559484053696,-9.76438156842621,1.108690569327802
precip,2007,6,Amazonia,400.9219249231245,2007-06-01,360.2172163882724,40.7047085348521,11.300045273509955,2.552544012486545
precip,2007,7,Amazonia,317.77621691924236,2007-07-01,340.42911418885626,-22.652897269613902,-6.654218551074628,2.105242599222083
precip,2007,8,Amazonia,296.76559848729187,2007-08-01,280.7579006746239,16.00769781266797,5.7016019047740425,2.175125746960933
precip,2007,9,Amazonia,253.15302795397284,2007-09-01,242.48506971261082,10.667958241362015,4.399428902573465,3.267545871722683
precip,2007,10,Amazonia,270.2370436572651,2007-10-01,252.78417985020735,17.452863807057724,6.90425477472514,3.4197019973744034
precip,2007,11,Amazonia,222.08984059894408,2007-11-01,242.8176642637057,-20.727823664761615,-8.536373878570346,0.7066165451121608
precip,2007,12,Amazonia,234.4472474579336,2007-12-01,211.16751092177583,23.27973653615777,11.024298403925137,-0.5122605390063567
precip,2008,1,Amazonia,169.24527865933717,2008-01-01,168.78791583584416,0.45736282349301405,0.2709689382845543,-1.220312643925688
precip,2008,2,Amazonia,199.58648071540918,2008-02-01,188.11314122858911,11.473339486820066,6.099169580544098,3.531432842516606
precip,2008,3,Amazonia,238.21411115496537,2008-03-01,293.5934068392419,-55.379295684276514,-18.862581513827948,0.32522511299355256
precip,2008,4,Amazonia,276.36994291789586,2008-04-01,351.4130242896355,-75.04308137173962,-21.354667068312448,-1.622704566822932
precip,2008,5,Amazonia,369.40200048668095,2008-05-01,389.22685040730715,-19.824849920626207,-5.093392169599928,-1.233455450254075
precip,2008,6,Amazonia,357.0218211575666,2008-06-01,360.2172163882724,-3.195395230705799,-0.8870745442831731,-2.2490487684035023
precip,2008,7,Amazonia,369.10092304452934,2008-07-01,340.42911418885626,28.671808855673078,8.422255224553773,-0.9926759537678024
precip,2008,8,Amazonia,288.1475328036003,2008-08-01,280.7579006746239,7.389632128976416,2.632029984274748,-1.2484736138094101
precip,2008,9,Amazonia,253.38517667498778,2008-09-01,242.48506971261082,10.900106962376952,4.4951662282942095,-1.2404955033326814
precip,2008,10,Amazonia,285.0084353624424,2008-10-01,252.78417985020735,32.22425551223506,12.747734265384103,-0.7535388791111014
precip,2008,11,Amazonia,255.84202554436672,2008-11-01,242.8176642637057,13.024361280661026,5.3638442327310525,0.40481263016401536
precip,2008,12,Amazonia,165.63195465755965,2008-12-01,211.16751092177583,-45.53555626421618,-21.563713123030663,-2.3108549970823016
precip,2009,1,Amazonia,299.8841230669189,2009-01-01,168.78791583584416,131.09620723107474,77.66919010871209,4.138996767119993
precip,2009,2,Amazonia,223.67719143055191,2009-02-01,188.11314122858911,35.5640502019628,18.90567026295441,5.206205157320852
precip,2009,3,Amazonia,316.60190652997915,2009-03-01,293.5934068392419,23.008499690737267,7.836858442579282,7.431158487021455
precip,2009,4,Amazonia,355.2333168451532,2009-04-01,351.4130242896355,3.8202925555177103,1.0871232115657203,9.301307677011302
precip,2009,5,Amazonia,353.16534980571333,2009-05-01,389.22685040730715,-36.06150060159382,-9.264905687738962,8.953681550499715
precip,2009,6,Amazonia,379.0966363679851,2009-06-01,360.2172163882724,18.879419979712736,5.241120946135709,9.464364508034622
precip,2009,7,Amazonia,332.12666331119163,2009-07-01,340.42911418885626,-8.302450877664626,-2.4388192817899714,8.559274965839311
precip,2009,8,Amazonia,317.4871062863983,2009-08-01,280.7579006746239,36.729205611774375,13.082162789905102,9.430119366308507
precip,2009,9,Amazonia,234.6888717085626,2009-09-01,242.48506971261082,-7.796198004048222,-3.21512496142057,8.787595100498942
precip,2009,10,Amazonia,211.29600185059778,2009-10-01,252.78417985020735,-41.488177999609576,-16.41248990510177,6.357576419625119
precip,2009,11,Amazonia,209.88326145366847,2009-11-01,242.8176642637057,-32.93440281003723,-13.563429542864597,4.780303604992149
precip,2009,12,Amazonia,194.18382381602814,2009-12-01,211.16751092177583,-16.98368710574769,-8.04275574003383,5.907050053575216
precip,2010,1,Amazonia,129.06534230695414,2010-01-01,168.78791583584416,-39.722573528890024,-23.534015057998868,-2.526550376984029
precip,2010,2,Amazonia,205.86335077028212,2010-02-01,188.11314122858911,17.75020954169301,9.435922140135611,-3.315696053885596
precip,2010,3,Amazonia,309.66448879278704,2010-03-01,293.5934068392419,16.07108195354516,5.473924679223106,-3.5126072008319436
precip,2010,4,Amazonia,381.5203075385005,2010-04-01,351.4130242896355,30.10728324886503,8.567492143959505,-2.889243123132461
precip,2010,5,Amazonia,355.60559095539537,2010-05-01,389.22685040730715,-33.62125945191178,-8.637959949764195,-2.8369976449678975
precip,2010,6,Amazonia,359.48408101654,2010-06-01,360.2172163882724,-0.7331353717323736,-0.20352591113861107,-3.290718216407424
precip,2010,7,Amazonia,306.3705730786339,2010-07-01,340.42911418885626,-34.058541110222336,-10.00459117351756,-3.9211992073847237
precip,2010,8,Amazonia,233.1226875827799,2010-08-01,280.7579006746239,-47.63521309184401,-16.966650974872987,-6.42526702111623
precip,2010,9,Amazonia,230.3749781071451,2010-09-01,242.48506971261082,-12.110091605465726,-4.994159689839214,-6.573519915151118
precip,2010,10,Amazonia,213.6930541538693,2010-10-01,252.78417985020735,-39.091125696338054,-15.4642294939115,-6.494498214218595
precip,2010,11,Amazonia,236.27258123444392,2010-11-01,242.8176642637057,-6.545083029261775,-2.695472361579782,-5.588835115778195
precip,2010,12,Amazonia,215.93227581686355,2010-12-01,211.16751092177583,4.764764895087723,2.256391087004272,-4.730572880191686
precip,2011,1,Amazonia,159.78458149851272,2011-01-01,168.78791583584416,-9.003334337331438,-5.334110734614255,-3.2139141865763015
precip,2011,2,Amazonia,212.80175434654012,2011-02-01,188.11314122858911,24.688613117951007,13.124342593349281,-2.9065458154751624
precip,2011,3,Amazonia,276.6586401607189,2011-03-01,293.5934068392419,-16.934766678522976,-5.7681018319991315,-3.8433813580770155
precip,2011,4,Amazonia,315.7886837019781,2011-04-01,351.4130242896355,-35.6243405876574,-10.137455963583106,-5.402127033705566
precip,2011,5,Amazonia,444.87725069489153,2011-05-01,389.22685040730715,55.650400287584375,14.29767762150759,-3.4908239027662513
precip,2011,6,Amazonia,413.54982239125883,2011-06-01,360.2172163882724,53.33260600298644,14.80567934473739,-2.2400567981099173
precip,2011,7,Amazonia,338.96687760524173,2011-07-01,340.42911418885626,-1.4622365836145264,-0.4295274765492991,-1.4421348233625624
precip,2011,8,Amazonia,233.73964125363966,2011-08-01,280.7579006746239,-47.018259420984236,-16.74690518343584,-1.4238226740761333
precip,2011,9,Amazonia,268.08245418789994,2011-09-01,242.48506971261082,25.597384475289118,10.556272394678444,-0.12795333369966175
precip,2011,10,Amazonia,239.33179029283386,2011-10-01,252.78417985020735,-13.452389557373493,-5.3216896584845585,0.7172583192525833
precip,2011,11,Amazonia,272.44808826960065,2011-11-01,242.8176642637057,29.63042400589495,12.202746491176034,1.9587765569822349
precip,2011,12,Amazonia,294.40452091748296,2011-12-01,211.16751092177583,83.23700999570713,39.4175266982908,5.055537857922779
precip,2012,1,Amazonia,200.83767160932027,2012-01-01,168.78791583584416,32.04975577347611,18.988181478966965,7.082395542387881
precip,2012,2,Amazonia,222.1557671004238,2012-02-01,188.11314122858911,34.04262587183467,18.096888739137665,7.496774387870246
precip,2012,3,Amazonia,381.8073743522952,2012-03-01,293.5934068392419,88.21396751305332,30.04630398984239,10.48130820635704
precip,2012,4,Amazonia,349.81376303229496,2012-04-01,351.4130242896355,-1.5992612573405154,-0.4550944748201479,11.288171663753952
precip,2012,5,Amazonia,381.3602659180835,2012-05-01,389.22685040730715,-7.866584489223669,-2.0210796046037593,9.928275228244674
precip,2012,6,Amazonia,312.8933926879247,2012-06-01,360.2172163882724,-47.3238237003477,-13.137579645648614,7.599670312379172
precip,2012,7,Amazonia,350.5182974763462,2012-07-01,340.42911418885626,10.08918328748996,2.963666404246756,7.882436469112178
precip,2012,8,Amazonia,282.5125331146657,2012-08-01,280.7579006746239,1.754632440041803,0.62496280098464,9.33009213448055
precip,2012,9,Amazonia,222.09493232575645,2012-09-01,242.48506971261082,-20.390137386854377,-8.40882179303675,7.749667618837617
precip,2012,10,Amazonia,270.9729543016857,2012-10-01,252.78417985020735,18.188774451478366,7.195376887215217,8.792756497645932
precip,2012,11,Amazonia,233.54106523654153,2012-11-01,242.8176642637057,-9.276599027164167,-3.820397109614547,7.457494530913384
precip,2012,12,Amazonia,230.96285913781088,2012-12-01,211.16751092177583,19.795348216035052,9.374239498124298,4.953887264232843
precip,2013,1,Amazonia,150.18929908281467,2013-01-01,168.78791583584416,-18.59861675302949,-11.018926716956265,2.4532949145725733
precip,2013,2,Amazonia,258.63458596263325,2013-02-01,188.11314122858911,70.52144473404414,37.48884542220722,4.069291304828369
precip,2013,3,Amazonia,327.8823472430877,2013-03-01,293.5934068392419,34.2889404038458,11.679056683524514,2.5386873626352133
precip,2013,4,Amazonia,334.56017119413883,2013-04-01,351.4130242896355,-16.85285309549664,-4.795739466277288,2.1769669466804515
precip,2013,5,Amazonia,417.7112170065365,2013-05-01,389.22685040730715,28.48436659922936,7.31819158144456,2.9552395455178115
precip,2013,6,Amazonia,350.1624969804807,2013-06-01,360.2172163882724,-10.054719407791708,-2.7912934058526195,3.8174300655008113
precip,2013,7,Amazonia,340.0627109308621,2013-07-01,340.42911418885626,-0.3664032579941363,-0.10762982445469416,3.5614887131090236
precip,2013,8,Amazonia,319.42836524594225,2013-08-01,280.7579006746239,38.67046457131835,13.77359799257594,4.657208312408299
precip,2013,9,Amazonia,271.4349860174957,2013-09-01,242.48506971261082,28.94991630488488,11.938844869581384,6.35284720095981
precip,2013,10,Amazonia,241.89961792114184,2013-10-01,252.78417985020735,-10.884561929065512,-4.30587148907633,5.394409836268847
precip,2013,11,Amazonia,237.5256605994935,2013-11-01,242.8176642637057,-5.292003664212189,-2.1794146155960665,5.5311583774370545
precip,2013,12,Amazonia,203.1103952948655,2013-12-01,211.16751092177583,-8.057115626910331,-3.815509114891723,4.43201265968572
precip,2014,1,Amazonia,182.73637863797455,2014-01-01,168.78791583584416,13.948462802130393,8.263898948604867,6.03891479848248
precip,2014,2,Amazonia,209.17480792864507,2014-02-01,188.11314122858911,21.06166670005595,11.196276114735909,3.847867356193204
precip,2014,3,Amazonia,299.0029151016166,2014-03-01,293.5934068392419,5.409508262374743,1.842516942261152,3.0281557110879245
precip,2014,4,Amazonia,369.23302328263696,2014-04-01,351.4130242896355,17.81999899300149,5.070955758974432,3.8503803131922347
precip,2014,5,Amazonia,428.3157227392703,2014-05-01,389.22685040730715,39.08887233196316,10.042696769521047,4.077422412198609
precip,2014,6,Amazonia,405.88170371319364,2014-06-01,360.2172163882724,45.664487324921254,12.676930820458129,5.366441097724504
precip,2014,7,Amazonia,331.94402141818966,2014-07-01,340.42911418885626,-8.485092770666597,-2.4924697732989465,5.167704435320816
precip,2014,8,Amazonia,321.6570829091228,2014-08-01,280.7579006746239,40.89918223449888,14.567419878914748,5.233856259182384
precip,2014,9,Amazonia,225.1928114772879,2014-09-01,242.48506971261082,-17.29225823532292,-7.131267197529898,3.6446802535897773
precip,2014,10,Amazonia,288.71796224831195,2014-10-01,252.78417985020735,35.9337823981046,14.21520224066155,5.188103064401267
precip,2014,11,Amazonia,246.758993609582,2014-11-01,242.8176642637057,3.941329345876312,1.623164178696627,5.5049846305923245
precip,2014,12,Amazonia,212.9843957764389,2014-12-01,211.16751092177583,1.8168848546630727,0.8603998061691001,5.8946437073473925
precip,2015,1,Amazonia,241.27148041625014,2015-01-01,168.78791583584416,72.48356458040598,42.94357461638448,8.784616679662362
precip,2015,2,Amazonia,179.52052256570144,2015-02-01,188.11314122858911,-8.592618662887674,-4.567792875483482,7.470944263810746
precip,2015,3,Amazonia,286.5158612612123,2015-03-01,293.5934068392419,-7.0775455780295715,-2.4106623013863886,7.116512660173449
precip,2015,4,Amazonia,330.8049115149394,2015-04-01,351.4130242896355,-20.608112774696053,-5.864356569126702,6.2052366328316895
precip,2015,5,Amazonia,349.06775755350026,2015-05-01,389.22685040730715,-40.1590928538069,-10.317657379438838,4.508540453751698
precip,2015,6,Amazonia,275.458432516399,2015-06-01,360.2172163882724,-84.75878387187339,-23.529909181384948,1.4913037869314423
precip,2015,7,Amazonia,309.0364057439695,2015-07-01,340.42911418885626,-31.39270844488675,-9.22151106837218,0.9305503456753396
precip,2015,8,Amazonia,257.1446054820024,2015-08-01,280.7579006746239,-23.61329519262148,-8.4105541236353,-0.9842808212038312
precip,2015,9,Amazonia,158.55297700095065,2015-09-01,242.48506971261082,-83.93209271166018,-34.613303330854585,-3.2744504989808885
precip,2015,10,Amazonia,220.8627202175391,2015-10-01,252.78417985020735,-31.921459632668245,-12.627949918220352,-5.51137984555438
precip,2015,11,Amazonia,199.6865059833526,2015-11-01,242.8176642637057,-43.131158280353105,-17.76277620128643,-7.126874877219635
precip,2015,12,Amazonia,115.41602140465271,2015-12-01,211.16751092177583,-95.75148951712312,-45.343854790518876,-10.977229426943632
precip,2016,1,Amazonia,87.26970949992298,2016-01-01,168.78791583584416,-81.51820633592118,-48.29623372753904,-18.58054678893726
precip,2016,2,Amazonia,158.42029251310046,2016-02-01,188.11314122858911,-29.69284871548865,-15.784569074526718,-19.51527813885753
precip,2016,3,Amazonia,302.522757813986,2016-03-01,293.5934068392419,8.929350974744125,3.041400374373333,-19.06093958254422
precip,2016,4,Amazonia,369.1868228340712,2016-04-01,351.4130242896355,17.77379854443575,5.05780870824712,-18.150759142763068
precip,2016,5,Amazonia,373.4228674378468,2016-05-01,389.22685040730715,-15.803982969460378,-4.060352710231134,-17.62931708699576
precip,2016,6,Amazonia,349.81098153088493,2016-06-01,360.2172163882724,-10.40623485738746,-2.8888777059924715,-15.909231130713053
precip,2016,7,Amazonia,406.8154505452311,2016-07-01,340.42911418885626,66.38633635637484,19.50078109933523,-13.5157067834041
precip,2016,8,Amazonia,283.32695543412143,2016-08-01,280.7579006746239,2.569054759497533,0.9150427301687454,-12.738573712253762
precip,2016,9,Amazonia,221.10794999898326,2016-09-01,242.48506971261082,-21.377119713627565,-8.815849874370972,-10.588785924213463
precip,2016,10,Amazonia,237.23259032247196,2016-10-01,252.78417985020735,-15.551589527735388,-6.152121361768293,-10.049133544509125
precip,2016,11,Amazonia,248.8562514404515,2016-11-01,242.8176642637057,6.038587176745807,2.4868813375075383,-8.361662082942962
precip,2016,12,Amazonia,225.03942295755715,2016-12-01,211.16751092177583,13.871912035781321,6.569150706578146,-4.03557829151821
precip,2017,1,Amazonia,229.36549733010182,2017-01-01,168.78791583584416,60.57758149425766,35.88976212797888,2.9799213631082835
precip,2017,2,Amazonia,174.17992096751368,2017-02-01,188.11314122858911,-13.933220261075434,-7.4068298312791585,3.6780663000455793
precip,2017,3,Amazonia,302.72832657545865,2017-03-01,293.5934068392419,9.134919736216773,3.111418554851482,3.6839011484187587
precip,2017,4,Amazonia,309.5413937279108,2017-04-01,351.4130242896355,-41.87163056172466,-11.915218750462122,2.2694821935263225
precip,2017,5,Amazonia,319.40147414916294,2017-05-01,389.22685040730715,-69.82537625814422,-17.939506533291656,1.112886041604612
precip,2017,6,Amazonia,296.21236910188793,2017-06-01,360.2172163882724,-64.00484728638446,-17.768403167436244,-0.12707441351570234
precip,2017,7,Amazonia,278.2456578154098,2017-07-01,340.42911418885626,-62.18345637344646,-18.266198095780258,-3.274322679775326
precip,2017,8,Amazonia,263.72088866526815,2017-08-01,280.7579006746239,-17.03701200935575,-6.068221755618657,-3.856261386924276
precip,2017,9,Amazonia,264.14621238957704,2017-09-01,242.48506971261082,21.66114267696622,8.932979957338668,-2.377192234281807
precip,2017,10,Amazonia,234.4858780641021,2017-10-01,252.78417985020735,-18.29830178610524,-7.238705284859318,-2.467740894539392
precip,2017,11,Amazonia,247.8326217124433,2017-11-01,242.8176642637057,5.0149574487376185,2.0653182147783355,-2.5028711547668254
precip,2017,12,Amazonia,154.10512424713468,2017-12-01,211.16751092177583,-57.06238667464115,-27.022332377530905,-5.302161411775913
precip,2018,1,Amazonia,200.25049270312095,2018-01-01,168.78791583584416,31.462576867276795,18.640301772477564,-6.739616441401023
precip,2018,2,Amazonia,65.00113903304135,2018-02-01,188.11314122858911,-123.11200219554776,-65.44572133105042,-11.576190733048628
precip,2018,3,Amazonia,276.8390671519033,2018-03-01,293.5934068392419,-16.754339687338586,-5.706647117083417,-12.311029539043204
precip,2018,4,Amazonia,333.4225797816402,2018-04-01,351.4130242896355,-17.990444507995278,-5.119458661033437,-11.744716198257478
precip,2018,5,Amazonia,401.17502433639396,2018-05-01,389.22685040730715,11.948173929086806,3.0697198604319356,-9.993947332113846
precip,2018,6,Amazonia,343.66716628440565,2018-06-01,360.2172163882724,-16.550050103866738,-4.594463937566966,-8.896119062958073
precip,2018,7,Amazonia,292.3689826857678,2018-07-01,340.42911418885626,-48.060131503088485,-14.117515071412686,-8.550395477594108
precip,2018,8,Amazonia,276.3700914983517,2018-08-01,280.7579006746239,-4.387809176272185,-1.562844417104154,-8.174947366051233
precip,2018,9,Amazonia,219.58033883179604,2018-09-01,242.48506971261082,-22.904730880814782,-9.445831410552856,-9.706514980042195
precip,2018,10,Amazonia,256.1417054638771,2018-10-01,252.78417985020735,3.3575256136697362,1.3282182514979022,-8.992604685345759
precip,2018,11,Amazonia,245.06141965989437,2018-11-01,242.8176642637057,2.243755396188675,0.924049493265821,-9.087710412138469
precip,2018,12,Amazonia,138.06469206089008,2018-12-01,211.16751092177583,-73.10281886088575,-34.61840249088588,-9.72071625491805
precip,2019,1,Amazonia,210.8914201414151,2019-01-01,168.78791583584416,42.10350430557094,24.94462005592805,-9.195356397963842
precip,2019,2,Amazonia,152.43999541845696,2019-02-01,188.11314122858911,-35.673145810132155,-18.96366493969886,-5.321851698684546
precip,2019,3,Amazonia,326.73233801683426,2019-03-01,293.5934068392419,33.13893117759238,11.28735537162036,-3.905684824625899
precip,2019,4,Amazonia,313.90672417549666,2019-04-01,351.4130242896355,-37.50630011413881,-10.67299659423722,-4.368479652392881
precip,2019,5,Amazonia,410.2993438747182,2019-05-01,389.22685040730715,21.07249346741105,5.413936229055036,-4.173128288340956
precip,2019,6,Amazonia,394.2687196844078,2019-06-01,360.2172163882724,34.05150329613542,9.45304714681706,-3.0025023646422864
precip,2019,7,Amazonia,362.1424876999857,2019-07-01,340.42911418885626,21.71337351112942,6.378236351161118,-1.294523079427803
precip,2019,8,Amazonia,276.5330360309839,2019-08-01,280.7579006746239,-4.2248646436399895,-1.5048070360578283,-1.289686631007276
precip,2019,9,Amazonia,238.56178555243574,2019-09-01,242.48506971261082,-3.9232841601750863,-1.6179487524014966,-0.6373630761613294
precip,2019,10,Amazonia,275.299201255657,2019-10-01,252.78417985020735,22.51502140544966,8.906815853267167,-0.005813276013890552
precip,2019,11,Amazonia,293.24849968502775,2019-11-01,242.8176642637057,50.43083542132206,20.76901430307516,1.647933791470221
precip,2019,12,Amazonia,297.69329892440305,2019-12-01,211.16751092177583,86.52578800262722,40.97495283480399,7.947380068611044
precip,2020,1,Amazonia,116.35682581049458,2020-01-01,168.78791583584416,-52.431090025349576,-31.063296069335788,3.280053724839057
precip,2020,2,Amazonia,136.3007212029561,2020-02-01,188.11314122858911,-51.812420025633,-27.54322196059243,2.565090639764593
precip,2020,3,Amazonia,246.42539628015606,2020-03-01,293.5934068392419,-47.168010559085815,-16.065759468812875,0.2856644030618236
precip,2020,4,Amazonia,264.19215293940096,2020-04-01,351.4130242896355,-87.22087135023452,-24.82004516666601,-0.8932563113072423
precip,2020,5,Amazonia,373.59183396272914,2020-05-01,389.22685040730715,-15.635016444578014,-4.016941901160396,-1.6791628221585284
precip,2020,6,Amazonia,361.7777089351384,2020-06-01,360.2172163882724,1.5604925468659872,0.43320876289931604,-2.4308160208183405
precip,2020,7,Amazonia,363.38746389533327,2020-07-01,340.42911418885626,22.95834970647701,6.74394426022583,-2.4003403617296146
precip,2020,8,Amazonia,227.19542140453098,2020-08-01,280.7579006746239,-53.56247927009292,-19.07781727295631,-3.8647578814711543
precip,2020,9,Amazonia,235.0643733642464,2020-09-01,242.48506971261082,-7.42069634836443,-3.060269383661152,-3.984951267409459
precip,2020,10,Amazonia,203.06443019802768,2020-10-01,252.78417985020735,-49.71974965217967,-19.668853360064766,-6.366257035187119
precip,2020,11,Amazonia,250.78789648796135,2020-11-01,242.8176642637057,7.970232224255653,3.282393910024517,-7.823475401274674
precip,2020,12,Amazonia,220.3997218199627,2020-12-01,211.16751092177583,9.232210898186878,4.3719845244597435,-10.873722760470029
precip,2021,1,Amazonia,238.8175109342835,2021-01-01,168.78791583584416,70.02959509843933,41.4896971454681,-4.827639992569703
precip,2021,2,Amazonia,173.97889775233403,2021-02-01,188.11314122858911,-14.13424347625508,-7.513692761676653,-3.158512559326722
precip,2021,3,Amazonia,273.39213875637245,2021-03-01,293.5934068392419,-20.201268082869433,-6.880695414911245,-2.3930905548349197
precip,2021,4,Amazonia,361.13222162292084,2021-04-01,351.4130242896355,9.719197333285365,2.765747613632777,-0.09427448981002062
precip,2021,5,Amazonia,340.47309153998077,2021-05-01,389.22685040730715,-48.75375886732638,-12.525795385469404,-0.8033456135024379
precip,2021,6,Amazonia,342.9118995038539,2021-06-01,360.2172163882724,-17.305316884418517,-4.804133755163271,-1.239790823340987
precip,2021,7,Amazonia,261.1031831168418,2021-07-01,340.42911418885626,-79.32593107201444,-23.30174704975663,-3.7435984325061917
precip,2021,8,Amazonia,314.75988428231716,2021-08-01,280.7579006746239,34.00198360769326,12.110784247207654,-1.1445483058258616
precip,2021,9,Amazonia,234.3716375359055,2021-09-01,242.48506971261082,-8.113432176705317,-3.345951231686643,-1.1683551264946523
precip,2021,10,Amazonia,241.62122125419643,2021-10-01,252.78417985020735,-11.162958596010924,-4.416003644937659,0.10271568309927319
precip,2021,11,Amazonia,203.32040017478397,2021-11-01,242.8176642637057,-39.497264088921725,-16.266223550370192,-1.5263357719336195
precip,2021,12,Amazonia,156.00905757624187,2021-12-01,211.16751092177583,-55.15845334553396,-26.1207100963399,-4.067393657000256
precip,2022,1,Amazonia,118.00295998431737,2022-01-01,168.78791583584416,-50.78495585152679,-30.088028280957058,-10.032204109202352
precip,2022,2,Amazonia,236.12206433760406,2022-02-01,188.11314122858911,48.008923109014944,25.52130212459534,-7.279287868679687
precip,2022,3,Amazonia,349.4825050419998,2022-03-01,293.5934068392419,55.88909820275791,19.03622387316081,-5.119544594673682
precip,2022,4,Amazonia,344.98546961568593,2022-04-01,351.4130242896355,-6.427554673949544,-1.8290598895537629,-5.502445219939227
precip,2022,5,Amazonia,432.4125603707678,2022-05-01,389.22685040730715,43.185709963460624,11.09525458438154,-3.534024389118315
precip,2022,6,Amazonia,356.6824738327229,2022-06-01,360.2172163882724,-3.534742555549485,-0.9812808479813032,-3.215453313519818
precip,2022,7,Amazonia,422.3874406319997,2022-07-01,340.42911418885626,81.95832644314345,24.075005053086116,0.7326093617170777
precip,2022,8,Amazonia,293.10987451222127,2022-08-01,280.7579006746239,12.35197383759737,4.399510684442796,0.09000323148667284
precip,2022,9,Amazonia,189.9765435931513,2022-09-01,242.48506971261082,-52.50852611945953,-21.654333679880473,-1.435695305862813
precip,2022,10,Amazonia,366.7491074413666,2022-10-01,252.78417985020735,113.96492759115927,45.083884465670124,2.689295370021169
precip,2022,11,Amazonia,222.30933553303942,2022-11-01,242.8176642637057,-20.50832873066628,-8.445978917083128,3.3409824227950913
precip,2022,12,Amazonia,100.7400061039975,2022-12-01,211.16751092177583,-110.42750481777833,-52.293794786776985,1.1598920319253345
precip,2023,1,Amazonia,233.05797534366747,2023-01-01,168.78791583584416,64.2700595078233,38.07740571329146,6.840344864779378
precip,2023,2,Amazonia,150.95575906635528,2023-02-01,188.11314122858911,-37.15738216223383,-19.75267752138664,3.0675132276142123
precip,2023,3,Amazonia,354.7584358766082,2023-03-01,293.5934068392419,61.16502903736631,20.833243394616638,3.2172648544021976
precip,2023,4,Amazonia,333.424266519252,2023-04-01,351.4130242896355,-17.988757770383472,-5.118978673811786,2.9431049557140287
precip,2023,5,Amazonia,378.5251078587496,2023-05-01,389.22685040730715,-10.701742548557547,-2.74948723022543,1.7893764711634486
precip,2023,6,Amazonia,280.4036278896716,2023-06-01,360.2172163882724,-79.81358849860078,-22.157072140763805,0.024727196764906683
precip,2023,7,Amazonia,366.35048831177,2023-07-01,340.42911418885626,25.921374122913733,7.614323523614259,-1.3469962640244146
precip,2023,8,Amazonia,232.11377001873234,2023-08-01,280.7579006746239,-48.64413065589156,-17.326005978462646,-3.157455985933202
precip,2023,9,Amazonia,225.75494094576098,2023-09-01,242.48506971261082,-16.730128766849845,-6.899446958395463,-1.927882092476117
precip,2023,10,Amazonia,183.96394246582088,2023-10-01,252.78417985020735,-68.82023738438647,-27.224898894055542,-7.953614039119922
precip,2023,11,Amazonia,233.58384311270694,2023-11-01,242.8176642637057,-9.23382115099875,-3.8027798261705557,-7.566680781543874
precip,2023,12,Amazonia,239.31512037815293,2023-12-01,211.16751092177583,28.147609456377097,13.32951708977808,-2.0980714584976194
precip,2024,1,Amazonia,131.95833396069278,2024-01-01,168.78791583584416,-36.829581875151376,-21.820034741687454,-7.089524829745862
precip,2024,2,Amazonia,240.04489787491949,2024-02-01,188.11314122858911,51.93175664633037,27.60666070810255,-3.1429133106217626
precip,2024,3,Amazonia,279.5559295653411,2024-03-01,293.5934068392419,-14.037477273900777,-4.781264479003457,-5.277455633423438
precip,2024,4,Amazonia,273.0629916527137,2024-04-01,351.4130242896355,-78.35003263692175,-22.295711092468064,-6.7088500016447945
precip,2024,5,Amazonia,424.79081379772117,2024-05-01,389.22685040730715,35.56396339041402,9.137078635042274,-5.71830284620582
precip,2024,6,Amazonia,329.5754269410101,2024-06-01,360.2172163882724,-30.641789447262283,-8.506475552305082,-4.580753130500925
precip,2024,7,Amazonia,308.5616608244788,2024-07-01,340.42911418885626,-31.867453364377468,-9.360965920998959,-5.995360584218694
precip,2024,8,Amazonia,311.1318608198075,2024-08-01,280.7579006746239,30.373960145183617,10.818559361000716,-3.649980139263413
precip,2024,9,Amazonia,265.8063280411803,2024-09-01,242.48506971261082,23.321258328569456,9.617605882378413,-2.273559069198923
precip,2024,10,Amazonia,181.31716566916666,2024-10-01,252.78417985020735,-71.4670141810407,-28.271948910485616,-2.360813237234763
precip,2024,11,Amazonia,244.80646509613578,2024-11-01,242.8176642637057,1.988800832430087,0.8190511338871139,-1.9756606572299573
precip,2024,12,Amazonia,241.4085639077556,2024-12-01,211.16751092177583,30.241052985979763,14.32088338493612,-1.893046799300121
precip,2025,1,Amazonia,151.7693874668677,2025-01-01,168.78791583584416,-17.01852836897646,-10.082788382509532,-0.9149429360352938
precip,2025,2,Amazonia,205.67050639052096,2025-02-01,188.11314122858911,17.55736516193184,9.333407037521471,-2.437714075250384
precip,2025,3,Amazonia,271.9061469712536,2025-03-01,293.5934068392419,-21.687259867988303,-7.386834773119834,-2.6548449330934147
precip,2025,4,Amazonia,370.26790626303887,2025-04-01,351.4130242896355,18.854881973403394,5.36544768410836,-0.3497483683787128
precip,2025,5,Amazonia,400.6177148955087,2025-05-01,389.22685040730715,11.390864488201544,2.926536151419552,-0.867293575347273
precip,2025,6,Amazonia,403.35983546169814,2025-06-01,360.2172163882724,43.14261907342575,11.976834285156157,0.8396489111078304
precip,2025,7,Amazonia,319.37365321741004,2025-07-01,340.42911418885626,-21.055460971446223,-6.184976576288216,1.1043146898337255
precip,2025,8,Amazonia,294.6425132751157,2025-08-01,280.7579006746239,13.884612600491778,4.945404053502644,0.6148850808755529
precip,2025,9,Amazonia,248.4787821319147,2025-09-01,242.48506971261082,5.9937124193038755,2.4717861707558004,0.019400104907001836
precip,2025,10,Amazonia,252.13643647706073,2025-10-01,252.78417985020735,-0.6477433731466249,-0.2562436357886237,2.354042211131751
precip,2025,11,Amazonia,256.30849676043596,2025-11-01,242.8176642637057,13.490832496730263,5.555951844623175,2.7487839370264227
precip,2025,12,Amazonia,129.51647242193832,2025-12-01,211.16751092177583,-81.65103849983751,-38.66647769035079,-1.666829485914153
precip,2026,1,Amazonia,317.017397636031,2026-01-01,168.78791583584416,148.22948180018682,87.81996096471055,6.49173295968752
precip,2026,2,Amazonia,208.89770420998818,2026-02-01,188.11314122858911,20.784562981399063,11.048969171240579,6.63469647083078
precip,2026,3,Amazonia,256.39518522918837,2026-03-01,293.5934068392419,-37.19822161005351,-12.669978529327643,6.194434491146795
precip,2026,4,Amazonia,316.4754953254213,2026-04-01,351.4130242896355,-34.93752896421415,-9.94201311543267,4.9188127578517085
precip,1991,1,Andina,56.69867068344465,1991-01-01,87.15514374658639,-30.456473063141743,-34.94512400977439,
precip,1991,2,Andina,68.84008772035718,1991-02-01,95.00757326612866,-26.167485545771484,-27.542525975769244,
precip,1991,3,Andina,156.50566293113334,1991-03-01,156.31373844281748,0.19192448831586262,0.1227815867164307,
precip,1991,4,Andina,200.6631057650294,1991-04-01,237.5929883984579,-36.92988263342849,-15.54333858181658,
precip,1991,5,Andina,253.96482166622948,1991-05-01,265.7483508621921,-11.783529195962643,-4.434093065011408,
precip,1991,6,Andina,193.89369273376943,1991-06-01,195.81237188247158,-1.9186791487021537,-0.9798559356881509,
precip,1991,7,Andina,176.257114462287,1991-07-01,183.18206441109763,-6.924949948810621,-3.7803646176132357,
precip,1991,8,Andina,126.2951009056278,1991-08-01,185.80232721868228,-59.507226313054474,-32.027169521411174,
precip,1991,9,Andina,221.44963099148023,1991-09-01,215.69416369873983,5.755467292740406,2.6683463261338263,
precip,1991,10,Andina,212.2244999545792,1991-10-01,270.7908437013132,-58.56634374673399,-21.627889239613154,
precip,1991,11,Andina,257.65088671761055,1991-11-01,251.7817772392727,5.869109478337833,2.3310302845151156,
precip,1991,12,Andina,104.85725402173094,1991-12-01,146.52858942431806,-41.67133540258712,-28.439047674113006,-13.683104201953748
precip,1992,1,Andina,67.71650397636743,1992-01-01,87.15514374658639,-19.438639770218956,-22.3034911476241,-12.629634796774559
precip,1992,2,Andina,71.32513765344741,1992-02-01,95.00757326612866,-23.682435612681246,-24.926892455555773,-12.411665336756768
precip,1992,3,Andina,82.61410373891,1992-03-01,156.31373844281748,-73.69963470390748,-47.14853309638436,-16.3509415603485
precip,1992,4,Andina,176.84025480331476,1992-04-01,237.5929883984579,-60.75273359514313,-25.570086897201318,-17.186503919963894
precip,1992,5,Andina,253.35385300040122,1992-05-01,265.7483508621921,-12.39449786179091,-4.663998034824407,-17.205662667448312
precip,1992,6,Andina,147.65785307673553,1992-06-01,195.81237188247158,-48.154518805736046,-24.59217379514653,-19.173355822403177
precip,1992,7,Andina,186.79455116093087,1992-07-01,183.18206441109763,3.612486749833238,1.9720744830815349,-18.693985897345282
precip,1992,8,Andina,189.84695184411038,1992-08-01,185.80232721868228,4.044624625428099,2.1768428232159494,-15.84365153529302
precip,1992,9,Andina,213.3497612587861,1992-09-01,215.69416369873983,-2.3444024399537398,-1.0869104660746258,-16.15658960131039
precip,1992,10,Andina,216.5070664862962,1992-10-01,270.7908437013132,-54.28377721501698,-20.046385790980768,-16.024797647257692
precip,1992,11,Andina,238.66048000192816,1992-11-01,251.7817772392727,-13.12129723734455,-5.2113768443516655,-16.65333157466326
precip,1992,12,Andina,140.92937660823142,1992-12-01,146.52858942431806,-5.599212816086634,-3.8212425562034262,-14.601847814837457
precip,1993,1,Andina,129.1552685643236,1993-01-01,87.15514374658639,42.0001248177372,48.1900700432064,-8.72738438226825
precip,1993,2,Andina,74.11273163317057,1993-02-01,95.00757326612866,-20.89484163295809,-21.992816903583993,-8.482878086270603
precip,1993,3,Andina,180.98534543695297,1993-03-01,156.31373844281748,24.671606994135487,15.78339002055205,-3.238551159859234
precip,1993,4,Andina,254.8101976765727,1993-04-01,237.5929883984579,17.217209278114808,7.2465140466352915,-0.5038344145395163
precip,1993,5,Andina,300.28934870198265,1993-05-01,265.7483508621921,34.54099783979052,12.997633937417088,0.9679682498139416
precip,1993,6,Andina,165.10502149593592,1993-06-01,195.81237188247158,-30.707350386535666,-15.682027693820338,1.7104804249244576
precip,1993,7,Andina,172.40317654717165,1993-07-01,183.18206441109763,-10.778887863925974,-5.884248492655901,1.0557868436130045
precip,1993,8,Andina,171.75581921723304,1993-08-01,185.80232721868228,-14.04650800144924,-7.55992037974693,0.24438991003276458
precip,1993,9,Andina,259.9351961628596,1993-09-01,215.69416369873983,44.24103246411977,20.511001181242552,2.0442158806425295
precip,1993,10,Andina,228.2436072183094,1993-10-01,270.7908437013132,-42.547236483003786,-15.712213862716162,2.40539687466458
precip,1993,11,Andina,298.01301297808874,1993-11-01,251.7817772392727,46.231235738816025,18.361628965261318,4.3698140254656614
precip,1993,12,Andina,139.57439575990057,1993-12-01,146.52858942431806,-6.954193664417488,-4.745963700148308,4.2927539301369215
precip,1994,1,Andina,89.98569313295636,1994-01-01,87.15514374658639,2.8305493863699667,3.2477135194683573,0.5475575531587517
precip,1994,2,Andina,114.9942952802246,1994-02-01,95.00757326612866,19.986722014095946,21.036977713461347,4.133373771245863
precip,1994,3,Andina,184.7281079765764,1994-03-01,156.31373844281748,28.41436953375893,18.17778131136787,4.332906378813848
precip,1994,4,Andina,254.91239143399528,1994-04-01,237.5929883984579,17.31940303553739,7.289526156593349,4.336490721310353
precip,1994,5,Andina,267.3209573339939,1994-05-01,265.7483508621921,1.5726064718017483,0.5917652797090159,3.3026683331680133
precip,1994,6,Andina,170.09637592064314,1994-06-01,195.81237188247158,-25.71599596182844,-13.132978123192043,3.5150891307203715
precip,1994,7,Andina,170.15399263448407,1994-07-01,183.18206441109763,-13.028071776613558,-7.11208917668704,3.4127690737177763
precip,1994,8,Andina,201.93467965094575,1994-08-01,185.80232721868228,16.132352432263474,8.682535183359844,4.766307037310008
precip,1994,9,Andina,214.58767845276006,1994-09-01,215.69416369873983,-1.1064852459797692,-0.5129880322238101,3.014307936187811
precip,1994,10,Andina,275.9491570421532,1994-10-01,270.7908437013132,5.158313340840039,1.9049068536932308,4.4824013292219265
precip,1994,11,Andina,283.0518064165503,1994-11-01,251.7817772392727,31.270029177277564,12.419496565695102,3.9872236292580756
precip,1994,12,Andina,103.26109392183568,1994-12-01,146.52858942431806,-43.267495502482376,-29.528364172801936,1.9220235898702736
precip,1995,1,Andina,47.927875507014484,1995-01-01,87.15514374658639,-39.227268239571906,-45.00855205245224,-2.099331874456443
precip,1995,2,Andina,41.76019259142103,1995-02-01,95.00757326612866,-53.24738067470763,-56.04540653359784,-8.52286389504471
precip,1995,3,Andina,153.82460963706038,1995-03-01,156.31373844281748,-2.4891288057571046,-1.5923928571816963,-10.170378409090505
precip,1995,4,Andina,244.27287227427863,1995-04-01,237.5929883984579,6.679883875820735,2.811481904768235,-10.543548763409266
precip,1995,5,Andina,246.1750057498015,1995-05-01,265.7483508621921,-19.573345112390626,-7.365368420495179,-11.206643238426281
precip,1995,6,Andina,234.34389282801814,1995-06-01,195.81237188247158,38.53152094554656,19.677776524086813,-8.472413684486378
precip,1995,7,Andina,231.68374370253395,1995-07-01,183.18206441109763,48.50167929143632,26.477307943527013,-5.673297257801873
precip,1995,8,Andina,231.38473297988594,1995-08-01,185.80232721868228,45.58240576120366,24.5327421047611,-4.352446681018435
precip,1995,9,Andina,202.81377484945463,1995-09-01,215.69416369873983,-12.880388849285197,-5.971598224268712,-4.807330863688843
precip,1995,10,Andina,285.6541428403979,1995-10-01,270.7908437013132,14.863299139084745,5.488848491302465,-4.50866906055474
precip,1995,11,Andina,192.86237501634682,1995-11-01,251.7817772392727,-58.919402222925896,-23.40097955815672,-7.493708737542392
precip,1995,12,Andina,176.13649648170042,1995-12-01,146.52858942431806,29.607907057382363,20.20623222656138,-3.349159037595449
precip,1996,1,Andina,113.95586822947904,1996-01-01,87.15514374658639,26.800724482892647,30.750594090945267,2.9641031410210097
precip,1996,2,Andina,154.2684937835482,1996-02-01,95.00757326612866,59.260920517419535,62.374943891495825,12.83246567644548
precip,1996,3,Andina,174.33287363499457,1996-03-01,156.31373844281748,18.01913519217709,11.527544137631146,13.925793759346552
precip,1996,4,Andina,212.86784812262738,1996-04-01,237.5929883984579,-24.725140275830512,-10.406510917049854,12.824294357528375
precip,1996,5,Andina,290.06455762937986,1996-05-01,265.7483508621921,24.316206767187737,9.150087550231788,14.20058235508896
precip,1996,6,Andina,248.65858183113508,1996-06-01,195.81237188247158,52.8462099486635,26.988187437095284,14.809783264506331
precip,1996,7,Andina,200.54352221611575,1996-07-01,183.18206441109763,17.36145780501812,9.477706161262324,13.393149782650939
precip,1996,8,Andina,212.2621661943039,1996-08-01,185.80232721868228,26.459838975621608,14.240854445530912,12.53549247771509
precip,1996,9,Andina,211.07759921430605,1996-09-01,215.69416369873983,-4.6165644844337805,-2.140328882927838,12.854764922826831
precip,1996,10,Andina,279.73436645786785,1996-10-01,270.7908437013132,8.943522756554671,3.302741937027799,12.672589376637275
precip,1996,11,Andina,201.02472972512675,1996-11-01,251.7817772392727,-50.75704751414597,-20.1591425998676,12.942742456494704
precip,1996,12,Andina,143.44762185009736,1996-12-01,146.52858942431806,-3.0809675742206935,-2.102639209402894,11.083669836831014
precip,1997,1,Andina,99.38746785616608,1997-01-01,87.15514374658639,12.232324109579693,14.035114376205474,9.690713193936029
precip,1997,2,Andina,136.78509572889428,1997-02-01,95.00757326612866,41.77752246276562,43.97283398213035,8.157204034822241
precip,1997,3,Andina,90.47411859182984,1997-03-01,156.31373844281748,-65.83961985098765,-42.120174788777774,3.6865607909548306
precip,1997,4,Andina,197.1376779317344,1997-04-01,237.5929883984579,-40.45531046672349,-17.0271482923046,3.1348410096836012
precip,1997,5,Andina,220.64277451136536,1997-05-01,265.7483508621921,-45.105576350826766,-16.973040925554773,0.9579136367013877
precip,1997,6,Andina,213.30932926140042,1997-06-01,195.81237188247158,17.49695737892884,8.935572972595764,-0.5464709020069055
precip,1997,7,Andina,120.999222289002,1997-07-01,183.18206441109763,-62.18284212209562,-33.94592277470176,-4.165106646670579
precip,1997,8,Andina,122.72605581337922,1997-08-01,185.80232721868228,-63.07627140530306,-33.94805240036886,-8.180848883828894
precip,1997,9,Andina,204.95573086246267,1997-09-01,215.69416369873983,-10.738432836277156,-4.978545850352971,-8.417366964447654
precip,1997,10,Andina,215.75557147361351,1997-10-01,270.7908437013132,-55.035272227699664,-20.323904411038537,-10.386254160119849
precip,1997,11,Andina,219.39031166007817,1997-11-01,251.7817772392727,-32.391465579194545,-12.864896711096115,-9.77840033605556
precip,1997,12,Andina,58.07462868558081,1997-12-01,146.52858942431806,-88.45396073873724,-60.36634972482532,-14.633709545674094
precip,1998,1,Andina,48.736365647245385,1998-01-01,87.15514374658639,-38.418778099341004,-44.080907273870174,-19.47671134984706
precip,1998,2,Andina,107.45558588011164,1998-02-01,95.00757326612866,12.448012613982982,13.102126689537124,-22.0492702908965
precip,1998,3,Andina,136.39830122145906,1998-03-01,156.31373844281748,-19.915437221358417,-12.740682565559558,-19.600979272294982
precip,1998,4,Andina,246.4836462842366,1998-04-01,237.5929883984579,8.890657885778722,3.7419698054677224,-17.870219430813957
precip,1998,5,Andina,279.748208766838,1998-05-01,265.7483508621921,13.999857904645864,5.268088347199455,-16.01679199141777
precip,1998,6,Andina,193.34107649290178,1998-06-01,195.81237188247158,-2.4712953895698035,-1.2620731600417454,-16.86659583580423
precip,1998,7,Andina,224.86039289366337,1998-07-01,183.18206441109763,41.678328482565746,22.752406801700378,-12.141735037770717
precip,1998,8,Andina,208.4737002666333,1998-08-01,185.80232721868228,22.671373047951022,12.201877870597217,-8.295907515190212
precip,1998,9,Andina,221.28927008001506,1998-09-01,215.69416369873983,5.5951063812752295,2.5939998956531425,-7.664862036356369
precip,1998,10,Andina,280.84193150536885,1998-10-01,270.7908437013132,10.051087804055669,3.711753199137777,-5.6618905688416765
precip,1998,11,Andina,240.11805141752802,1998-11-01,251.7817772392727,-11.663725821744691,-4.632474180472737,-4.975855357956394
precip,1998,12,Andina,206.18246802836774,1998-12-01,146.52858942431806,59.65387860404968,40.711426240038215,3.4472926391155667
precip,1999,1,Andina,139.70765170596817,1999-01-01,87.15514374658639,52.552507959381785,60.297655078378675,12.145506168469637
precip,1999,2,Andina,224.507255896122,1999-02-01,95.00757326612866,129.49968262999334,136.30458939020343,22.412378060191827
precip,1999,3,Andina,156.4413468120914,1999-03-01,156.31373844281748,0.12760836927392916,0.0816360548632203,23.480904611893724
precip,1999,4,Andina,274.3818647240669,1999-04-01,237.5929883984579,36.78887632560898,15.483990741305801,24.459406356546904
precip,1999,5,Andina,233.55288061689697,1999-05-01,265.7483508621921,-32.195470245295155,-12.115021651438434,23.01081385666041
precip,1999,6,Andina,250.3308550064824,1999-06-01,195.81237188247158,54.51848312401083,27.842205576639117,25.436170418050484
precip,1999,7,Andina,176.24889540999067,1999-07-01,183.18206441109763,-6.933169001106961,-3.7848514391384556,23.22473223131391
precip,1999,8,Andina,200.6774752829718,1999-08-01,185.80232721868228,14.875148064289533,8.005899757532127,22.87506738855849
precip,1999,9,Andina,291.0479236610227,1999-09-01,215.69416369873983,75.35375996228288,34.93546541552674,25.570189515214622
precip,1999,10,Andina,305.13987881516783,1999-10-01,270.7908437013132,34.349035113854654,12.684710695662298,26.317935973258333
precip,1999,11,Andina,245.36762929254235,1999-11-01,251.7817772392727,-6.414147946730367,-2.547502848323645,26.49168358427076
precip,1999,12,Andina,201.67062643355922,1999-12-01,146.52858942431806,55.142037009241164,37.63227178114752,26.235087379363197
precip,2000,1,Andina,88.31080668006526,2000-01-01,87.15514374658639,1.1556629334788653,1.3259836239144855,21.320781424824517
precip,2000,2,Andina,136.2930647417073,2000-02-01,95.00757326612866,41.28549147557864,43.45494791234438,13.583311301669596
precip,2000,3,Andina,146.97149029512545,2000-03-01,156.31373844281748,-9.342248147692032,-5.976600803460153,13.07845823014265
precip,2000,4,Andina,207.2900572362534,2000-04-01,237.5929883984579,-30.302931162204487,-12.754135282554985,10.725281061487584
precip,2000,5,Andina,295.84352764206017,2000-05-01,265.7483508621921,30.09517677986804,11.32468994905423,12.67859036152864
precip,2000,6,Andina,229.8523934784116,2000-06-01,195.81237188247158,34.04002159594003,17.38399942183999,11.807073181962044
precip,2000,7,Andina,208.25209012469105,2000-07-01,183.18206441109763,25.070025713593424,13.685851720357956,13.26296511192008
precip,2000,8,Andina,190.42319386966838,2000-08-01,185.80232721868228,4.620866650986102,2.486979964221609,12.803055129144203
precip,2000,9,Andina,287.6509474001545,2000-09-01,215.69416369873983,71.95678370141468,33.360561300080775,12.671813119523705
precip,2000,10,Andina,266.2243917641972,2000-10-01,270.7908437013132,-4.566451937115971,-1.6863391223644342,11.474225634688144
precip,2000,11,Andina,198.47335421297444,2000-11-01,251.7817772392727,-53.30842302629827,-21.172470704914566,9.922144979972234
precip,2000,12,Andina,145.711884855119,2000-12-01,146.52858942431806,-0.8167045691990609,-0.5573687513185871,6.73967493560006
precip,2001,1,Andina,72.86231927091185,2001-01-01,87.15514374658639,-14.292824475674536,-16.39928965894723,5.262568828694916
precip,2001,2,Andina,63.60674768816579,2001-02-01,95.00757326612866,-31.40082557796287,-33.05086583993157,-1.112915650661413
precip,2001,3,Andina,166.02009647209076,2001-03-01,156.31373844281748,9.706358029273275,6.209536107297469,-0.09740424143161135
precip,2001,4,Andina,160.83787084441605,2001-04-01,237.5929883984579,-76.75511755404185,-32.30529573764982,-1.7266676126895142
precip,2001,5,Andina,258.8436240720115,2001-05-01,265.7483508621921,-6.904726790180632,-2.598219995638349,-2.886910108080562
precip,2001,6,Andina,174.58268487806387,2001-06-01,195.81237188247158,-21.229687004407708,-10.841851717699413,-5.239064369708846
precip,2001,7,Andina,192.4958794562957,2001-07-01,183.18206441109763,9.313815045198083,5.084457954516768,-5.955847183528945
precip,2001,8,Andina,129.17135568816707,2001-08-01,185.80232721868228,-56.63097153051521,-30.479150814867197,-8.703024748453013
precip,2001,9,Andina,239.73836274720784,2001-09-01,215.69416369873983,24.044199048468016,11.14735727483594,-10.55412508389008
precip,2001,10,Andina,261.7724683719197,2001-10-01,270.7908437013132,-9.018375329393507,-3.3303841467183894,-10.691128835919578
precip,2001,11,Andina,248.08574666529972,2001-11-01,251.7817772392727,-3.6960305739729904,-1.4679499900664323,-9.049085443015565
precip,2001,12,Andina,191.96097303496256,2001-12-01,146.52858942431806,45.43238361064451,31.005815171728184,-6.418820116095003
precip,2002,1,Andina,64.9923428721824,2002-01-01,87.15514374658639,-22.162800874403985,-25.429136963900696,-7.171307391507791
precip,2002,2,Andina,69.5083610858418,2002-02-01,95.00757326612866,-25.49921218028686,-26.83913640111639,-6.6536632716065265
precip,2002,3,Andina,166.7737337496952,2002-03-01,156.31373844281748,10.459995306877715,6.691667291102618,-6.613485672956098
precip,2002,4,Andina,272.47168338721383,2002-04-01,237.5929883984579,34.87869498875594,14.68001864190632,-2.6980428079930854
precip,2002,5,Andina,252.6860401058762,2002-05-01,265.7483508621921,-13.062310756315924,-4.9152932516558066,-2.8911322459945406
precip,2002,6,Andina,191.33335228747245,2002-06-01,195.81237188247158,-4.47901959499913,-2.2874037794136317,-2.1782615844707256
precip,2002,7,Andina,164.43727111467237,2002-07-01,183.18206441109763,-18.744793296425257,-10.2328758859045,-3.4547060711724975
precip,2002,8,Andina,159.96014772176676,2002-08-01,185.80232721868228,-25.84217949691552,-13.908426166535717,-2.073812350478208
precip,2002,9,Andina,194.63548933674528,2002-09-01,215.69416369873983,-21.058674361994548,-9.763210093810054,-3.8163596311987074
precip,2002,10,Andina,254.28151423142654,2002-10-01,270.7908437013132,-16.509329469886637,-6.096708900577416,-4.046886694020293
precip,2002,11,Andina,177.1686448876491,2002-11-01,251.7817772392727,-74.61313235162362,-29.634047852763164,-6.394061515911687
precip,2002,12,Andina,145.98786052303856,2002-12-01,146.52858942431806,-0.5407289012794934,-0.36902621079197623,-9.0086316311217
precip,2003,1,Andina,36.991097219776336,2003-01-01,87.15514374658639,-50.164046526810054,-57.55718408619438,-11.685968891312841
precip,2003,2,Andina,82.1850562164155,2003-02-01,95.00757326612866,-12.822517049713156,-13.496310461267763,-10.574066729658789
precip,2003,3,Andina,141.59146570898048,2003-03-01,156.31373844281748,-14.722272733837002,-9.418412533983817,-11.916573381749325
precip,2003,4,Andina,251.2335664516494,2003-04-01,237.5929883984579,13.640578053191518,5.7411534511765305,-12.661478814310138
precip,2003,5,Andina,233.1088843957817,2003-05-01,265.7483508621921,-32.639466466410425,-12.282095584230406,-13.27537900869136
precip,2003,6,Andina,238.13166654927392,2003-06-01,195.81237188247158,42.319294666802335,21.612165901449153,-11.283748201952791
precip,2003,7,Andina,180.34104229780704,2003-07-01,183.18206441109763,-2.8410221132905917,-1.5509281011894063,-10.560252553226535
precip,2003,8,Andina,185.42016372080892,2003-08-01,185.80232721868228,-0.3821634978733641,-0.20568283702042775,-9.418357275766928
precip,2003,9,Andina,227.75604957881356,2003-09-01,215.69416369873983,12.061885880073731,5.592124364069755,-8.13874607094361
precip,2003,10,Andina,306.80620541397417,2003-10-01,270.7908437013132,36.01536171266099,13.30006628746522,-6.5223481386067235
precip,2003,11,Andina,265.8684392857431,2003-11-01,251.7817772392727,14.086662046470366,5.594790139670656,-3.5866116392372382
precip,2003,12,Andina,162.8225141456825,2003-12-01,146.52858942431806,16.293924721364448,11.119962858702227,-2.6291958834460543
precip,2004,1,Andina,73.45785005829528,2004-01-01,87.15514374658639,-13.697293688291111,-15.715990014447764,0.8575702891994973
precip,2004,2,Andina,69.85332841775295,2004-02-01,95.00757326612866,-25.15424484837571,-26.47604183922831,-0.2240739922972148
precip,2004,3,Andina,103.10110128087837,2004-03-01,156.31373844281748,-53.212637161939114,-34.0422010835633,-2.2760563714288384
precip,2004,4,Andina,266.28911020573815,2004-04-01,237.5929883984579,28.696121807280264,12.077848761746758,-1.7479984288813195
precip,2004,5,Andina,291.56305441855227,2004-05-01,265.7483508621921,25.814703556360143,9.713965664361451,0.08500667516800187
precip,2004,6,Andina,154.91113201320758,2004-06-01,195.81237188247158,-40.901239869264,-20.887975298012993,-3.4566717581205104
precip,2004,7,Andina,213.5658311942901,2004-07-01,183.18206441109763,30.38376678319247,16.58664939762069,-1.945206966553002
precip,2004,8,Andina,161.31531080467082,2004-08-01,185.80232721868228,-24.487016414011464,-13.17906873426358,-3.0263224579899313
precip,2004,9,Andina,246.3304973358002,2004-09-01,215.69416369873983,30.636333637060375,14.203598795491827,-2.3086995887047586
precip,2004,10,Andina,302.098779183161,2004-10-01,270.7908437013132,31.307935481847835,11.561666950741145,-2.4535662000984324
precip,2004,11,Andina,261.9643133105995,2004-11-01,251.7817772392727,10.18253607132678,4.0441910383570505,-2.5827827918745654
precip,2004,12,Andina,123.19365044951354,2004-12-01,146.52858942431806,-23.334938974804516,-15.925178196611931,-4.836544546484079
precip,2005,1,Andina,114.65099871128031,2005-01-01,87.15514374658639,27.49585496469392,31.548172354165672,-0.8978643490996259
precip,2005,2,Andina,90.66570402281097,2005-02-01,95.00757326612866,-4.341869243317689,-4.570024361274384,0.9276371073965345
precip,2005,3,Andina,128.81798382147431,2005-03-01,156.31373844281748,-27.495754621343167,-17.59010749487105,2.298644906454222
precip,2005,4,Andina,253.7069248325893,2005-04-01,237.5929883984579,16.113936434131404,6.782159920943186,1.8573375030539243
precip,2005,5,Andina,288.7687964222847,2005-05-01,265.7483508621921,23.020445560092583,8.662497993084513,1.7697151971141796
precip,2005,6,Andina,214.62084910146802,2005-06-01,195.81237188247158,18.808477218996444,9.605356923149609,4.310826215544396
precip,2005,7,Andina,165.52024110224323,2005-07-01,183.18206441109763,-17.661823308854395,-9.64167718364484,2.125132333772269
precip,2005,8,Andina,179.55219174446452,2005-08-01,185.80232721868228,-6.250135474217757,-3.3638628577894965,2.9430661568117755
precip,2005,9,Andina,207.27807228949726,2005-09-01,215.69416369873983,-8.416091409242568,-3.9018632979783954,1.4342776490225908
precip,2005,10,Andina,327.66057332260766,2005-10-01,270.7908437013132,56.86972962129448,21.001348806321808,2.2209178036543125
precip,2005,11,Andina,284.4927865870109,2005-11-01,251.7817772392727,32.71100934773821,12.991809695843221,2.96655269177816
precip,2005,12,Andina,138.43556611434835,2005-12-01,146.52858942431806,-8.093023309969709,-5.523170148409673,3.833386695795015
precip,2006,1,Andina,123.75185007271646,2006-01-01,87.15514374658639,36.596706326130075,41.99030000172934,4.703563999758654
precip,2006,2,Andina,80.14597319980089,2006-02-01,95.00757326612866,-14.861600066327767,-15.642542542054494,3.780854151360311
precip,2006,3,Andina,213.146062349126,2006-03-01,156.31373844281748,56.83232390630852,36.35785598403998,8.276517774602896
precip,2006,4,Andina,278.74264855763863,2006-04-01,237.5929883984579,41.14966015918074,17.319391635484738,9.15462041748136
precip,2006,5,Andina,275.8009907528338,2006-05-01,265.7483508621921,10.052639890641672,3.7827666128602324,8.747976135796003
precip,2006,6,Andina,220.64807398704977,2006-06-01,195.81237188247158,24.83570210457819,12.683418246669731,9.004481246089346
precip,2006,7,Andina,171.43970186045715,2006-07-01,183.18206441109763,-11.742362550640479,-6.410214115879947,9.273769835069753
precip,2006,8,Andina,178.14588267179676,2006-08-01,185.80232721868228,-7.656444546885524,-4.120747388634255,9.210696124166025
precip,2006,9,Andina,200.0503061022098,2006-09-01,215.69416369873983,-15.64385759653004,-7.2527959627038525,8.931451735438904
precip,2006,10,Andina,291.2083579562975,2006-10-01,270.7908437013132,20.417514254984326,7.539957398820023,7.809669118147088
precip,2006,11,Andina,271.03281042969843,2006-11-01,251.7817772392727,19.251033190425716,7.645919971456519,7.364178307781529
precip,2006,12,Andina,163.12089117644697,2006-12-01,146.52858942431806,16.59230175212892,11.323593448429962,8.768075274184833
precip,2007,1,Andina,73.46867917166878,2007-01-01,87.15514374658639,-13.686464574917608,-15.703564914897711,3.960253197799245
precip,2007,2,Andina,35.29502807463774,2007-02-01,95.00757326612866,-59.71254519149092,-62.850300390504934,0.02627337709504059
precip,2007,3,Andina,190.61958992984685,2007-03-01,156.31373844281748,34.30585148702937,21.94679228376276,-1.174648597928061
precip,2007,4,Andina,290.5877437107561,2007-04-01,237.5929883984579,52.994755312298224,22.304848164720585,-0.759193887158407
precip,2007,5,Andina,312.94591640863683,2007-05-01,265.7483508621921,47.19756554644471,17.760247765721687,0.4055962089133809
precip,2007,6,Andina,171.4290895149904,2007-06-01,195.81237188247158,-24.383282367481172,-12.452370671510096,-1.6890528676016048
precip,2007,7,Andina,183.97977870654452,2007-07-01,183.18206441109763,0.7977142954468945,0.4354762012380547,-1.1185786745084378
precip,2007,8,Andina,251.68525093335592,2007-08-01,185.80232721868228,65.88292371467364,35.45861061101347,2.1797011587955395
precip,2007,9,Andina,195.15583106989115,2007-09-01,215.69416369873983,-20.53833262884868,-9.521969568696619,1.990603358296142
precip,2007,10,Andina,338.7167157299234,2007-10-01,270.7908437013132,67.92587202861023,25.08425731836546,3.452628351591595
precip,2007,11,Andina,218.6760071592013,2007-11-01,251.7817772392727,-33.10577008007141,-13.148596551771261,1.7197519746559469
precip,2007,12,Andina,170.97196419763645,2007-12-01,146.52858942431806,24.443374773318396,16.681642039517065,2.1662560239132054
precip,2008,1,Andina,88.38583467794614,2008-01-01,87.15514374658639,1.2306909313597458,1.41206918886867,3.592558865893737
precip,2008,2,Andina,119.44215249646716,2008-02-01,95.00757326612866,24.4345792303385,25.718559468826808,10.973297187504715
precip,2008,3,Andina,155.22715920377735,2008-03-01,156.31373844281748,-1.0865792390401339,-0.695127152523209,9.086470567814219
precip,2008,4,Andina,217.6160353275868,2008-04-01,237.5929883984579,-19.976953070871105,-8.408056654167142,6.527061832906909
precip,2008,5,Andina,307.81235130071656,2008-05-01,265.7483508621921,42.06400043852443,15.828508550307943,6.366083564955763
precip,2008,6,Andina,234.2416745790819,2008-06-01,195.81237188247158,38.42930269661031,19.625574383867807,9.03924565290392
precip,2008,7,Andina,245.27909754200923,2008-07-01,183.18206441109763,62.0970331309116,33.89907921965181,11.827879237771734
precip,2008,8,Andina,258.5175057880964,2008-08-01,185.80232721868228,72.71517856941412,39.13577383981371,12.13430950683842
precip,2008,9,Andina,212.00797547144828,2008-09-01,215.69416369873983,-3.6861882272915523,-1.7089883954579568,12.785391271274975
precip,2008,10,Andina,289.81421224652865,2008-10-01,270.7908437013132,19.023368545215476,7.025115135059208,11.280462755999453
precip,2008,11,Andina,323.2870005325434,2008-11-01,251.7817772392727,71.50522329327069,28.39968169154593,14.742819276275887
precip,2008,12,Andina,120.62913599837981,2008-12-01,146.52858942431806,-25.899453425938248,-17.675358459186764,11.879735901383901
precip,2009,1,Andina,148.32157181651192,2009-01-01,87.15514374658639,61.16642806992553,70.18108793185398,17.610487463299346
precip,2009,2,Andina,121.22137438905591,2009-02-01,95.00757326612866,26.21380112292725,27.591275328650866,17.76654711828468
precip,2009,3,Andina,205.4474879377407,2009-03-01,156.31373844281748,49.13374949492322,31.43277742851584,20.443872500037937
precip,2009,4,Andina,198.1593123963036,2009-04-01,237.5929883984579,-39.4336760021543,-16.597154767893077,19.76144765722744
precip,2009,5,Andina,227.35541532223525,2009-05-01,265.7483508621921,-38.39293553995688,-14.447102085636695,17.238480104232057
precip,2009,6,Andina,228.20227554081424,2009-06-01,195.81237188247158,32.38990365834266,16.541295806264674,16.981456889431794
precip,2009,7,Andina,156.83722298606673,2009-07-01,183.18206441109763,-26.344841425030893,-14.381779957402236,12.958051958010623
precip,2009,8,Andina,200.62480534560837,2009-08-01,185.80232721868228,14.822478126926086,7.977552460621546,10.361533509744609
precip,2009,9,Andina,147.68531064544723,2009-09-01,215.69416369873983,-68.0088530532926,-31.530224039015074,7.876430539448183
precip,2009,10,Andina,245.06619742662397,2009-10-01,270.7908437013132,-25.724646274689206,-9.499821309713088,6.499352502383826
precip,2009,11,Andina,209.69815616457967,2009-11-01,251.7817772392727,-42.08362107469304,-16.714323624263017,2.7398520593997464
precip,2009,12,Andina,110.59404358128926,2009-12-01,146.52858942431806,-35.9345458430288,-24.523914400738143,2.1691390642704644
precip,2010,1,Andina,39.485085142094945,2010-01-01,87.15514374658639,-47.670058604491444,-54.695634193545274,-8.237254446179472
precip,2010,2,Andina,83.31738383162714,2010-02-01,95.00757326612866,-11.69018943450152,-12.30448166669384,-11.5619008624582
precip,2010,3,Andina,154.2511529267418,2010-03-01,156.31373844281748,-2.0625855160756714,-1.3195164651699531,-14.291258686932016
precip,2010,4,Andina,270.03435569737553,2010-04-01,237.5929883984579,32.44136729891764,13.65417705193871,-11.7703143686127
precip,2010,5,Andina,294.49329277216884,2010-05-01,265.7483508621921,28.744941909976717,10.816602178985054,-9.66500567989422
precip,2010,6,Andina,242.30026151572972,2010-06-01,195.81237188247158,46.487889633258135,23.74103800814006,-9.065027163071273
precip,2010,7,Andina,301.08371665576266,2010-07-01,183.18206441109763,117.90165224466503,64.36309833263472,-2.5029539722348595
precip,2010,8,Andina,226.29677742326493,2010-08-01,185.80232721868228,40.49445020458265,21.794371906290614,-1.3515523517624366
precip,2010,9,Andina,281.09237189979126,2010-09-01,215.69416369873983,65.39820820105143,30.319878423967534,3.8026228534861137
precip,2010,10,Andina,268.5285401309507,2010-10-01,270.7908437013132,-2.2623035703624623,-0.8354431558468132,4.524654366308304
precip,2010,11,Andina,351.8780883109883,2010-11-01,251.7817772392727,100.09631107171558,39.75518489433501,9.23044674285814
precip,2010,12,Andina,235.31081840316273,2010-12-01,146.52858942431806,88.78222897884467,60.59037988944856,16.3233046003737
precip,2011,1,Andina,88.73545480804808,2011-01-01,87.15514374658639,1.5803110614616855,1.813216057627788,21.03237545463812
precip,2011,2,Andina,146.23405360641348,2011-02-01,95.00757326612866,51.22648034028482,53.918312592610626,26.55094164291349
precip,2011,3,Andina,211.95311198105378,2011-03-01,156.31373844281748,55.6393735382363,35.594679068206304,29.62712460402818
precip,2011,4,Andina,358.9801316591669,2011-04-01,237.5929883984579,121.387143260709,51.09037269110625,32.74680757395881
precip,2011,5,Andina,284.2056751961963,2011-05-01,265.7483508621921,18.45732433400417,6.945414439683765,32.4242085956837
precip,2011,6,Andina,223.20038536515122,2011-06-01,195.81237188247158,27.38801348267964,13.986865701784248,31.611360903487384
precip,2011,7,Andina,208.18639232279585,2011-07-01,183.18206441109763,25.004327911698226,13.649986963561812,27.385268289397974
precip,2011,8,Andina,190.23099546891677,2011-08-01,185.80232721868228,4.4286682502344945,2.383537556567911,25.76769876025442
precip,2011,9,Andina,199.60814087436663,2011-09-01,215.69416369873983,-16.086022824373202,-7.457792342884419,22.619559529683418
precip,2011,10,Andina,295.54157260104125,2011-10-01,270.7908437013132,24.750728899728074,9.140164623523438,23.450860177964277
precip,2011,11,Andina,329.63459559146605,2011-11-01,251.7817772392727,77.85281835219334,30.92075177394924,22.714657417932127
precip,2011,12,Andina,222.46045959197667,2011-12-01,146.52858942431806,75.93187016765862,51.820515345148664,21.983835372573804
precip,2012,1,Andina,119.22593778358298,2012-01-01,87.15514374658639,32.07079403699659,36.797362333824054,24.89918089559016
precip,2012,2,Andina,78.65959611979497,2012-02-01,95.00757326612866,-16.34797714633369,-17.207025276333358,18.97206940651149
precip,2012,3,Andina,199.88181285773112,2012-03-01,156.31373844281748,43.56807441491364,27.87219783042401,18.328529303362966
precip,2012,4,Andina,321.4179306464547,2012-04-01,237.5929883984579,83.8249422479968,35.28089899160546,17.0110731617379
precip,2012,5,Andina,233.84220162537576,2012-05-01,265.7483508621921,-31.90614923681636,-12.006151358343436,15.431776011902302
precip,2012,6,Andina,159.24745757955606,2012-06-01,195.81237188247158,-36.564914302915525,-18.6734443546101,12.710083507202773
precip,2012,7,Andina,167.5042583751445,2012-07-01,183.18206441109763,-15.677806035953125,-8.558592287053255,10.859368569651515
precip,2012,8,Andina,194.4574491482481,2012-08-01,185.80232721868228,8.655121929565809,4.658241938691683,11.048927268161831
precip,2012,9,Andina,149.7252823476726,2012-09-01,215.69416369873983,-65.96888135106724,-30.584453570661292,9.121705499180427
precip,2012,10,Andina,291.056911535245,2012-10-01,270.7908437013132,20.2660678339318,7.48402994611059,8.983694276062687
precip,2012,11,Andina,209.29248077867896,2012-11-01,251.7817772392727,-42.48929646059375,-16.875445445845514,5.000677841079792
precip,2012,12,Andina,125.02956194779162,2012-12-01,146.52858942431806,-21.499027476526436,-14.672240796824617,-0.5403851707513153
precip,2013,1,Andina,45.223287266122604,2013-01-01,87.15514374658639,-41.931856480463786,-48.11174037230147,-7.616143729595109
precip,2013,2,Andina,126.77890854743085,2013-02-01,95.00757326612866,31.771335281302186,33.44084496538662,-3.3954878761184446
precip,2013,3,Andina,168.94527818981678,2013-03-01,156.31373844281748,12.631539746999294,8.080889033064839,-5.044763609231708
precip,2013,4,Andina,214.69276225395842,2013-04-01,237.5929883984579,-22.90022614449947,-9.638426747717991,-8.788040754175329
precip,2013,5,Andina,301.75833421257846,2013-05-01,265.7483508621921,36.009983350386335,13.550407080064952,-6.65832755097463
precip,2013,6,Andina,171.80895762604086,2013-06-01,195.81237188247158,-24.003414256430716,-12.258374701082621,-6.123738413180674
precip,2013,7,Andina,145.11601941995247,2013-07-01,183.18206441109763,-38.06604499114516,-20.780443278397197,-7.142225995792669
precip,2013,8,Andina,224.2673892311175,2013-08-01,185.80232721868228,38.465062012435226,20.702142211148576,-5.805234306421262
precip,2013,9,Andina,201.40875968257512,2013-09-01,215.69416369873983,-14.285404016164705,-6.622990521021764,-3.8084457189513006
precip,2013,10,Andina,230.03400703788085,2013-10-01,270.7908437013132,-40.756836663432324,-15.051039431890024,-5.686368167118019
precip,2013,11,Andina,254.59251403411324,2013-11-01,251.7817772392727,2.8107367948405226,1.1163384521547124,-4.187052842284666
precip,2013,12,Andina,151.17536464452792,2013-12-01,146.52858942431806,4.646775220209861,3.1712413519205533,-2.700095996555902
precip,2014,1,Andina,87.79746639761977,2014-01-01,87.15514374658639,0.6423226510333819,0.7369876560596458,1.3706313391408578
precip,2014,2,Andina,119.94496478940752,2014-02-01,95.00757326612866,24.937391523278862,26.2477933768774,0.7712103734317562
precip,2014,3,Andina,137.2051078947734,2014-03-01,156.31373844281748,-19.10863054804409,-12.224536843915603,-0.9209084496499472
precip,2014,4,Andina,201.27890680423923,2014-04-01,237.5929883984579,-36.31408159421866,-15.284155411740407,-1.3913858383184818
precip,2014,5,Andina,244.69991300152952,2014-05-01,265.7483508621921,-21.048437860662602,-7.92043969129938,-3.1806230692655095
precip,2014,6,Andina,163.27247951545374,2014-06-01,195.81237188247158,-32.53989236701784,-16.617893984016796,-3.543916342843357
precip,2014,7,Andina,109.05319369118688,2014-07-01,183.18206441109763,-74.12887071991075,-40.467319198647395,-5.18448933619754
precip,2014,8,Andina,183.99067851786134,2014-08-01,185.80232721868228,-1.811648700820939,-0.9750409093039493,-6.990921262901917
precip,2014,9,Andina,209.86457527335065,2014-09-01,215.69416369873983,-5.829588425389176,-2.7027103216067383,-6.664231246283999
precip,2014,10,Andina,281.4699046730222,2014-10-01,270.7908437013132,10.67906097170902,3.943656597003776,-5.081339910542849
precip,2014,11,Andina,228.55872358643725,2014-11-01,251.7817772392727,-23.22305365283546,-9.22348468084971,-5.942991838293217
precip,2014,12,Andina,136.71839276976445,2014-12-01,146.52858942431806,-9.810196654553607,-6.695073427715325,-6.765184736596208
precip,2015,1,Andina,114.39461723965154,2015-01-01,87.15514374658639,27.239473493065148,31.254005583729,-4.222099909290428
precip,2015,2,Andina,96.96829707540367,2015-02-01,95.00757326612866,1.9607238092750094,2.0637552795741505,-6.2374364173990315
precip,2015,3,Andina,129.89825722036153,2015-03-01,156.31373844281748,-26.415481222455952,-16.899014434434523,-6.626976216608942
precip,2015,4,Andina,202.62037158101379,2015-04-01,237.5929883984579,-34.972616817444106,-14.71954919763579,-6.579925698766892
precip,2015,5,Andina,182.70649753524071,2015-05-01,265.7483508621921,-83.04185332695141,-31.248304291458815,-8.523914415446843
precip,2015,6,Andina,122.07459890921542,2015-06-01,195.81237188247158,-73.73777297325616,-37.65736161835282,-10.277203384974845
precip,2015,7,Andina,144.06481174499413,2015-07-01,183.18206441109763,-39.1172526661035,-21.35430277623494,-8.684452016440476
precip,2015,8,Andina,151.60343372146622,2015-08-01,185.80232721868228,-34.19889349721606,-18.406063050526413,-10.13703719487568
precip,2015,9,Andina,168.40827820236865,2015-09-01,215.69416369873983,-47.28588549637118,-21.922654134682755,-11.73869917929868
precip,2015,10,Andina,224.9370190140448,2015-10-01,270.7908437013132,-45.85382468726837,-16.9332995386823,-13.478445523939186
precip,2015,11,Andina,239.6282876758875,2015-11-01,251.7817772392727,-12.153489563385222,-4.826993318041259,-13.11207124370515
precip,2015,12,Andina,121.75625447979907,2015-12-01,146.52858942431806,-24.772334944518988,-16.906144419900997,-13.96299382638729
precip,2016,1,Andina,59.06010033763271,2016-01-01,87.15514374658639,-28.09504340895368,-32.23566871812322,-19.253800018208306
precip,2016,2,Andina,58.74451549836177,2016-02-01,95.00757326612866,-36.26305776776689,-38.16859700877667,-22.60649604223754
precip,2016,3,Andina,102.17389986454184,2016-03-01,156.31373844281748,-54.13983857827564,-34.63536802178206,-24.084525507849836
precip,2016,4,Andina,221.21116980503905,2016-04-01,237.5929883984579,-16.381818593418842,-6.894908264694047,-23.43247209677136
precip,2016,5,Andina,228.93284670001694,2016-05-01,265.7483508621921,-36.81550416217519,-13.85352121385936,-21.98290684030474
precip,2016,6,Andina,144.8002111575281,2016-06-01,195.81237188247158,-51.01216072494347,-26.051551408386718,-21.01575598947423
precip,2016,7,Andina,185.91779776334414,2016-07-01,183.18206441109763,2.7357333522465126,1.4934504428921453,-19.111776554546974
precip,2016,8,Andina,174.14263734991442,2016-08-01,185.80232721868228,-11.659689868767856,-6.275319606220456,-18.100881267521476
precip,2016,9,Andina,204.97532927370477,2016-09-01,215.69416369873983,-10.718834425035055,-4.96945964657906,-16.688115060179502
precip,2016,10,Andina,279.92281624366615,2016-10-01,270.7908437013132,9.131972542352969,3.372334314385345,-14.995978905757198
precip,2016,11,Andina,281.7049022577228,2016-11-01,251.7817772392727,29.923125018450065,11.884547542141458,-13.60335050074197
precip,2016,12,Andina,182.40324721983959,2016-12-01,146.52858942431806,35.87465779552153,24.483043163430416,-10.154251535464354
precip,2017,1,Andina,108.08226614300014,2017-01-01,87.15514374658639,20.92712239641375,24.01134516771812,-5.467000378310907
precip,2017,2,Andina,63.107566309089314,2017-02-01,95.00757326612866,-31.900006957039345,-33.57627803804992,-5.084307130750345
precip,2017,3,Andina,258.9734075135163,2017-03-01,156.31373844281748,102.65966907069881,65.67539750081126,3.2749233294657647
precip,2017,4,Andina,206.7857116255798,2017-04-01,237.5929883984579,-30.807276772878083,-12.966408217911047,2.768965000031015
precip,2017,5,Andina,291.4356326451459,2017-05-01,265.7483508621921,25.68728178295379,9.666017380583604,4.7289265495679285
precip,2017,6,Andina,236.9790379101052,2017-06-01,195.81237188247158,41.166666027633624,21.02352656876157,8.651849714330286
precip,2017,7,Andina,145.93412621737713,2017-07-01,183.18206441109763,-37.2479381937205,-20.333834708909375,6.832909285013493
precip,2017,8,Andina,199.32732221038566,2017-08-01,185.80232721868228,13.52499499170338,7.279238744832822,7.9624558142679325
precip,2017,9,Andina,218.08083244802057,2017-09-01,215.69416369873983,2.3866687492807444,1.1065059472884977,8.468786280423563
precip,2017,10,Andina,246.6753430048484,2017-10-01,270.7908437013132,-24.11550069646478,-8.905582022952215,7.445626585645432
precip,2017,11,Andina,261.2160216986181,2017-11-01,251.7817772392727,9.434244459345365,3.746992559505144,6.767497003759073
precip,2017,12,Andina,126.61234005617126,2017-12-01,146.52858942431806,-19.916249368146794,-13.592056981094142,3.5945719917153593
precip,2018,1,Andina,150.71915881922308,2018-01-01,87.15514374658639,63.56401507263669,72.93202941349783,7.671295678863669
precip,2018,2,Andina,59.89232904521829,2018-02-01,95.00757326612866,-35.11524422091037,-36.96046853291155,7.389279804291866
precip,2018,3,Andina,145.0487008272317,2018-03-01,156.31373844281748,-11.265037615585783,-7.2066842798381066,1.315772989237752
precip,2018,4,Andina,262.80577396005464,2018-04-01,237.5929883984579,25.212785561596746,10.6117548887063,3.2806199147891975
precip,2018,5,Andina,319.00137473901424,2018-05-01,265.7483508621921,53.25302387682211,20.038891569429637,4.145026097193034
precip,2018,6,Andina,176.09576846916707,2018-06-01,195.81237188247158,-19.71660341330451,-10.069130578295942,1.5539713349382414
precip,2018,7,Andina,158.48038729891715,2018-07-01,183.18206441109763,-24.701677112180477,-13.484768386901086,2.124726861772265
precip,2018,8,Andina,155.48993611876833,2018-08-01,185.80232721868228,-30.312391099913953,-16.31432262107106,0.1585967479469419
precip,2018,9,Andina,216.87956788698978,2018-09-01,215.69416369873983,1.1854041882499473,0.5495763853423508,0.11218595111809616
precip,2018,10,Andina,319.59812085833613,2018-10-01,270.7908437013132,48.80727715702295,18.02397617655721,2.356315801077215
precip,2018,11,Andina,249.35289782147322,2018-11-01,251.7817772392727,-2.428879417799493,-0.9646764132144819,1.963676720017246
precip,2018,12,Andina,63.60140801556491,2018-12-01,146.52858942431806,-82.92718140875314,-56.59454017441763,-1.6198635460930444
precip,2019,1,Andina,63.26805834056389,2019-01-01,87.15514374658639,-23.8870854060225,-27.407545188012023,-9.981494762885532
precip,2019,2,Andina,90.52592033892613,2019-02-01,95.00757326612866,-4.481652927202532,-4.717153352237337,-7.294551831162681
precip,2019,3,Andina,155.00774576985313,2019-03-01,156.31373844281748,-1.3059926729643507,-0.8354944907431201,-6.7636193487381
precip,2019,4,Andina,233.61509733294815,2019-04-01,237.5929883984579,-3.9778910655097377,-1.6742459835719445,-7.787452754761286
precip,2019,5,Andina,306.1291076430517,2019-05-01,265.7483508621921,40.3807567808596,15.195110957358175,-8.191101139100574
precip,2019,6,Andina,157.63864701643942,2019-06-01,195.81237188247158,-38.17372486603216,-19.4950525848001,-8.976594639642586
precip,2019,7,Andina,148.9017141626051,2019-07-01,183.18206441109763,-34.28035024849254,-18.71381369060264,-9.412348414951051
precip,2019,8,Andina,118.26787501715151,2019-08-01,185.80232721868228,-67.53445220153077,-36.34747379780948,-11.081777679679254
precip,2019,9,Andina,210.86244873028753,2019-09-01,215.69416369873983,-4.831714968452303,-2.2400768224775716,-11.314248780330912
precip,2019,10,Andina,260.9381371043861,2019-10-01,270.7908437013132,-9.852706596927078,-3.6384932600582234,-13.119454566715532
precip,2019,11,Andina,224.79209179886473,2019-11-01,251.7817772392727,-26.989685440407982,-10.719475307682494,-13.932354474587868
precip,2019,12,Andina,149.35095718149674,2019-12-01,146.52858942431806,2.8223677571786823,1.9261550037895054,-9.05562987640394
precip,2020,1,Andina,60.19816426573182,2020-01-01,87.15514374658639,-26.95697948085457,-30.929877827102313,-9.349157596328128
precip,2020,2,Andina,63.78799632223355,2020-02-01,95.00757326612866,-31.219576943895106,-32.860093012211756,-11.694402567992663
precip,2020,3,Andina,92.05303750915962,2020-03-01,156.31373844281748,-64.26070093365786,-41.11007872616753,-15.050617920944697
precip,2020,4,Andina,175.04262862190527,2020-04-01,237.5929883984579,-62.550359776552625,-26.32668590019663,-17.104987913996755
precip,2020,5,Andina,195.40464097756862,2020-05-01,265.7483508621921,-70.34370988462351,-26.470045686605715,-20.577084300993743
precip,2020,6,Andina,202.2634808329046,2020-06-01,195.81237188247158,6.451108950433024,3.2945359317260303,-18.67795192461657
precip,2020,7,Andina,239.1267469795923,2020-07-01,183.18206441109763,55.94468256849467,30.540480449517958,-14.573427412939852
precip,2020,8,Andina,195.8228319098782,2020-08-01,185.80232721868228,10.020504691195924,5.393099667369705,-11.095046290841585
precip,2020,9,Andina,211.1239168327054,2020-09-01,215.69416369873983,-4.570246866034438,-2.118855136209297,-11.084944483652563
precip,2020,10,Andina,241.32330139556012,2020-10-01,270.7908437013132,-29.467542305753057,-10.882030538025225,-11.688572590149812
precip,2020,11,Andina,287.9161711628319,2020-11-01,251.7817772392727,36.1343939235592,14.351473057249905,-9.599326893072112
precip,2020,12,Andina,133.8764325520262,2020-12-01,146.52858942431806,-12.652156872291869,-8.634599515357174,-10.47938976966767
precip,2021,1,Andina,71.10062117690582,2021-01-01,87.15514374658639,-16.05452256968057,-18.420625426722882,-9.436952069636051
precip,2021,2,Andina,96.43473922004391,2021-02-01,95.00757326612866,1.4271659539152495,1.5021602013952833,-6.573430968502131
precip,2021,3,Andina,192.531305340666,2021-03-01,156.31373844281748,36.21756689784851,23.169791253567634,-1.2167751368575337
precip,2021,4,Andina,256.0156805226802,2021-04-01,237.5929883984579,18.422692124222323,7.753887119482814,1.62327261478242
precip,2021,5,Andina,233.9387849983128,2021-05-01,265.7483508621921,-31.809565863879328,-11.969807436500204,2.8316258022912124
precip,2021,6,Andina,216.94267401581743,2021-06-01,195.81237188247158,21.13030213334585,10.791096563616755,3.456339188282106
precip,2021,7,Andina,169.6827864026787,2021-07-01,183.18206441109763,-13.49927800841894,-7.369323002127451,0.29718890064498865
precip,2021,8,Andina,221.1117676514724,2021-08-01,185.80232721868228,35.309440432790126,19.003766508926585,1.4314111374413951
precip,2021,9,Andina,180.3291439068228,2021-09-01,215.69416369873983,-35.365019791917035,-16.395909460633984,0.24165661040600503
precip,2021,10,Andina,270.9368069930063,2021-10-01,270.7908437013132,0.1459632916931355,0.05390259496888138,1.152984371488847
precip,2021,11,Andina,213.03745539909872,2021-11-01,251.7817772392727,-38.744321840173995,-15.388056381600077,-1.325309748415318
precip,2021,12,Andina,134.92620465416775,2021-12-01,146.52858942431806,-11.602384770150309,-7.918171338258145,-1.2656074003237323
precip,2022,1,Andina,72.06589953881247,2022-01-01,87.15514374658639,-15.089244207773916,-17.31308510218012,-1.1733123732785022
precip,2022,2,Andina,166.44245862583836,2022-02-01,95.00757326612866,71.4348853597097,75.18862223710443,4.96722612969726
precip,2022,3,Andina,218.9051858529633,2022-03-01,156.31373844281748,62.59144741014583,40.04219208988016,6.373259532723304
precip,2022,4,Andina,294.2147102992193,2022-04-01,237.5929883984579,56.6217219007614,23.831394302681748,7.713051797989881
precip,2022,5,Andina,262.89006658805266,2022-05-01,265.7483508621921,-2.8582842741394643,-1.0755604935519134,8.62090570990224
precip,2022,6,Andina,257.1235306543385,2022-06-01,195.81237188247158,61.3111587718669,31.311177216456187,10.330912430972191
precip,2022,7,Andina,216.29234539766233,2022-07-01,183.18206441109763,33.1102809865647,18.075067061291836,12.451278269590466
precip,2022,8,Andina,227.8188195382439,2022-08-01,185.80232721868228,42.01649231956162,22.613544700174725,12.752093118861145
precip,2022,9,Andina,245.7998791462921,2022-09-01,215.69416369873983,30.105715447552285,13.957593905786418,15.281551732729511
precip,2022,10,Andina,473.3212260567718,2022-10-01,270.7908437013132,202.53038235545864,74.792182625958,21.509741735311938
precip,2022,11,Andina,294.4128106207396,2022-11-01,251.7817772392727,42.63103338146689,16.93173900387313,24.203058017434703
precip,2022,12,Andina,89.25774186747077,2022-12-01,146.52858942431806,-57.270847556847286,-39.085101263755526,21.605813856976585
precip,2023,1,Andina,159.22291147832902,2023-01-01,87.15514374658639,72.06776773174263,82.68905842354866,29.939325817453987
precip,2023,2,Andina,74.61484009383587,2023-02-01,95.00757326612866,-20.392733172292793,-21.464323812555527,21.884913646648993
precip,2023,3,Andina,210.97499895913177,2023-03-01,156.31373844281748,54.661260516314286,34.96894198862143,21.46214280487743
precip,2023,4,Andina,221.98791742953654,2023-04-01,237.5929883984579,-15.605070968921353,-6.56798463376819,18.92886122683994
precip,2023,5,Andina,240.14627586506828,2023-05-01,265.7483508621921,-25.60207499712385,-9.633954421188562,18.215661732870213
precip,2023,6,Andina,165.8392063079439,2023-06-01,195.81237188247158,-29.973165574527684,-15.307084678243854,14.330806574978546
precip,2023,7,Andina,170.47313073919568,2023-07-01,183.18206441109763,-12.708933671901946,-6.937870098122994,12.246395145027309
precip,2023,8,Andina,170.19466693768328,2023-08-01,185.80232721868228,-15.607660280999,-8.40014251416204,9.661921210499244
precip,2023,9,Andina,133.52048073855698,2023-09-01,215.69416369873983,-82.17368296018284,-38.09731406314493,5.3240122130883
precip,2023,10,Andina,258.30562480869645,2023-10-01,270.7908437013132,-12.485218892616729,-4.610650316665852,-1.292890532130355
precip,2023,11,Andina,205.43622742367089,2023-11-01,251.7817772392727,-46.34554981560183,-18.40703101065127,-4.237788033340721
precip,2023,12,Andina,144.91841755185789,2023-12-01,146.52858942431806,-1.610171872460171,-1.0988789824471927,-1.072269509898361
precip,2024,1,Andina,28.766231072911665,2024-01-01,87.15514374658639,-58.388912673674724,-66.99422451008424,-13.545876421034436
precip,2024,2,Andina,94.8451971883878,2024-02-01,95.00757326612866,-0.16237607774085916,-0.17090856250587783,-11.771425150196963
precip,2024,3,Andina,102.4032168288216,2024-03-01,156.31373844281748,-53.91052161399588,-34.488665008621346,-17.559559066633863
precip,2024,4,Andina,233.77280331079544,2024-04-01,237.5929883984579,-3.820185087662452,-1.6078694549924044,-17.146216135069213
precip,2024,5,Andina,298.7250032236136,2024-05-01,265.7483508621921,32.976652361421486,12.408977235204757,-15.309305163703103
precip,2024,6,Andina,275.40616439932273,2024-06-01,195.81237188247158,79.59379251685115,40.64798957883218,-10.646382308946768
precip,2024,7,Andina,153.73024092818736,2024-07-01,183.18206441109763,-29.45182348291027,-16.077896915068287,-11.408051210358876
precip,2024,8,Andina,161.8553658498859,2024-08-01,185.80232721868228,-23.946961368796366,-12.88840765735496,-11.782073305624953
precip,2024,9,Andina,161.95662981725408,2024-09-01,215.69416369873983,-53.737533881485746,-24.91376352516473,-10.683444094126601
precip,2024,10,Andina,261.8064080588793,2024-10-01,270.7908437013132,-8.98443564243388,-3.3178506036725017,-10.57571078471049
precip,2024,11,Andina,273.76543180204607,2024-11-01,251.7817772392727,21.983654562773353,8.73123337352643,-8.314188752695681
precip,2024,12,Andina,166.1953498773484,2024-12-01,146.52858942431806,19.66676045303035,13.421790607755915,-7.10413295351209
precip,2025,1,Andina,92.59254499004157,2025-01-01,87.15514374658639,5.437401243455184,6.23876114445414,-1.0013841489672248
precip,2025,2,Andina,248.1811856687096,2025-02-01,95.00757326612866,153.17361240258094,161.22252904357592,12.448068984872926
precip,2025,3,Andina,214.15574102510368,2025-03-01,156.31373844281748,57.8420025822862,37.003786844651465,18.405773305978993
precip,2025,4,Andina,295.1780694506305,2025-04-01,237.5929883984579,57.585081052172626,24.23686045633592,20.559500798589685
precip,2025,5,Andina,270.3206914345432,2025-05-01,265.7483508621921,4.572340572351095,1.7205527550845094,19.668798758579666
precip,2025,6,Andina,233.7440641856178,2025-06-01,195.81237188247158,37.93169230314621,19.37144825859786,17.895753648560138
precip,2025,7,Andina,149.69942638393763,2025-07-01,183.18206441109763,-33.48263802715999,-18.278338621633928,17.712383506346338
precip,2025,8,Andina,204.7426611512217,2025-08-01,185.80232721868228,18.94033393253943,10.193808773044795,19.63590154221298
precip,2025,9,Andina,223.1370138610809,2025-09-01,215.69416369873983,7.442850162341074,3.450649769428397,21.99960265009574
precip,2025,10,Andina,273.05564141433575,2025-10-01,270.7908437013132,2.264797713022574,0.8363642145598852,22.345787218281774
precip,2025,11,Andina,238.38729104355951,2025-11-01,251.7817772392727,-13.394486195713199,-5.319879120157365,21.17486117714146
precip,2025,12,Andina,116.65865291656401,2025-12-01,146.52858942431806,-29.869936507754048,-20.38505702205088,18.35762387465756
precip,2026,1,Andina,212.70047521685362,2026-01-01,87.15514374658639,125.54533147026723,144.04810327122485,29.841735718555118
precip,2026,2,Andina,202.65260113204957,2026-02-01,95.00757326612866,107.64502786592091,113.30152341055285,25.84831858246986
precip,2026,3,Andina,153.65822568099583,2026-03-01,156.31373844281748,-2.6555127618216545,-1.6988351684731098,22.623100081376148
precip,2026,4,Andina,211.13022407187663,2026-04-01,237.5929883984579,-26.462764326581265,-11.137855752797552,19.67520706394836
precip,1991,1,Caribe,10.439442962880895,1991-01-01,23.077666385395542,-12.638223422514647,-54.76387088476421,
precip,1991,2,Caribe,19.615415228921577,1991-02-01,21.17020322940065,-1.5547880004790713,-7.344228034239278,
precip,1991,3,Caribe,45.09235654249297,1991-03-01,48.95335506963615,-3.860998527143181,-7.887096853016326,
precip,1991,4,Caribe,110.49464954682418,1991-04-01,129.95745851211072,-19.46280896528654,-14.976292386845042,
precip,1991,5,Caribe,184.72479156151985,1991-05-01,212.2606926182601,-27.535901056740244,-12.972680300380505,
precip,1991,6,Caribe,160.38784568674714,1991-06-01,180.0081609055736,-19.62031521882645,-10.899680947864706,
precip,1991,7,Caribe,124.03710068287678,1991-07-01,167.21724176454845,-43.180141081671664,-25.822780370024162,
precip,1991,8,Caribe,140.0702878490707,1991-08-01,197.94919627878417,-57.878908429713476,-29.23927427732468,
precip,1991,9,Caribe,203.8810356711092,1991-09-01,218.02516169453125,-14.144126023422047,-6.487382425721565,
precip,1991,10,Caribe,188.82988719419535,1991-10-01,246.0526878102097,-57.222800616014354,-23.256320069201028,
precip,1991,11,Caribe,154.61538334779394,1991-11-01,183.51217243589912,-28.89678908810518,-15.74652444278531,
precip,1991,12,Caribe,28.12984221309721,1991-12-01,64.83664057907046,-36.706798365973256,-56.61428173658701,-22.167534394062816
precip,1992,1,Caribe,19.137134829287138,1992-01-01,23.077666385395542,-3.9405315561084038,-17.075086754014816,-19.026802383167034
precip,1992,2,Caribe,13.588089361217133,1992-02-01,21.17020322940065,-7.582113868183516,-35.81502636523425,-21.399368910749953
precip,1992,3,Caribe,14.953854495707498,1992-03-01,48.95335506963615,-33.99950057392866,-69.45285062804044,-26.529848392001956
precip,1992,4,Caribe,111.23176286688239,1992-04-01,129.95745851211072,-18.725695645228328,-14.409096530218218,-26.482582070616388
precip,1992,5,Caribe,220.4609130388458,1992-05-01,212.2606926182601,8.200220420585708,3.8632778963618017,-25.079585554221197
precip,1992,6,Caribe,172.60822095015695,1992-06-01,180.0081609055736,-7.399939955416642,-4.110891371918637,-24.513853089559024
precip,1992,7,Caribe,185.6924778799591,1992-07-01,167.21724176454845,18.475236115410667,11.048643022963427,-21.441234473476726
precip,1992,8,Caribe,195.68397556838178,1992-08-01,197.94919627878417,-2.2652207104023887,-1.1443444848405129,-19.099990324103047
precip,1992,9,Caribe,212.4822287153759,1992-09-01,218.02516169453125,-5.542932979155353,-2.54233636891938,-18.771236486036198
precip,1992,10,Caribe,201.62604312205622,1992-10-01,246.0526878102097,-44.42664468815349,-18.05574451697172,-18.337855190017088
precip,1992,11,Caribe,164.57025058900058,1992-11-01,183.51217243589912,-18.941921846898538,-10.321888513152967,-17.88580219588106
precip,1992,12,Caribe,45.59859767778422,1992-12-01,64.83664057907046,-19.238042901286242,-29.67156029286373,-15.640575408904121
precip,1993,1,Caribe,46.852543608300614,1993-01-01,23.077666385395542,23.774877222905072,103.0211496512089,-5.632555708468811
precip,1993,2,Caribe,16.0226324650524,1993-02-01,21.17020322940065,-5.147570764348249,-24.31516933762559,-4.674234289501421
precip,1993,3,Caribe,71.53515444636726,1993-03-01,48.95335506963615,22.581799376731105,46.129216975237945,4.957604677438444
precip,1993,4,Caribe,146.74642489988634,1993-04-01,129.95745851211072,16.788966387775616,12.91881711137884,7.234930814238198
precip,1993,5,Caribe,256.43400008096114,1993-05-01,212.2606926182601,44.17330746270105,20.81087502251039,8.647230574750582
precip,1993,6,Caribe,142.59378214116688,1993-06-01,180.0081609055736,-37.414378764406706,-20.784823630320332,7.257736219883772
precip,1993,7,Caribe,148.62660540123275,1993-07-01,167.21724176454845,-18.590636363315696,-11.117655193411446,5.410544701852533
precip,1993,8,Caribe,165.14261737445455,1993-08-01,197.94919627878417,-32.806578904329626,-16.57323167815548,4.1248041024096205
precip,1993,9,Caribe,230.45089117482675,1993-09-01,218.02516169453125,12.425729480295502,5.699218101122123,4.811600308246411
precip,1993,10,Caribe,179.41925499269104,1993-10-01,246.0526878102097,-66.63343281751867,-27.08096115939026,4.0594989213782
precip,1993,11,Caribe,192.2821379842589,1993-11-01,183.51217243589912,8.769965548359778,4.778955767320084,5.3179026114176216
precip,1993,12,Caribe,49.65300398460174,1993-12-01,64.83664057907046,-15.183636594468723,-23.418296288734712,5.83900794509504
precip,1994,1,Caribe,19.043451877187277,1994-01-01,23.077666385395542,-4.034214508208265,-17.481033137567476,-4.202840620636326
precip,1994,2,Caribe,18.98422883211368,1994-02-01,21.17020322940065,-2.1859743972869694,-10.32571285971947,-3.0370525808108155
precip,1994,3,Caribe,61.46245152283449,1994-03-01,48.95335506963615,12.509096453198339,25.553093215785,-4.751729560765226
precip,1994,4,Caribe,131.74578001045361,1994-04-01,129.95745851211072,1.7883214983428957,1.376082233999861,-5.713624133880142
precip,1994,5,Caribe,207.12599725431528,1994-05-01,212.2606926182601,-5.1346953639448145,-2.41905145065144,-7.649451339976962
precip,1994,6,Caribe,140.60611411571355,1994-06-01,180.0081609055736,-39.40204678986004,-21.88903358138805,-7.741468835899272
precip,1994,7,Caribe,131.8390921645142,1994-07-01,167.21724176454845,-35.37814960003425,-21.15699866037064,-8.578080791479204
precip,1994,8,Caribe,207.5353432207168,1994-08-01,197.94919627878417,9.58614694193264,4.842730923964891,-6.793417241302507
precip,1994,9,Caribe,201.8781099149016,1994-09-01,218.02516169453125,-16.147051779629663,-7.406049675244746,-7.885522889333078
precip,1994,10,Caribe,236.4774108614938,1994-10-01,246.0526878102097,-9.575276948715896,-3.891555517614053,-5.9530724191850615
precip,1994,11,Caribe,200.66765353380703,1994-11-01,183.51217243589912,17.15548109790791,9.348415895354476,-5.572284075182196
precip,1994,12,Caribe,28.636828787803804,1994-12-01,64.83664057907046,-36.199811791266654,-55.83233719075832,-8.27345415035083
precip,1995,1,Caribe,18.962389438309447,1995-01-01,23.077666385395542,-4.115276947086095,-17.832292391965613,-8.302725754884007
precip,1995,2,Caribe,8.216808999703572,1995-02-01,21.17020322940065,-12.953394229697077,-61.18691487905854,-12.541159256495597
precip,1995,3,Caribe,35.45817481023422,1995-03-01,48.95335506963615,-13.495180259401934,-27.56742666606822,-16.967869246650032
precip,1995,4,Caribe,121.82093549352564,1995-04-01,129.95745851211072,-8.13652301858508,-6.260912695385497,-17.60428549076548
precip,1995,5,Caribe,204.40740938701722,1995-05-01,212.2606926182601,-7.8532832312428695,-3.699829268609141,-17.711016975595285
precip,1995,6,Caribe,213.91848633865044,1995-06-01,180.0081609055736,33.91032543307685,18.838215591161504,-14.317079544549491
precip,1995,7,Caribe,239.62093681979198,1995-07-01,167.21724176454845,72.40369505524353,43.29918033045427,-8.945731295314083
precip,1995,8,Caribe,280.94586609151435,1995-08-01,197.94919627878417,82.99666981273018,41.928268148076135,-5.855269859971479
precip,1995,9,Caribe,197.769303922995,1995-09-01,218.02516169453125,-20.255857771536256,-9.2906055494256,-6.012316182819883
precip,1995,10,Caribe,270.0721971440687,1995-10-01,246.0526878102097,24.01950933385899,9.761937391387573,-4.874525107069747
precip,1995,11,Caribe,123.443266262966,1995-11-01,183.51217243589912,-60.06890617293311,-32.73292739963351,-8.381303714985412
precip,1995,12,Caribe,70.79591610508344,1995-12-01,64.83664057907046,5.9592755260129735,9.19121575823386,-2.9626743025693982
precip,1996,1,Caribe,31.13115793320845,1996-01-01,23.077666385395542,8.053491547812907,34.897339329376365,1.4314616742091
precip,1996,2,Caribe,49.239615220006314,1996-02-01,21.17020322940065,28.069411990605666,132.58924199472762,17.579474747024616
precip,1996,3,Caribe,66.07092572797588,1996-03-01,48.95335506963615,17.117570658339723,34.96710416270749,22.79068564942259
precip,1996,4,Caribe,109.3140780732101,1996-04-01,129.95745851211072,-20.64338043890062,-15.884721566001437,21.988701576871264
precip,1996,5,Caribe,245.40373967414553,1996-05-01,212.2606926182601,33.14304705588543,15.614312121129037,23.59821335934944
precip,1996,6,Caribe,236.07825521210742,1996-06-01,180.0081609055736,56.07009430653383,31.14864016412366,24.624082073762953
precip,1996,7,Caribe,205.2072225888661,1996-07-01,167.21724176454845,37.989980824317655,22.718937606810755,22.909061846792664
precip,1996,8,Caribe,227.19577975702728,1996-08-01,197.94919627878417,29.24658347824311,14.774792738765823,20.64627222935014
precip,1996,9,Caribe,234.84790226209202,1996-09-01,218.02516169453125,16.82274056756077,7.715962890159727,22.063486265982245
precip,1996,10,Caribe,239.55067944031217,1996-10-01,246.0526878102097,-6.502008369897538,-2.6425268619348707,21.02978091153871
precip,1996,11,Caribe,169.56801294637862,1996-11-01,183.51217243589912,-13.944159489520501,-7.5984929524994875,23.124317115466543
precip,1996,12,Caribe,57.138097889408776,1996-12-01,64.83664057907046,-7.698542689661686,-11.873753206372644,21.36890303508267
precip,1997,1,Caribe,16.04880312860795,1997-01-01,23.077666385395542,-7.0288632567875915,-30.457426411345185,15.922672556689207
precip,1997,2,Caribe,39.5071675319251,1997-02-01,21.17020322940065,18.33696430252445,86.61685532172186,12.091640333938727
precip,1997,3,Caribe,17.00296565261641,1997-03-01,48.95335506963615,-31.950389417019743,-65.26700646272417,3.7387977818194216
precip,1997,4,Caribe,101.60241568210849,1997-04-01,129.95745851211072,-28.355042830002233,-21.81871141113446,3.244298628058337
precip,1997,5,Caribe,159.86717967669537,1997-05-01,212.2606926182601,-52.39351294156472,-24.683568255283024,-0.11385806997600145
precip,1997,6,Caribe,192.36514398438342,1997-06-01,180.0081609055736,12.356983078809833,6.864679366004912,-2.13752146981923
precip,1997,7,Caribe,109.42202019352054,1997-07-01,167.21724176454845,-57.79522157102791,-34.56295592556593,-6.911012597517288
precip,1997,8,Caribe,119.52110593445246,1997-08-01,197.94919627878417,-78.42809034433171,-39.62031259469048,-11.44393804197198
precip,1997,9,Caribe,194.97463839112456,1997-09-01,218.02516169453125,-23.050523303406692,-10.572414268267858,-12.967969471840945
precip,1997,10,Caribe,174.82800656152176,1997-10-01,246.0526878102097,-71.22468124868794,-28.94692266220087,-15.160002455196443
precip,1997,11,Caribe,152.22420084667152,1997-11-01,183.51217243589912,-31.287971589227595,-17.04953473871413,-15.947589270714332
precip,1997,12,Caribe,18.13464027109376,1997-12-01,64.83664057907046,-46.702000307976704,-72.03025926524069,-20.960631442286665
precip,1998,1,Caribe,9.643722887400772,1998-01-01,23.077666385395542,-13.43394349799477,-58.2118801513497,-23.273502587287044
precip,1998,2,Caribe,26.51170816213383,1998-02-01,21.17020322940065,5.34150493273318,25.231240696428607,-28.388970472728147
precip,1998,3,Caribe,44.038861456668464,1998-03-01,48.95335506963615,-4.914493612967689,-10.039135429996211,-23.786647886667485
precip,1998,4,Caribe,117.99094656783514,1998-04-01,129.95745851211072,-11.966511944275581,-9.208022441559539,-22.735757139202914
precip,1998,5,Caribe,277.26637803336786,1998-05-01,212.2606926182601,65.00568541510776,30.62539965042757,-18.12667648039369
precip,1998,6,Caribe,191.70181183475177,1998-06-01,180.0081609055736,11.693650929178176,6.496178212337986,-18.157384909865936
precip,1998,7,Caribe,199.28290475860234,1998-07-01,167.21724176454845,32.065662994053895,19.17605066061561,-13.679134361017475
precip,1998,8,Caribe,219.55302067145004,1998-08-01,197.94919627878417,21.60382439266587,10.913822737749266,-9.467956416647494
precip,1998,9,Caribe,237.63663336265736,1998-09-01,218.02516169453125,19.611471668126114,8.995049706970603,-7.837334418710957
precip,1998,10,Caribe,229.48922513851485,1998-10-01,246.0526878102097,-16.56346267169485,-6.731673130297569,-5.986063624385682
precip,1998,11,Caribe,170.97991554535156,1998-11-01,183.51217243589912,-12.532256890547558,-6.829114779797553,-5.134361961142635
precip,1998,12,Caribe,137.6899267189896,1998-12-01,64.83664057907046,72.85328613991913,112.36437528109143,10.231857584385041
precip,1999,1,Caribe,29.747856594023215,1999-01-01,23.077666385395542,6.670190208627673,28.903226596814108,17.49144981339869
precip,1999,2,Caribe,68.09488156708434,1999-02-01,21.17020322940065,46.924678337683694,221.654359333291,33.860043033137224
precip,1999,3,Caribe,68.88274974272906,1999-03-01,48.95335506963615,19.929394673092908,40.710988337251536,38.089220013741205
precip,1999,4,Caribe,167.96972547938304,1999-04-01,129.95745851211072,38.012266967272325,29.24977712128001,41.29403664397783
precip,1999,5,Caribe,181.2570625652557,1999-05-01,212.2606926182601,-31.0036300530044,-14.606392578188196,37.524720624926516
precip,1999,6,Caribe,242.50170900682767,1999-06-01,180.0081609055736,62.49354810125408,34.71706381914326,39.87646109216029
precip,1999,7,Caribe,182.37478513115937,1999-07-01,167.21724176454845,15.157543366610923,9.06458162248222,39.03383867231584
precip,1999,8,Caribe,242.64913362515844,1999-08-01,197.94919627878417,44.69993734637427,22.58151999941468,40.006146777454624
precip,1999,9,Caribe,289.7174786651492,1999-09-01,218.02516169453125,71.69231697061795,32.882588602807225,41.99677501877434
precip,1999,10,Caribe,297.53477945082085,1999-10-01,246.0526878102097,51.482091640611145,20.92319823806247,44.30134763280435
precip,1999,11,Caribe,193.41223302682187,1999-11-01,183.51217243589912,9.900060590922749,5.3947705263970125,45.3200047416539
precip,1999,12,Caribe,116.73693052851814,1999-12-01,64.83664057907046,51.90028994944768,80.04777774714212,42.62695494715812
precip,2000,1,Caribe,21.734149359115936,2000-01-01,23.077666385395542,-1.3435170262796063,-5.82171959609329,39.73320943108251
precip,2000,2,Caribe,36.57807966071801,2000-02-01,21.17020322940065,15.407876431317362,72.78095663209926,27.327092539316524
precip,2000,3,Caribe,30.179914630713203,2000-03-01,48.95335506963615,-18.77344043892295,-38.3496502174728,20.738705993089496
precip,2000,4,Caribe,112.88004107875165,2000-04-01,129.95745851211072,-17.077417433359074,-13.140775165103458,17.206159969224206
precip,2000,5,Caribe,217.58276234589752,2000-05-01,212.2606926182601,5.322069727637427,2.5073270335591027,18.63230327020315
precip,2000,6,Caribe,173.77737521440457,2000-06-01,180.0081609055736,-6.230785691169018,-3.461390672413727,15.450765395906734
precip,2000,7,Caribe,168.68062296867274,2000-07-01,167.21724176454845,1.463381204124289,0.8751377481664327,14.76831173971375
precip,2000,8,Caribe,176.05566320399444,2000-08-01,197.94919627878417,-21.89353307478973,-11.06017780640832,11.964836922561835
precip,2000,9,Caribe,258.0179938402379,2000-09-01,218.02516169453125,39.99283214570667,18.34321866103669,10.753222760747624
precip,2000,10,Caribe,216.51350747808152,2000-10-01,246.0526878102097,-29.539180332128183,-12.005225626680794,8.009187438685684
precip,2000,11,Caribe,142.85267277540385,2000-11-01,183.51217243589912,-40.65949966049527,-22.156295749099506,5.713265249060974
precip,2000,12,Caribe,93.53959311668409,2000-12-01,64.83664057907046,28.702952537613626,44.26964796642943,2.7317544340015836
precip,2001,1,Caribe,19.063393918407023,2001-01-01,23.077666385395542,-4.014272466988519,-17.394620408972152,1.767346032928345
precip,2001,2,Caribe,8.648646958018352,2001-02-01,21.17020322940065,-12.521556271382297,-59.147076368131756,-9.226656717090906
precip,2001,3,Caribe,56.49703040657358,2001-03-01,48.95335506963615,7.543675336937426,15.409925072973133,-4.746692109553746
precip,2001,4,Caribe,83.2104208238249,2001-04-01,129.95745851211072,-46.747037688285815,-35.971031000063356,-6.649213429133738
precip,2001,5,Caribe,209.13522032657517,2001-05-01,212.2606926182601,-3.125472291684929,-1.4724687143586823,-6.980863074793553
precip,2001,6,Caribe,119.39660785449466,2001-06-01,180.0081609055736,-60.61155305107893,-33.67155841499529,-9.498377053342017
precip,2001,7,Caribe,143.63661080736006,2001-07-01,167.21724176454845,-23.58063095718839,-14.101793994659523,-10.746454698577514
precip,2001,8,Caribe,159.19168374688346,2001-08-01,197.94919627878417,-38.757512531900716,-19.57952508042321,-11.45640030474542
precip,2001,9,Caribe,216.14201909778706,2001-09-01,218.02516169453125,-1.883142596744193,-0.8637271873154759,-13.056979125441435
precip,2001,10,Caribe,238.02612696809433,2001-10-01,246.0526878102097,-8.026560842115373,-3.2621309336423834,-12.328387901021566
precip,2001,11,Caribe,188.14093727340423,2001-11-01,183.51217243589912,4.628764837505116,2.5223203322504104,-10.271836560909072
precip,2001,12,Caribe,107.14349091186446,2001-12-01,64.83664057907046,42.306850332794,65.25145342963809,-8.523352772308352
precip,2002,1,Caribe,14.037536275460361,2002-01-01,23.077666385395542,-9.04013010993518,-39.172635391142194,-10.338187354155856
precip,2002,2,Caribe,14.504825741436996,2002-02-01,21.17020322940065,-6.665377487963653,-31.48471186477295,-8.032990312209288
precip,2002,3,Caribe,42.35850663086995,2002-03-01,48.95335506963615,-6.594848438766206,-13.471698577932061,-10.439792283118054
precip,2002,4,Caribe,130.1686317788774,2002-04-01,129.95745851211072,0.21117326676667858,0.16249414938119877,-7.428665187331009
precip,2002,5,Caribe,184.3789071539936,2002-05-01,212.2606926182601,-27.8817854642665,-13.13563294284093,-8.400595539704529
precip,2002,6,Caribe,168.14027692430537,2002-06-01,180.0081609055736,-11.867883981268221,-6.592969964008313,-6.14404650212228
precip,2002,7,Caribe,127.8895726659354,2002-07-01,167.21724176454845,-39.32766909861304,-23.518907909023326,-6.9288059949859315
precip,2002,8,Caribe,153.2368741471728,2002-08-01,197.94919627878417,-44.71232213161136,-22.587776546786383,-7.179493617182863
precip,2002,9,Caribe,218.3740245867639,2002-09-01,218.02516169453125,0.34886289223265976,0.1600103811510717,-7.094182153143983
precip,2002,10,Caribe,219.85139021073425,2002-10-01,246.0526878102097,-26.201297599475453,-10.648653275304012,-7.709725681615786
precip,2002,11,Caribe,118.52738352744738,2002-11-01,183.51217243589912,-64.98478890845173,-35.4117048726841,-10.870894448693662
precip,2002,12,Caribe,45.90867584685,2002-12-01,64.83664057907046,-18.92796473222046,-29.193315019363425,-18.741291819443788
precip,2003,1,Caribe,9.153354984454497,2003-01-01,23.077666385395542,-13.924311400941045,-60.336739288998906,-20.50496714426518
precip,2003,2,Caribe,16.69565510913765,2003-02-01,21.17020322940065,-4.474548120262998,-21.136065968648133,-19.64257998625478
precip,2003,3,Caribe,36.29486371142872,2003-03-01,48.95335506963615,-12.658491358207435,-25.858271287434192,-20.67479437871329
precip,2003,4,Caribe,161.33877660159104,2003-04-01,129.95745851211072,31.381318089480317,24.147377494732936,-18.67605409993398
precip,2003,5,Caribe,178.30318913160087,2003-05-01,212.2606926182601,-33.95750348665922,-15.99801784672871,-18.914586175257963
precip,2003,6,Caribe,223.60737284817353,2003-06-01,180.0081609055736,43.599211942599936,24.220686286257134,-16.34678148773584
precip,2003,7,Caribe,166.67863093487384,2003-07-01,167.21724176454845,-0.5386108296746102,-0.3221024482828184,-14.413714366007463
precip,2003,8,Caribe,177.17727731337052,2003-08-01,197.94919627878417,-20.771918965413647,-10.493560648844092,-13.40586304117894
precip,2003,9,Caribe,222.9389118485291,2003-09-01,218.02516169453125,4.913750153997853,2.2537537024659415,-13.231384431069367
precip,2003,10,Caribe,277.6449027655009,2003-10-01,246.0526878102097,31.592214955291183,12.839613838991884,-11.274028838211377
precip,2003,11,Caribe,220.53710227509913,2003-11-01,183.51217243589912,37.02492983920001,20.175735128487368,-6.6417421714470875
precip,2003,12,Caribe,96.0435166734571,2003-12-01,64.83664057907046,31.206876094386644,48.13154385494234,-0.19800393192160648
precip,2004,1,Caribe,16.80733840367378,2004-01-01,23.077666385395542,-6.270327981721763,-27.170546089919533,2.565845501335008
precip,2004,2,Caribe,11.619966234095784,2004-02-01,21.17020322940065,-9.550236995304864,-45.111692560616206,0.5678766186710019
precip,2004,3,Caribe,18.257010189905387,2004-03-01,48.95335506963615,-30.696344879730766,-62.70529330638362,-2.502708549574784
precip,2004,4,Caribe,154.41532522397148,2004-04-01,129.95745851211072,24.45786671186076,18.81990229101128,-2.9466648165515887
precip,2004,5,Caribe,232.31642148087803,2004-05-01,212.2606926182601,20.05572886261794,9.448630650935986,-0.8261107750795308
precip,2004,6,Caribe,144.336508644496,2004-06-01,180.0081609055736,-35.67165226107758,-19.81668613335246,-4.495891810046998
precip,2004,7,Caribe,187.8048177831034,2004-07-01,167.21724176454845,20.587576018554955,12.311873943922274,-3.4430604440299057
precip,2004,8,Caribe,179.08704060610822,2004-08-01,197.94919627878417,-18.862155672675954,-9.528786187194822,-3.3626625722258
precip,2004,9,Caribe,232.67207728666057,2004-09-01,218.02516169453125,14.646915592129318,6.717993225318961,-2.9906426119880485
precip,2004,10,Caribe,259.77852306668376,2004-10-01,246.0526878102097,13.725835256474056,5.5784130539802685,-3.5957426774056827
precip,2004,11,Caribe,209.1594453025544,2004-11-01,183.51217243589912,25.64727286665527,13.975788377533307,-4.112404906651855
precip,2004,12,Caribe,33.26467368533632,2004-12-01,64.83664057907046,-31.571966893734142,-48.69463718625438,-12.181253326751582
precip,2005,1,Caribe,39.15935163305323,2005-01-01,23.077666385395542,16.081685247657685,69.6850581817701,-4.109952970777446
precip,2005,2,Caribe,13.572831558000193,2005-02-01,21.17020322940065,-7.597371671400456,-35.887098432996694,-3.341236793475819
precip,2005,3,Caribe,39.30829640141446,2005-03-01,48.95335506963615,-9.645058668221694,-19.70254879262432,0.242325249337456
precip,2005,4,Caribe,159.9796833243928,2005-04-01,129.95745851211072,30.022224812282076,23.101578898208686,0.5991316332705731
precip,2005,5,Caribe,216.92682252209704,2005-05-01,212.2606926182601,4.666129903836946,2.198301459530588,-0.005062466013210106
precip,2005,6,Caribe,229.81878164412507,2005-06-01,180.0081609055736,49.81062073855148,27.6713125049261,3.9522707538433366
precip,2005,7,Caribe,158.80209504364683,2005-07-01,167.21724176454845,-8.415146720901618,-5.032463537911139,2.5069092970238853
precip,2005,8,Caribe,202.82096634154465,2005-08-01,197.94919627878417,4.871770062760476,2.4611214161735004,3.5060682639712453
precip,2005,9,Caribe,217.99526042635154,2005-09-01,218.02516169453125,-0.029901268179713725,-0.013714595117056961,2.945092612268244
precip,2005,10,Caribe,275.2111628029358,2005-10-01,246.0526878102097,29.1584749927261,11.85050049736388,3.467766565883545
precip,2005,11,Caribe,255.65381051539507,2005-11-01,183.51217243589912,72.14163807949595,39.31163645544824,5.5790872390431225
precip,2005,12,Caribe,38.63982573296988,2005-12-01,64.83664057907046,-26.19681484610058,-40.404337134266974,6.26994557670874
precip,2006,1,Caribe,37.42560249112978,2006-01-01,23.077666385395542,14.347936105734238,62.17238721682092,5.643889662962974
precip,2006,2,Caribe,20.668325394575415,2006-02-01,21.17020322940065,-0.5018778348252333,-2.370680287699071,8.436924508404443
precip,2006,3,Caribe,79.77361698202726,2006-03-01,48.95335506963615,30.82026191239111,62.95842617640667,15.325339089157026
precip,2006,4,Caribe,170.16562759310517,2006-04-01,129.95745851211072,40.20816908099445,30.939485537297926,15.978497975747795
precip,2006,5,Caribe,243.1934373190246,2006-05-01,212.2606926182601,30.932744700764516,14.57299715703626,17.009722617206602
precip,2006,6,Caribe,204.58389815014127,2006-06-01,180.0081609055736,24.575737244567676,13.65256837297466,15.841493939543982
precip,2006,7,Caribe,164.46854739518966,2006-07-01,167.21724176454845,-2.7486943693587875,-1.6437864542874763,16.123883696512618
precip,2006,8,Caribe,188.6611382686829,2006-08-01,197.94919627878417,-9.288058010101281,-4.692142319699207,15.527778385189896
precip,2006,9,Caribe,183.8708050337085,2006-09-01,218.02516169453125,-34.15435666082274,-15.665327981123308,14.223477269689374
precip,2006,10,Caribe,240.81532083640923,2006-10-01,246.0526878102097,-5.237366973800476,-2.128555075098496,13.058555971984175
precip,2006,11,Caribe,186.63753144485855,2006-11-01,183.51217243589912,3.1253590089594354,1.7030799469452766,9.924509596275596
precip,2006,12,Caribe,65.16751807798636,2006-12-01,64.83664057907046,0.33087749891589624,0.5103248656326973,13.3340647629339
precip,2007,1,Caribe,8.839433191262723,2007-01-01,23.077666385395542,-14.23823319413282,-61.6970232447044,3.011613891140126
precip,2007,2,Caribe,10.907299306412085,2007-02-01,21.17020322940065,-10.262903922988563,-48.47806046913947,-0.8306677906465746
precip,2007,3,Caribe,74.29642582006556,2007-03-01,48.95335506963615,25.343070750429412,51.76983419089232,-1.7630504561061044
precip,2007,4,Caribe,185.7377168140674,2007-04-01,129.95745851211072,55.78025830195668,42.92193687117891,-0.7645128449493553
precip,2007,5,Caribe,274.1131907524987,2007-05-01,212.2606926182601,61.85249813423863,29.139873883987157,0.4493935489632192
precip,2007,6,Caribe,177.31996416873613,2007-06-01,180.0081609055736,-2.6881967368374546,-1.4933749244000083,-0.8127683924846697
precip,2007,7,Caribe,176.7710807777284,2007-07-01,167.21724176454845,9.553839013179953,5.713429376279457,-0.1996670732707586
precip,2007,8,Caribe,281.55658656659006,2007-08-01,197.94919627878417,83.60739028780588,42.23679199487953,3.7110774529441364
precip,2007,9,Caribe,223.26631558832932,2007-09-01,218.02516169453125,5.241153893798071,2.4039215717410176,5.216848249016164
precip,2007,10,Caribe,310.8454715344186,2007-10-01,246.0526878102097,64.7927837242089,26.332890041089968,7.588635342031869
precip,2007,11,Caribe,157.28047997713165,2007-11-01,183.51217243589912,-26.23169245876747,-14.294252043651333,6.255524342815484
precip,2007,12,Caribe,66.50038307222218,2007-12-01,64.83664057907046,1.663742493151716,2.5660528958509596,6.42683501200034
precip,2008,1,Caribe,17.86310034317907,2008-01-01,23.077666385395542,-5.214566042216472,-22.595725040537264,9.685276529014267
precip,2008,2,Caribe,24.731390062479285,2008-02-01,21.17020322940065,3.5611868330786365,16.82169412588798,15.126922745266555
precip,2008,3,Caribe,52.32159964839586,2008-03-01,48.95335506963615,3.3682445787597075,6.88051835051628,11.38614642523522
precip,2008,4,Caribe,117.73395809636858,2008-04-01,129.95745851211072,-12.223500415742137,-9.405770592692093,7.0255041365793005
precip,2008,5,Caribe,216.72060951402767,2008-05-01,212.2606926182601,4.459916895767577,2.1011506373384488,4.772277199358576
precip,2008,6,Caribe,188.3461440322936,2008-06-01,180.0081609055736,8.337983126720019,4.6320028407455665,5.282725346454041
precip,2008,7,Caribe,216.11370465898,2008-07-01,167.21724176454845,48.89646289443155,29.241280611051224,7.243379616018355
precip,2008,8,Caribe,244.85227188055606,2008-08-01,197.94919627878417,46.90307560177189,23.69450166178769,5.698188754927368
precip,2008,9,Caribe,238.4331807991081,2008-09-01,218.02516169453125,20.40801910457685,9.360396270761601,6.277894979845748
precip,2008,10,Caribe,266.2052063377733,2008-10-01,246.0526878102097,20.152518527563586,8.190326513770103,4.7660146859024275
precip,2008,11,Caribe,253.5884874347754,2008-11-01,183.51217243589912,70.07631499887628,38.18619444623161,9.139385226726006
precip,2008,12,Caribe,33.11550944208077,2008-12-01,64.83664057907046,-31.72113113698969,-48.92469883337756,4.848489249290296
precip,2009,1,Caribe,33.644781597547464,2009-01-01,23.077666385395542,10.567115212151922,45.78935770923185,10.54724614510439
precip,2009,2,Caribe,24.445837724062123,2009-02-01,21.17020322940065,3.2756344946614746,15.472853326756711,10.434842745176782
precip,2009,3,Caribe,70.891995709012,2009-03-01,48.95335506963615,21.93864063937584,44.815397449609165,13.59608267010119
precip,2009,4,Caribe,99.33175437359198,2009-04-01,129.95745851211072,-30.625704138518742,-23.56594572497333,12.416068075744422
precip,2009,5,Caribe,183.26641153647483,2009-05-01,212.2606926182601,-28.99428108178526,-13.65975052853049,11.102659645255343
precip,2009,6,Caribe,196.4122670799262,2009-06-01,180.0081609055736,16.40410617435262,9.11297915151618,11.47607433781956
precip,2009,7,Caribe,145.33369071478776,2009-07-01,167.21724176454845,-21.883551049760683,-13.086898706638154,7.948726061345447
precip,2009,8,Caribe,183.29720349809404,2009-08-01,197.94919627878417,-14.651992780690136,-7.401895565190789,5.357359625763906
precip,2009,9,Caribe,150.14847905843092,2009-09-01,218.02516169453125,-67.87668263610033,-31.132499620021097,1.9829516348653478
precip,2009,10,Caribe,197.1441563878344,2009-10-01,246.0526878102097,-48.90853142237529,-19.87725956487027,-0.3560138716880162
precip,2009,11,Caribe,164.12677465130042,2009-11-01,183.51217243589912,-19.385397784598695,-10.563548742996884,-4.418492470790391
precip,2009,12,Caribe,44.032456747659786,2009-12-01,64.83664057907046,-20.804183831410676,-32.0870786111123,-3.0153574522682853
precip,2010,1,Caribe,8.427167038560059,2010-01-01,23.077666385395542,-14.650499346835483,-63.48345236547356,-12.121424958493735
precip,2010,2,Caribe,23.26625073429848,2010-02-01,21.17020322940065,2.0960475048978324,9.900932372660902,-12.585751704668388
precip,2010,3,Caribe,83.35360922816103,2010-03-01,48.95335506963615,34.40025415852488,70.27149438397127,-10.464410293471547
precip,2010,4,Caribe,154.1799608925435,2010-04-01,129.95745851211072,24.222502380432786,18.63879353886833,-6.947348688151408
precip,2010,5,Caribe,227.90020845880522,2010-05-01,212.2606926182601,15.63951584054513,7.368069729552797,-5.195030333311133
precip,2010,6,Caribe,251.85173762795577,2010-06-01,180.0081609055736,71.84357672238218,39.911288666556054,-2.6285045403911442
precip,2010,7,Caribe,278.8034115213214,2010-07-01,167.21724176454845,111.58616975677293,66.7312584391822,4.023008555093885
precip,2010,8,Caribe,283.67856350225856,2010-08-01,197.94919627878417,85.72936722347438,43.308772571491716,8.248897566484095
precip,2010,9,Caribe,315.11676402387207,2010-09-01,218.02516169453125,97.09160232934082,44.53229231650476,14.554296894527916
precip,2010,10,Caribe,284.95627524643174,2010-10-01,246.0526878102097,38.90358743622204,15.811080050558088,17.52832519581361
precip,2010,11,Caribe,306.66230740791565,2010-11-01,183.51217243589912,123.15013497201653,67.10733862356348,24.000899143026974
precip,2010,12,Caribe,178.6054586554013,2010-12-01,64.83664057907046,113.76881807633083,175.4699457902757,41.29731784314264
precip,2011,1,Caribe,29.45218641920894,2011-01-01,23.077666385395542,6.374520033813397,27.622030439990436,48.889441410264645
precip,2011,2,Caribe,37.6246740706442,2011-02-01,21.17020322940065,16.45447084124355,77.72467114719046,54.541419641475436
precip,2011,3,Caribe,81.72746844339949,2011-03-01,48.95335506963615,32.774113373763335,66.94967755967319,54.264601572783924
precip,2011,4,Caribe,170.58939046563884,2011-04-01,129.95745851211072,40.631931953528124,31.265563684243364,55.31683241823185
precip,2011,5,Caribe,253.87788158240016,2011-05-01,212.2606926182601,41.61718896414007,19.60663957645066,56.336713238806674
precip,2011,6,Caribe,220.69502385339058,2011-06-01,180.0081609055736,40.68686294781699,22.602787975351845,54.894338181206315
precip,2011,7,Caribe,225.0545265843229,2011-07-01,167.21724176454845,57.83728481977445,34.5881107770051,52.215742542691565
precip,2011,8,Caribe,210.4358688796673,2011-08-01,197.94919627878417,12.48667260088314,6.308018843025451,49.13234639865271
precip,2011,9,Caribe,238.0916580753779,2011-09-01,218.02516169453125,20.066496380846644,9.203752550800184,46.188301418177325
precip,2011,10,Caribe,293.10799178534415,2011-10-01,246.0526878102097,47.05530397513445,19.124076389456103,46.464384446418826
precip,2011,11,Caribe,277.0402395924704,2011-11-01,183.51217243589912,93.5280671565713,50.9655931348318,45.11923898902452
precip,2011,12,Caribe,114.32937546403268,2011-12-01,64.83664057907046,49.49273488496222,76.33451462464987,36.8579530585557
precip,2012,1,Caribe,19.30540996901421,2012-01-01,23.077666385395542,-3.7722564163813317,-16.345917968415407,33.19395735785521
precip,2012,2,Caribe,16.361590410024057,2012-02-01,21.17020322940065,-4.808612819376592,-22.71406073560272,24.824063034289114
precip,2012,3,Caribe,57.24274170189501,2012-03-01,48.95335506963615,8.289386632258854,16.933234954922295,20.656026150559875
precip,2012,4,Caribe,203.65311950267173,2012-04-01,129.95745851211072,73.69566099056101,56.707527089484685,22.776189767663315
precip,2012,5,Caribe,215.59573212599813,2012-05-01,212.2606926182601,3.3350395077380313,1.5711997669469249,21.273236450204674
precip,2012,6,Caribe,166.64032109145748,2012-06-01,180.0081609055736,-13.36783981411611,-7.426240980889996,18.77081737051785
precip,2012,7,Caribe,156.30746095319944,2012-07-01,167.21724176454845,-10.909780811349009,-6.52431573217229,15.344781828086402
precip,2012,8,Caribe,239.67746097402352,2012-08-01,197.94919627878417,41.728264695239346,21.080290033848296,16.575804427321643
precip,2012,9,Caribe,192.6646379043735,2012-09-01,218.02516169453125,-25.360523790157742,-11.631925229662087,14.83949794561645
precip,2012,10,Caribe,280.60326107294907,2012-10-01,246.0526878102097,34.55057326273936,14.041941004680107,14.415986663551784
precip,2012,11,Caribe,142.7823949104736,2012-11-01,183.51217243589912,-40.729777525425504,-22.194591772735095,8.31930458792121
precip,2012,12,Caribe,51.58818046623548,2012-12-01,64.83664057907046,-13.248460112834984,-20.433600498900066,0.25529499429204855
precip,2013,1,Caribe,7.433207047208666,2013-01-01,23.077666385395542,-15.644459338186877,-67.79047359869675,-4.031751308231397
precip,2013,2,Caribe,21.892064125826064,2013-02-01,21.17020322940065,0.7218608964254152,3.4097967251580883,-1.8547631865013294
precip,2013,3,Caribe,77.0665715895217,2013-03-01,48.95335506963615,28.113216519885547,57.42857967527352,1.5198488735279394
precip,2013,4,Caribe,122.14912602782258,2013-04-01,129.95745851211072,-7.808332484288144,-6.008375797500292,-3.706476367054142
precip,2013,5,Caribe,237.8533718973436,2013-05-01,212.2606926182601,25.592679279083512,12.057192013931013,-2.832643679805468
precip,2013,6,Caribe,172.60858211037066,2013-06-01,180.0081609055736,-7.3995787952029275,-4.1106907364519465,-2.556347826102297
precip,2013,7,Caribe,128.94097661771403,2013-07-01,167.21724176454845,-38.27626514683442,-22.890142632976577,-3.9201667345026543
precip,2013,8,Caribe,227.5129143291949,2013-08-01,197.94919627878417,29.563718050410728,14.935002822024245,-4.432274002154659
precip,2013,9,Caribe,228.5933414458079,2013-09-01,218.02516169453125,10.56817975127666,4.8472294065230095,-3.0590111158059003
precip,2013,10,Caribe,248.06512872352738,2013-10-01,246.0526878102097,2.0124409133176755,0.8178902377485718,-4.161015346383528
precip,2013,11,Caribe,145.9964950618813,2013-11-01,183.51217243589912,-37.51567737401783,-20.443154737935473,-4.015062260150227
precip,2013,12,Caribe,48.18400050355652,2013-12-01,64.83664057907046,-16.652640075513943,-25.68399584985513,-4.452595206063148
precip,2014,1,Caribe,24.264227953730135,2014-01-01,23.077666385395542,1.186561568334593,5.1416011849685805,1.6250776925756287
precip,2014,2,Caribe,19.221058267489312,2014-02-01,21.17020322940065,-1.9491449619113368,-9.207020550489629,0.573676252938319
precip,2014,3,Caribe,37.14694457753735,2014-03-01,48.95335506963615,-11.806410492098806,-24.117673804592528,-6.221844870383851
precip,2014,4,Caribe,112.13488820067016,2014-04-01,129.95745851211072,-17.822570311440558,-13.714157321551248,-6.863993330721432
precip,2014,5,Caribe,165.3828052596757,2014-05-01,212.2606926182601,-46.87788735858439,-22.08505342196911,-9.709180450379774
precip,2014,6,Caribe,122.13334619436853,2014-06-01,180.0081609055736,-57.87481471120506,-32.151217155962335,-12.045890985338973
precip,2014,7,Caribe,95.61003354930808,2014-07-01,167.21724176454845,-71.60720821524036,-42.82286172144106,-13.706950909377682
precip,2014,8,Caribe,220.37482905194474,2014-08-01,197.94919627878417,22.425632773160572,11.328983999297051,-14.00745247793828
precip,2014,9,Caribe,207.9666796958085,2014-09-01,218.02516169453125,-10.058481998722755,-4.613450080966069,-14.795842435229035
precip,2014,10,Caribe,275.7654934084492,2014-10-01,246.0526878102097,29.71280559823947,12.075789889829672,-13.857684130888947
precip,2014,11,Caribe,170.81036689590766,2014-11-01,183.51217243589912,-12.701805539991454,-6.921505735227564,-12.730880047329954
precip,2014,12,Caribe,71.10015774253344,2014-12-01,64.83664057907046,6.2635171634629785,9.660459128545392,-9.785508799129909
precip,2015,1,Caribe,33.232898644155036,2015-01-01,23.077666385395542,10.155232258759494,44.004589065323024,-6.54692647576704
precip,2015,2,Caribe,21.219400357154175,2015-02-01,21.17020322940065,0.04919712775352636,0.23238854733903835,-5.760309050947984
precip,2015,3,Caribe,22.77343094408228,2015-03-01,48.95335506963615,-26.179924125553875,-53.479325550440684,-8.207113363101996
precip,2015,4,Caribe,108.7082955627083,2015-04-01,129.95745851211072,-21.249162949402418,-16.350860652928368,-8.426838640716754
precip,2015,5,Caribe,142.20588966671485,2015-05-01,212.2606926182601,-70.05480295154524,-33.0041337788034,-9.33676200378628
precip,2015,6,Caribe,104.32181756893978,2015-06-01,180.0081609055736,-75.68634333663381,-42.04606222066587,-10.16133242584491
precip,2015,7,Caribe,119.72014716882288,2015-07-01,167.21724176454845,-47.49709459572557,-28.404424145809216,-8.95979596120892
precip,2015,8,Caribe,140.07333797337563,2015-08-01,197.94919627878417,-57.87585830540854,-29.237733415142724,-12.340355745745569
precip,2015,9,Caribe,158.84661073620077,2015-09-01,218.02516169453125,-59.178550958330476,-27.142991431990694,-14.21781752499762
precip,2015,10,Caribe,215.49094481799645,2015-10-01,246.0526878102097,-30.561742992213254,-12.420812495162318,-16.259201057080286
precip,2015,11,Caribe,168.4850933211227,2015-11-01,183.51217243589912,-15.027079114776427,-8.18860074256131,-16.36479230769143
precip,2015,12,Caribe,51.922992392952104,2015-12-01,64.83664057907046,-12.913648186118358,-19.917207416645425,-18.829597853124
precip,2016,1,Caribe,15.826501546489999,2016-01-01,23.077666385395542,-7.251164838905543,-31.420702240042637,-25.11503879523781
precip,2016,2,Caribe,11.62836869691677,2016-02-01,21.17020322940065,-9.541834532483879,-45.07200251735145,-28.89040471729535
precip,2016,3,Caribe,13.52599078055051,2016-03-01,48.95335506963615,-35.427364289085645,-72.36963480580691,-30.46459715524253
precip,2016,4,Caribe,103.96382673696311,2016-04-01,129.95745851211072,-25.993631775147605,-20.0016467486745,-30.768829329888046
precip,2016,5,Caribe,190.51872166972274,2016-05-01,212.2606926182601,-21.741970948537357,-10.243050976771837,-28.872072429718745
precip,2016,6,Caribe,168.73053401696347,2016-06-01,180.0081609055736,-11.277626888610115,-6.2650642236859415,-25.890322596637088
precip,2016,7,Caribe,154.8706085544221,2016-07-01,167.21724176454845,-12.346633210126356,-7.383588605959145,-24.13858630164958
precip,2016,8,Caribe,171.82270677851122,2016-08-01,197.94919627878417,-26.126489500272953,-13.198583268546033,-22.801990456099855
precip,2016,9,Caribe,175.51337962598026,2016-09-01,218.02516169453125,-42.511782068550986,-19.498566926010593,-22.164955080601516
precip,2016,10,Caribe,277.9097785879253,2016-10-01,246.0526878102097,31.857090777715598,12.947263881257923,-20.050948715899825
precip,2016,11,Caribe,246.40387857386338,2016-11-01,183.51217243589912,62.89170613796426,34.27113597052117,-16.512637323142954
precip,2016,12,Caribe,83.13551322327612,2016-12-01,64.83664057907046,18.29887264420566,28.223042527765713,-12.500949827775358
precip,2017,1,Caribe,23.3240767817777,2017-01-01,23.077666385395542,0.24641039638215645,1.0677439922525904,-9.793579308417423
precip,2017,2,Caribe,12.5122667306406,2017-02-01,21.17020322940065,-8.657936498760048,-40.896803894334475,-9.445646089832676
precip,2017,3,Caribe,92.28918783415577,2017-03-01,48.95335506963615,43.335832764519616,88.52474504122218,3.962218897419749
precip,2017,4,Caribe,109.25643945593961,2017-04-01,129.95745851211072,-20.701019056171106,-15.92907347771962,4.3016000033326565
precip,2017,5,Caribe,215.2562014099106,2017-05-01,212.2606926182601,2.995508791650508,1.4112404678890669,5.272790957054398
precip,2017,6,Caribe,215.7217215418861,2017-06-01,180.0081609055736,35.71356063631251,19.83996750849906,7.448210268069815
precip,2017,7,Caribe,208.9262903599209,2017-07-01,167.21724176454845,41.70904859537245,24.943031086531857,10.142095242444064
precip,2017,8,Caribe,200.2935361951078,2017-08-01,197.94919627878417,2.3443399163236336,1.1843139352897163,11.340670009430376
precip,2017,9,Caribe,218.08614170383132,2017-09-01,218.02516169453125,0.060980009300067195,0.027969253101852765,12.967881357689748
precip,2017,10,Caribe,212.45136777050814,2017-10-01,246.0526878102097,-33.60132003970156,-13.656148339098658,10.750930339326699
precip,2017,11,Caribe,163.39208496055446,2017-11-01,183.51217243589912,-20.12008747534466,-10.963898039173731,6.9813441718521245
precip,2017,12,Caribe,56.23598666496196,2017-12-01,64.83664057907046,-8.600653914108499,-13.26511342551703,3.523997842411895
precip,2018,1,Caribe,80.17991527167288,2018-01-01,23.077666385395542,57.10224888627734,247.43510861398838,24.054611560889878
precip,2018,2,Caribe,8.095208811545412,2018-02-01,21.17020322940065,-13.074994417855237,-61.76130798639199,22.31590288655175
precip,2018,3,Caribe,33.228207058744104,2018-03-01,48.95335506963615,-15.725148010892049,-32.12271761255796,12.261947665403405
precip,2018,4,Caribe,138.07236935872365,2018-04-01,129.95745851211072,8.11491084661293,6.244282505614483,14.109727330681245
precip,2018,5,Caribe,229.985577577993,2018-05-01,212.2606926182601,17.72488495973292,8.350526299096842,14.688001149948562
precip,2018,6,Caribe,146.4868480997462,2018-06-01,180.0081609055736,-33.52131280582739,-18.622107262909918,11.482828252331146
precip,2018,7,Caribe,134.5097540916551,2018-07-01,167.21724176454845,-32.707487672893336,-19.559877514872163,7.774252535547478
precip,2018,8,Caribe,152.69341180754796,2018-08-01,197.94919627878417,-45.25578447123621,-22.862322920220233,5.770366130921649
precip,2018,9,Caribe,201.5783281832173,2018-09-01,218.02516169453125,-16.44683351131394,-7.543548360880073,5.139406329756489
precip,2018,10,Caribe,275.6199020677551,2018-10-01,246.0526878102097,29.567214257545402,12.016619091091489,7.278803615605668
precip,2018,11,Caribe,125.66365013781083,2018-11-01,183.51217243589912,-57.848522298088284,-31.52298920023673,5.565546018850417
precip,2018,12,Caribe,13.117217987123993,2018-12-01,64.83664057907046,-51.71942259194647,-79.76881918931764,0.02357053853369943
precip,2019,1,Caribe,11.141685311696827,2019-01-01,23.077666385395542,-11.935981073698715,-51.72091872015393,-24.90609840597816
precip,2019,2,Caribe,11.710717995894003,2019-02-01,21.17020322940065,-9.459485233506646,-44.68301570373944,-23.48290738242378
precip,2019,3,Caribe,31.293617784909394,2019-03-01,48.95335506963615,-17.65973728472676,-36.07462095214063,-23.812232660722334
precip,2019,4,Caribe,94.75915124557581,2019-04-01,129.95745851211072,-35.19830726653491,-27.0844841608339,-26.589629882926364
precip,2019,5,Caribe,228.73076143227533,2019-05-01,212.2606926182601,16.470068814015235,7.7593588388198675,-26.63889383794945
precip,2019,6,Caribe,137.76320825567655,2019-06-01,180.0081609055736,-42.244952649897044,-23.46835412204304,-27.04274774287721
precip,2019,7,Caribe,129.00175175931713,2019-07-01,167.21724176454845,-38.21549000523132,-22.85379761199562,-27.31724108430416
precip,2019,8,Caribe,161.69560289824764,2019-08-01,197.94919627878417,-36.25359338053653,-18.31459488700239,-26.938263748202676
precip,2019,9,Caribe,221.48162880074804,2019-09-01,218.02516169453125,3.4564671062167918,1.5853523874733082,-26.177522019173225
precip,2019,10,Caribe,257.37482406978614,2019-10-01,246.0526878102097,11.322136259576439,4.601508872079323,-26.795447870757574
precip,2019,11,Caribe,125.68393663624593,2019-11-01,183.51217243589912,-57.828235799653186,-31.511934621041345,-26.794526655824626
precip,2019,12,Caribe,54.2468229972369,2019-12-01,64.83664057907046,-10.589817581833564,-16.333075691851935,-21.508214697702485
precip,2020,1,Caribe,21.008170121862104,2020-01-01,23.077666385395542,-2.0694962635334377,-8.967528297588602,-17.945432162488707
precip,2020,2,Caribe,9.42109156449248,2020-02-01,21.17020322940065,-11.749111664908169,-55.49834140747074,-18.846709304466312
precip,2020,3,Caribe,14.276127618095767,2020-03-01,48.95335506963615,-34.67722745154039,-70.83728459921088,-21.743597941722168
precip,2020,4,Caribe,87.37853358541302,2020-04-01,129.95745851211072,-42.578924926697695,-32.763740853496124,-22.216869332777353
precip,2020,5,Caribe,167.6291841117717,2020-05-01,212.2606926182601,-44.63150850648839,-21.026742142388017,-24.615711081211344
precip,2020,6,Caribe,174.79112097485068,2020-06-01,180.0081609055736,-5.217039930722905,-2.898224116327478,-22.901533580735048
precip,2020,7,Caribe,202.48977240564867,2020-07-01,167.21724176454845,35.27253064110022,21.093835939936135,-19.239230784740734
precip,2020,8,Caribe,185.98382030842225,2020-08-01,197.94919627878417,-11.965375970361919,-6.044670145318668,-18.21673705626709
precip,2020,9,Caribe,217.31839099458153,2020-09-01,218.02516169453125,-0.7067706999497148,-0.3241693272723956,-18.375863865829235
precip,2020,10,Caribe,240.37241446147797,2020-10-01,246.0526878102097,-5.680273348731731,-2.308559763879984,-18.95170291882584
precip,2020,11,Caribe,214.17704631830756,2020-11-01,183.51217243589912,30.664873882408443,16.709994479041818,-14.933208827152248
precip,2020,12,Caribe,46.76408379131194,2020-12-01,64.83664057907046,-18.072556787758522,-27.873987033178306,-15.894951438929441
precip,2021,1,Caribe,20.123027922679075,2021-01-01,23.077666385395542,-2.954638462716467,-12.803020952700308,-16.21457582685542
precip,2021,2,Caribe,17.822037007870104,2021-02-01,21.17020322940065,-3.348166221530544,-15.815465658263944,-12.907669514421519
precip,2021,3,Caribe,95.66160726576548,2021-03-01,48.95335506963615,46.70825219612933,95.4137916179327,0.9465868370071119
precip,2021,4,Caribe,172.88193851934872,2021-04-01,129.95745851211072,42.924480007238,33.02963946716292,6.429368530395365
precip,2021,5,Caribe,163.78707422338297,2021-05-01,212.2606926182601,-48.47361839487712,-22.836832291909282,6.278527684601927
precip,2021,6,Caribe,179.20205267507893,2021-06-01,180.0081609055736,-0.8061082304946581,-0.4478176025127639,6.48272822741982
precip,2021,7,Caribe,153.30011990308503,2021-07-01,167.21724176454845,-13.917121861463414,-8.32277922695288,4.031343630179069
precip,2021,8,Caribe,198.48937733259243,2021-08-01,197.94919627878417,0.5401810538082543,0.2728887330502134,4.557806870043142
precip,2021,9,Caribe,169.39742930404745,2021-09-01,218.02516169453125,-48.6277323904838,-22.303724951991878,2.726177234649852
precip,2021,10,Caribe,253.18376530144343,2021-10-01,246.0526878102097,7.131077491233725,2.8981912592372128,3.1600731532429513
precip,2021,11,Caribe,126.72500756149212,2021-11-01,183.51217243589912,-56.787164874407,-30.944631149327588,-0.8111456491211658
precip,2021,12,Caribe,39.384747037879954,2021-12-01,64.83664057907046,-25.451893541190508,-39.25541686594799,-1.7595981351853063
precip,2022,1,Caribe,14.722220456818176,2022-01-01,23.077666385395542,-8.355445928577366,-36.2057661682163,-3.709826903144972
precip,2022,2,Caribe,49.566526316374365,2022-02-01,21.17020322940065,28.396323086973716,134.13344585911963,8.78591572330366
precip,2022,3,Caribe,83.91721669643783,2022-03-01,48.95335506963615,34.96386162680168,71.42280968702877,6.786667229061666
precip,2022,4,Caribe,215.39312974881466,2022-04-01,129.95745851211072,85.43567123670394,65.74126042080317,9.51263564186502
precip,2022,5,Caribe,192.68500489377038,2022-05-01,212.2606926182601,-19.57568772448971,-9.222474252308022,10.647165478498458
precip,2022,6,Caribe,277.6074363012473,2022-06-01,180.0081609055736,97.59927539567369,54.219361447101875,15.202763732633011
precip,2022,7,Caribe,182.47161716144805,2022-07-01,167.21724176454845,15.254375396899604,9.122489544695785,16.6565361302704
precip,2022,8,Caribe,249.89156206425562,2022-08-01,197.94919627878417,51.94236578547145,26.240250913834366,18.82048297866908
precip,2022,9,Caribe,248.0814387320621,2022-09-01,218.02516169453125,30.05627703753086,13.785691891673421,21.827934382307856
precip,2022,10,Caribe,426.2602793095993,2022-10-01,246.0526878102097,180.2075914993896,73.2394322139618,27.689704461868242
precip,2022,11,Caribe,235.73931375207496,2022-11-01,183.51217243589912,52.227141316175846,28.459769519876843,32.64007118430194
precip,2022,12,Caribe,28.35843722269907,2022-12-01,64.83664057907046,-36.478203356371395,-56.26171101799299,31.22288000496486
precip,2023,1,Caribe,52.28050733700115,2023-01-01,23.077666385395542,29.202840951605605,126.5415682154341,44.78515787026905
precip,2023,2,Caribe,10.586628507155087,2023-02-01,21.17020322940065,-10.583574722245562,-49.99278753992951,29.441305087014964
precip,2023,3,Caribe,54.18629880758567,2023-03-01,48.95335506963615,5.232943737949519,10.689652896120514,24.38020868777261
precip,2023,4,Caribe,107.31188028446873,2023-04-01,129.95745851211072,-22.64557822764199,-17.425377878970796,17.449655496124777
precip,2023,5,Caribe,184.4559673539489,2023-05-01,212.2606926182601,-27.8047252643112,-13.09932843492439,17.12658431424008
precip,2023,6,Caribe,175.4978294665023,2023-06-01,180.0081609055736,-4.51033143907128,-2.5056260873845897,12.39950201969954
precip,2023,7,Caribe,162.57134650432155,2023-07-01,167.21724176454845,-4.645895260226894,-2.778358984517029,11.40776464226514
precip,2023,8,Caribe,170.88644115126462,2023-08-01,197.94919627878417,-27.06275512751955,-13.671566056477133,8.081779894739181
precip,2023,9,Caribe,151.0834371361529,2023-09-01,218.02516169453125,-66.94172455837835,-30.70366926371942,4.374333131789777
precip,2023,10,Caribe,262.5233832988897,2023-10-01,246.0526878102097,16.470695488680008,6.693970968276727,-1.1711219720173125
precip,2023,11,Caribe,166.1169602356859,2023-11-01,183.51217243589912,-17.395212200213223,-9.47905088219114,-4.332690338856311
precip,2023,12,Caribe,47.48143229237681,2023-12-01,64.83664057907046,-17.355208286693653,-26.76759334180554,-1.8748471991740236
precip,2024,1,Caribe,7.011667911828687,2024-01-01,23.077666385395542,-16.065998473566854,-69.61708435014926,-18.221401579639302
precip,2024,2,Caribe,44.577921493119135,2024-02-01,21.17020322940065,23.407718263718486,110.56917125486274,-4.8412383467399485
precip,2024,3,Caribe,28.269202713189674,2024-03-01,48.95335506963615,-20.68415235644648,-42.2527778270218,-9.253107573668476
precip,2024,4,Caribe,127.38640023343618,2024-04-01,129.95745851211072,-2.571058278674542,-1.978384548382766,-7.965858129452806
precip,2024,5,Caribe,238.72719611653434,2024-05-01,212.2606926182601,26.46650349827425,12.468867019987018,-5.835175174876856
precip,2024,6,Caribe,271.5990816428319,2024-06-01,180.0081609055736,91.5909207372583,50.88153796832795,-1.3862448369008114
precip,2024,7,Caribe,173.96547144088984,2024-07-01,167.21724176454845,6.748229676341396,4.035606379540272,-0.8184143898960361
precip,2024,8,Caribe,182.3688741322246,2024-08-01,197.94919627878417,-15.580322146559581,-7.870869111596111,-0.33502297782261753
precip,2024,9,Caribe,183.26109770449108,2024-09-01,218.02516169453125,-34.76406399004017,-15.944977964858523,0.8948679637491237
precip,2024,10,Caribe,251.25365804552072,2024-10-01,246.0526878102097,5.2009702353110185,2.1137628211250163,0.5131839514864811
precip,2024,11,Caribe,219.71825567888303,2024-11-01,183.51217243589912,36.20608324298391,19.729526800534558,2.947232091713623
precip,2024,12,Caribe,69.20659205265592,2024-12-01,64.83664057907046,4.369951473585459,6.739941234703789,5.739526639756067
precip,2025,1,Caribe,43.340891717658444,2025-01-01,23.077666385395542,20.263225332262902,87.80448158781891,18.857990467920082
precip,2025,2,Caribe,60.921021566376744,2025-02-01,21.17020322940065,39.750818336976096,187.76776919066677,25.291206962570417
precip,2025,3,Caribe,64.52875531065257,2025-03-01,48.95335506963615,15.575400241016418,31.816818722353986,31.463673341685066
precip,2025,4,Caribe,162.54913351674605,2025-04-01,129.95745851211072,32.591675004635334,25.078726052185857,33.718432558399115
precip,2025,5,Caribe,215.53133329815296,2025-05-01,212.2606926182601,3.270640679892864,1.540860269298632,32.80776532917508
precip,2025,6,Caribe,193.07508298567603,2025-06-01,180.0081609055736,13.066922080102444,7.259072041159803,29.172559835244403
precip,2025,7,Caribe,146.29532136664886,2025-07-01,167.21724176454845,-20.921920397899584,-12.511820059416396,27.793607631998015
precip,2025,8,Caribe,185.36086498740448,2025-08-01,197.94919627878417,-12.588331291379689,-6.35937479314175,27.919565491869218
precip,2025,9,Caribe,224.19318941679487,2025-09-01,218.02516169453125,6.168027722263616,2.829043984797251,29.484067321007192
precip,2025,10,Caribe,243.19487304354786,2025-10-01,246.0526878102097,-2.8578147666618463,-1.1614645595199484,29.211131705953445
precip,2025,11,Caribe,164.22882798167709,2025-11-01,183.51217243589912,-19.283344454222032,-10.507937538016838,26.691343011074167
precip,2025,12,Caribe,45.456335436445,2025-12-01,64.83664057907046,-19.38030514262546,-29.890976721704952,23.63876651470677
precip,2026,1,Caribe,96.8136459695187,2026-01-01,23.077666385395542,73.73597958412316,319.51228669631087,42.947750273747765
precip,2026,2,Caribe,118.91775602715519,2026-02-01,21.17020322940065,97.74755279775454,461.72231668520396,65.77729589829254
precip,2026,3,Caribe,41.90703373026883,2026-03-01,48.95335506963615,-7.046321339367324,-14.393949769824625,61.92639852394431
precip,2026,4,Caribe,104.18862841802408,2026-04-01,129.95745851211072,-25.76883009408664,-19.82866577194971,58.18411587193302
precip,1991,1,Colombia,75.98080074708508,1991-01-01,117.59060154439872,-41.60980079731364,-35.38531162424832,
precip,1991,2,Colombia,123.01111792400526,1991-02-01,124.61638577339885,-1.6052678493935844,-1.2881675547167504,
precip,1991,3,Colombia,184.94076231592533,1991-03-01,198.84288248739327,-13.902120171467942,-6.991510079496733,
precip,1991,4,Colombia,269.25361366960243,1991-04-01,285.0967699518188,-15.843156282216398,-5.557115320841369,
precip,1991,5,Colombia,332.10921099799623,1991-05-01,340.81210838889564,-8.702897390899409,-2.553576347988394,
precip,1991,6,Colombia,312.4980428226675,1991-06-01,305.7483601652385,6.749682657428991,2.2075940665000444,
precip,1991,7,Colombia,303.6030164958014,1991-07-01,287.7073048559917,15.89571163980969,5.524959349838577,
precip,1991,8,Colombia,211.63866069381416,1991-08-01,256.5851401994012,-44.946479505587064,-17.517179471366735,
precip,1991,9,Colombia,231.8370837147623,1991-09-01,241.92700963227466,-10.089925917512375,-4.170648797275223,
precip,1991,10,Colombia,228.9662997306237,1991-10-01,270.9313638869933,-41.965064156369635,-15.489186469335255,
precip,1991,11,Colombia,242.41186368899957,1991-11-01,245.00193198382573,-2.5900682948261533,-1.0571623961712846,
precip,1991,12,Colombia,109.89854495845147,1991-12-01,168.1464612907492,-58.24791633229772,-34.64117881825581,-9.74320695527977
precip,1992,1,Colombia,83.31135136728638,1992-01-01,117.59060154439872,-34.279250177112345,-29.15135200168996,-9.223710320066575
precip,1992,2,Colombia,114.77072406036397,1992-02-01,124.61638577339885,-9.845661713034872,-7.90077617155269,-9.774761038136235
precip,1992,3,Colombia,156.27232578943455,1992-03-01,198.84288248739327,-42.57055669795872,-21.409142819410555,-10.976230433129054
precip,1992,4,Colombia,249.486964077374,1992-04-01,285.0967699518188,-35.60980587444482,-12.490427681963164,-11.554006463222537
precip,1992,5,Colombia,304.3306513539817,1992-05-01,340.81210838889564,-36.481457034913944,-10.70427257041158,-12.233231148424467
precip,1992,6,Colombia,282.8343368907406,1992-06-01,305.7483601652385,-22.914023274497936,-7.494405942885283,-13.041731149206582
precip,1992,7,Colombia,280.40237260857776,1992-07-01,287.7073048559917,-7.304932247413944,-2.539015215852909,-13.71372902968087
precip,1992,8,Colombia,268.50057315776496,1992-08-01,256.5851401994012,11.915432958363738,4.643851529790011,-11.866976446251142
precip,1992,9,Colombia,253.40025450414248,1992-09-01,241.92700963227466,11.47324487186782,4.742440659811807,-11.12421899149389
precip,1992,10,Colombia,233.90661601993705,1992-10-01,270.9313638869933,-37.02474786705628,-13.665729702117273,-10.97226426089239
precip,1992,11,Colombia,254.88535958569372,1992-11-01,245.00193198382573,9.883427601867993,4.034020271530131,-10.547999038583939
precip,1992,12,Colombia,167.97657848968967,1992-12-01,168.1464612907492,-0.16988280105951503,-0.10103263533198209,-7.669653523340287
precip,1993,1,Colombia,156.1731652503117,1993-01-01,117.59060154439872,38.58256370591299,32.81092468205918,-2.5061304663611925
precip,1993,2,Colombia,122.44160425118741,1993-02-01,124.61638577339885,-2.1747815222114326,-1.745181027931618,-1.9931642043927698
precip,1993,3,Colombia,246.58094035785984,1993-03-01,198.84288248739327,47.73805787046658,24.00792891015005,1.791591773070614
precip,1993,4,Colombia,319.195396893923,1993-04-01,285.0967699518188,34.09862694210415,11.96036943802162,3.8291581997360127
precip,1993,5,Colombia,336.1378416001036,1993-05-01,340.81210838889564,-4.674266788792011,-1.3715084275874008,4.606888544971361
precip,1993,6,Colombia,293.21537646069146,1993-06-01,305.7483601652385,-12.532983704547064,-4.099117227570328,4.889829271247607
precip,1993,7,Colombia,285.2817624502155,1993-07-01,287.7073048559917,-2.4255424057761843,-0.8430590272952087,5.031158953627416
precip,1993,8,Colombia,246.26553583481086,1993-08-01,256.5851401994012,-10.319604364590361,-4.021902576497859,4.309012778103427
precip,1993,9,Colombia,268.02598829994355,1993-09-01,241.92700963227466,26.098978667668888,10.787955717445081,4.812805699572865
precip,1993,10,Colombia,275.46302337994575,1993-10-01,270.9313638869933,4.5316594929524285,1.6726226996895803,6.091001733056771
precip,1993,11,Colombia,266.28374728559317,1993-11-01,245.00193198382573,21.281815301767438,8.686386727420745,6.478698937714321
precip,1993,12,Colombia,154.68271771071133,1993-12-01,168.1464612907492,-13.463743580037857,-8.007152500674472,5.819855615602449
precip,1994,1,Colombia,104.71262696609517,1994-01-01,117.59060154439872,-12.87797457830355,-10.951533888906258,2.1729840680219943
precip,1994,2,Colombia,134.9979658739149,1994-02-01,124.61638577339885,10.381580100516047,8.33083068176428,3.012651710496652
precip,1994,3,Colombia,222.56234675095112,1994-03-01,198.84288248739327,23.719464263557853,11.92874694172756,2.0060532131281117
precip,1994,4,Colombia,286.21183530141263,1994-04-01,285.0967699518188,1.1150653495938059,0.39111819814102106,1.0419489431380613
precip,1994,5,Colombia,360.0243276531287,1994-05-01,340.81210838889564,19.212219264233056,5.637187996357887,1.6260069784668356
precip,1994,6,Colombia,302.1915453672456,1994-06-01,305.7483601652385,-3.5568147979928995,-1.1633144315379667,1.8706572114695321
precip,1994,7,Colombia,282.7554644417861,1994-07-01,287.7073048559917,-4.951840414205606,-1.7211382299396907,1.797483944582492
precip,1994,8,Colombia,286.0541449749253,1994-08-01,256.5851401994012,29.46900477552407,11.485078501671095,3.0897323677632382
precip,1994,9,Colombia,250.0996707020801,1994-09-01,241.92700963227466,8.172661069805429,3.378151568205529,2.4722486886599424
precip,1994,10,Colombia,280.0837525815419,1994-10-01,270.9313638869933,9.152388694548563,3.3781207768791455,2.6143735284257392
precip,1994,11,Colombia,257.24977494403515,1994-11-01,245.00193198382573,12.247842960209425,4.9990801546079195,2.307097980691337
precip,1994,12,Colombia,146.52398866399372,1994-12-01,168.1464612907492,-21.622472626755467,-12.859308760216564,1.9027516257294963
precip,1995,1,Colombia,101.68821632227306,1995-01-01,117.59060154439872,-15.902385222125659,-13.523517197181265,1.6884196833732457
precip,1995,2,Colombia,61.64392454148825,1995-02-01,124.61638577339885,-62.97246123191059,-50.53305056240281,-3.2169037536406786
precip,1995,3,Colombia,184.46488811927537,1995-03-01,198.84288248739327,-14.377994368117896,-7.2308317945599425,-4.81353531499797
precip,1995,4,Colombia,293.5562781607687,1995-04-01,285.0967699518188,8.459508208949899,2.967240986412982,-4.5988584159753065
precip,1995,5,Colombia,322.70968816942906,1995-05-01,340.81210838889564,-18.10242021946658,-5.311554306283677,-5.511253607862105
precip,1995,6,Colombia,327.56986636053773,1995-06-01,305.7483601652385,21.821506195299207,7.137080370114168,-4.819554041057759
precip,1995,7,Colombia,294.9735802098378,1995-07-01,287.7073048559917,7.266275353846083,2.525579028131777,-4.4656609362184705
precip,1995,8,Colombia,248.82731483728176,1995-08-01,256.5851401994012,-7.757825362119462,-3.023489729799078,-5.674708288840985
precip,1995,9,Colombia,228.21943908862994,1995-09-01,241.92700963227466,-13.70757054364472,-5.665994286656962,-6.428387110079527
precip,1995,10,Colombia,274.4209680560798,1995-10-01,270.9313638869933,3.4896041690864763,1.2880030274169385,-6.6025635892013765
precip,1995,11,Colombia,206.03530329943197,1995-11-01,245.00193198382573,-38.966628684393754,-15.904620983546453,-8.344538684047574
precip,1995,12,Colombia,180.16699795266715,1995-12-01,168.1464612907492,12.020536661917959,7.148849026999586,-6.677192201779562
precip,1996,1,Colombia,129.9122658863195,1996-01-01,117.59060154439872,12.321664341920766,10.47844315794955,-4.677028838851993
precip,1996,2,Colombia,198.4948662310812,1996-02-01,124.61638577339885,73.87848045768236,59.284724074747466,4.47445238091053
precip,1996,3,Colombia,179.791065958647,1996-03-01,198.84288248739327,-19.051816528746258,-9.581341957238099,4.278576534020683
precip,1996,4,Colombia,248.7687377375628,1996-04-01,285.0967699518188,-36.32803221425604,-12.742351384898349,2.9694438364114055
precip,1996,5,Colombia,366.0710369334513,1996-05-01,340.81210838889564,25.25892854455566,7.411394115062682,4.0296895381902695
precip,1996,6,Colombia,336.49476108561885,1996-06-01,305.7483601652385,30.746400920380324,10.056113106792708,4.272942266246814
precip,1996,7,Colombia,270.4829146914721,1996-07-01,287.7073048559917,-17.224390164519605,-5.986775404656846,3.563579396847762
precip,1996,8,Colombia,273.3064357746605,1996-08-01,256.5851401994012,16.721295575259262,6.516860470666604,4.358608580219902
precip,1996,9,Colombia,259.2467819544934,1996-09-01,241.92700963227466,17.31977232221871,7.159089986911547,5.427365603017278
precip,1996,10,Colombia,284.0329945900663,1996-10-01,270.9313638869933,13.101630703072999,4.835774830609035,5.723013253283285
precip,1996,11,Colombia,225.2090278383293,1996-11-01,245.00193198382573,-19.792904145496436,-8.078672680345681,6.37517561188335
precip,1996,12,Colombia,188.99882329149509,1996-12-01,168.1464612907492,20.8523620007459,12.401308859357554,6.812880597913181
precip,1997,1,Colombia,100.56844672053238,1997-01-01,117.59060154439872,-17.022154823866344,-14.475778336280797,4.7333621400606525
precip,1997,2,Colombia,189.10142928383718,1997-02-01,124.61638577339885,64.48504351043833,51.74684140470682,4.105205250890598
precip,1997,3,Colombia,111.38712123772174,1997-03-01,198.84288248739327,-87.45576124967153,-43.98234432917973,1.2384550532287957
precip,1997,4,Colombia,258.7984652051808,1997-04-01,285.0967699518188,-26.298304746638053,-9.224343282136255,1.5316223951256365
precip,1997,5,Colombia,344.6007326682095,1997-05-01,340.81210838889564,3.788624279313865,1.1116460319510486,1.0066433881996673
precip,1997,6,Colombia,304.0618094103612,1997-06-01,305.7483601652385,-1.6865507548773166,-0.5516139985070853,0.12266612942468443
precip,1997,7,Colombia,240.1254353849869,1997-07-01,287.7073048559917,-47.58186947100481,-16.538290362429734,-0.7566267837230561
precip,1997,8,Colombia,224.47758179966323,1997-08-01,256.5851401994012,-32.107558399738,-12.513413042854351,-2.3424829098498026
precip,1997,9,Colombia,231.09464669857059,1997-09-01,241.92700963227466,-10.832362933704076,-4.4775335131737055,-3.3122015348569067
precip,1997,10,Colombia,230.9529741270727,1997-10-01,270.9313638869933,-39.97838975992062,-14.755910569510803,-4.944841984866893
precip,1997,11,Colombia,222.80254081356628,1997-11-01,245.00193198382573,-22.199391170259446,-9.06090453675483,-5.026694639567656
precip,1997,12,Colombia,110.8502707525174,1997-12-01,168.1464612907492,-57.296190538231784,-34.07516881319228,-8.899734445613475
precip,1998,1,Colombia,92.34283827315716,1998-01-01,117.59060154439872,-25.247763271241567,-21.470902384752886,-9.482661449652817
precip,1998,2,Colombia,172.07845066495395,1998-02-01,124.61638577339885,47.4620648915551,38.08653621030194,-10.621020215853223
precip,1998,3,Colombia,187.7045173642318,1998-03-01,198.84288248739327,-11.138365123161464,-5.601591057134088,-7.422624109849419
precip,1998,4,Colombia,314.94081556179736,1998-04-01,285.0967699518188,29.844045609978537,10.468040593733194,-5.781592120193632
precip,1998,5,Colombia,350.1736614990184,1998-05-01,340.81210838889564,9.36155311012277,2.7468370048168715,-5.645326205788147
precip,1998,6,Colombia,326.01801352144605,1998-06-01,305.7483601652385,20.269653356207527,6.6295215271974,-5.046898245312772
precip,1998,7,Colombia,322.19993975570105,1998-07-01,287.7073048559917,34.492634899709344,11.988793582065703,-2.6696412499381523
precip,1998,8,Colombia,274.25028824039,1998-08-01,256.5851401994012,17.665148040988754,6.884712040323361,-1.0531308263400094
precip,1998,9,Colombia,233.80461430154625,1998-09-01,241.92700963227466,-8.12239533072841,-3.3573743349592613,-0.9597842281554726
precip,1998,10,Colombia,272.02588193382564,1998-10-01,270.9313638869933,1.0945180468323201,0.4039835149129683,0.30354027887984164
precip,1998,11,Colombia,239.81413361618095,1998-11-01,245.00193198382573,-5.187798367644774,-2.1174520240057766,0.8821613216089293
precip,1998,12,Colombia,178.33606167817672,1998-12-01,168.1464612907492,10.189600387427532,6.059955296833908,4.226754997444445
precip,1999,1,Colombia,177.02062745577499,1999-01-01,117.59060154439872,59.43002591137626,50.53977539942871,10.227644812792912
precip,1999,2,Colombia,223.2951162806294,1999-02-01,124.61638577339885,98.67873050723055,79.18599941316461,13.652600079698134
precip,1999,3,Colombia,192.15067322206073,1999-03-01,198.84288248739327,-6.6922092653325365,-3.365576470033734,13.838934628623164
precip,1999,4,Colombia,356.82811425780613,1999-04-01,285.0967699518188,71.7313443059873,25.16034970094886,15.063293720891137
precip,1999,5,Colombia,302.6297309961185,1999-05-01,340.81210838889564,-38.18237739277714,-11.203351187630869,13.900778038187157
precip,1999,6,Colombia,333.49926236178544,1999-06-01,305.7483601652385,27.750902196546917,9.076386274500125,14.104683433795719
precip,1999,7,Colombia,295.0295544191834,1999-07-01,287.7073048559917,7.32224956319169,2.545034289920706,13.317703492783636
precip,1999,8,Colombia,252.94061152073607,1999-08-01,256.5851401994012,-3.6445286786651536,-1.4203974072048224,12.625611038822953
precip,1999,9,Colombia,286.91813692893163,1999-09-01,241.92700963227466,44.99112729665697,18.596984009781625,14.455140900884693
precip,1999,10,Colombia,286.28937523884304,1999-10-01,270.9313638869933,15.358011351849711,5.668598545222548,14.893858820077158
precip,1999,11,Colombia,224.81177827429306,1999-11-01,245.00193198382573,-20.190153709532666,-8.240814080954086,14.3835786486648
precip,1999,12,Colombia,184.84414627953086,1999-12-01,168.1464612907492,16.697684988781674,9.930440914786185,14.70611911682749
precip,2000,1,Colombia,97.36524195916783,2000-01-01,117.59060154439872,-20.22535958523089,-17.19980961028964,9.06115369935096
precip,2000,2,Colombia,133.1959483674839,2000-02-01,124.61638577339885,8.579562594085061,6.884778868234913,3.0360519872734852
precip,2000,3,Colombia,191.74182338038594,2000-03-01,198.84288248739327,-7.10105910700733,-3.571190991690407,3.018917443802096
precip,2000,4,Colombia,298.4378566783518,2000-04-01,285.0967699518188,13.341086726532978,4.679494169221074,1.3121794828247806
precip,2000,5,Colombia,393.5054138355417,2000-05-01,340.81210838889564,52.693305446646036,15.46110133696262,3.534217193207571
precip,2000,6,Colombia,311.44192545858823,2000-06-01,305.7483601652385,5.693565293349707,1.8621736156729276,2.933032804971972
precip,2000,7,Colombia,319.49275539330984,2000-07-01,287.7073048559917,31.785450537318127,11.047842721000057,3.6416001742285844
precip,2000,8,Colombia,280.29317177068725,2000-08-01,256.5851401994012,23.70803157128603,9.239830316308144,4.529952484521331
precip,2000,9,Colombia,291.8465955625269,2000-09-01,241.92700963227466,49.919585930252225,20.634151600571276,4.6997164504204685
precip,2000,10,Colombia,279.3138711674661,2000-10-01,270.9313638869933,8.382507280472794,3.093959724784457,4.4851632153839605
precip,2000,11,Colombia,191.20316830068757,2000-11-01,245.00193198382573,-53.79876368313816,-21.958505897288106,3.34202223068946
precip,2000,12,Colombia,193.47625771936683,2000-12-01,168.1464612907492,25.32979642861764,15.064126972508102,3.769829402166286
precip,2001,1,Colombia,115.53094149061121,2001-01-01,117.59060154439872,-2.0596600537875105,-1.7515515923352463,5.057184236995819
precip,2001,2,Colombia,77.98440228399227,2001-02-01,124.61638577339885,-46.63198348940658,-37.420426856386044,1.365083759944073
precip,2001,3,Colombia,202.38521059501923,2001-03-01,198.84288248739327,3.5423281076259627,1.781470909752351,1.8111389183976359
precip,2001,4,Colombia,230.98925464191527,2001-04-01,285.0967699518188,-54.10751530990356,-18.978649010666693,-0.16037301325967798
precip,2001,5,Colombia,358.0397597182647,2001-05-01,340.81210838889564,17.227651329369053,5.054882413306406,-1.0275579235643626
precip,2001,6,Colombia,276.05896095120954,2001-06-01,305.7483601652385,-29.68939921402898,-9.710403417367033,-1.9919393429843595
precip,2001,7,Colombia,294.9892979866715,2001-07-01,287.7073048559917,7.28199313067978,2.531042141708807,-2.7016727245919636
precip,2001,8,Colombia,224.16115969184116,2001-08-01,256.5851401994012,-32.42398050756006,-12.636733554547336,-4.52471971382992
precip,2001,9,Colombia,266.9379764209407,2001-09-01,241.92700963227466,25.010966788666025,10.338228388257397,-5.382713314856076
precip,2001,10,Colombia,254.57677445784162,2001-10-01,270.9313638869933,-16.3545894291517,-6.036432694434475,-6.143579349790987
precip,2001,11,Colombia,248.87306117140017,2001-11-01,245.00193198382573,3.8711291875744394,1.5800402699804015,-4.1820338358519455
precip,2001,12,Colombia,235.9362364044096,2001-12-01,168.1464612907492,67.78977511366043,40.31590947158992,-2.0777186275951274
precip,2002,1,Colombia,100.26119282839423,2002-01-01,117.59060154439872,-17.329408716004494,-14.737069534814331,-3.159845122801718
precip,2002,2,Colombia,106.9493246889886,2002-02-01,124.61638577339885,-17.66706108441025,-14.17715734151996,-1.2229059965628777
precip,2002,3,Colombia,219.46147016699348,2002-03-01,198.84288248739327,20.61858767960021,10.369286253385226,-0.5072547179268048
precip,2002,4,Colombia,304.988566488936,2002-04-01,285.0967699518188,19.89179653711716,6.977208665141616,1.6557334217238875
precip,2002,5,Colombia,365.45038000687975,2002-05-01,340.81210838889564,24.638271617984117,7.229282942573668,1.8369334658294931
precip,2002,6,Colombia,297.27552504087214,2002-06-01,305.7483601652385,-8.472835124366384,-2.7711792533530932,2.415202146163988
precip,2002,7,Colombia,316.45420445460087,2002-07-01,287.7073048559917,28.74689959860916,9.991716968395384,3.0369250483878694
precip,2002,8,Colombia,263.5945848023928,2002-08-01,256.5851401994012,7.00944460299155,2.7318201660253076,4.31763785843559
precip,2002,9,Colombia,230.05557631587698,2002-09-01,241.92700963227466,-11.871433316397685,-4.907030981965214,3.047199577583705
precip,2002,10,Colombia,282.13300823169857,2002-10-01,270.9313638869933,11.201644344705244,4.134495240417237,3.894776905488014
precip,2002,11,Colombia,228.98961863496473,2002-11-01,245.00193198382573,-16.012313348861,-6.535586564239046,3.21847466930306
precip,2002,12,Colombia,171.26873890884818,2002-12-01,168.1464612907492,3.122277618098991,1.8568797666815766,0.013555527227365268
precip,2003,1,Colombia,79.00730919462683,2003-01-01,117.59060154439872,-38.583292349771895,-32.81154432669858,-1.4926507054296554
precip,2003,2,Colombia,114.09654568058126,2003-02-01,124.61638577339885,-10.519840092817589,-8.44177916694419,-1.0147025242150078
precip,2003,3,Colombia,183.42779282882458,2003-03-01,198.84288248739327,-15.41508965856869,-7.752397000956781,-2.524842795410175
precip,2003,4,Colombia,313.21381161402905,2003-04-01,285.0967699518188,28.117041662210227,9.862279978465553,-2.284420185966514
precip,2003,5,Colombia,368.1909339531268,2003-05-01,340.81210838889564,27.378825564231136,8.033407525823456,-2.2174098040290313
precip,2003,6,Colombia,324.880040990044,2003-06-01,305.7483601652385,19.13168082480547,6.2573290056129665,-1.4650341157818598
precip,2003,7,Colombia,286.9428290287021,2003-07-01,287.7073048559917,-0.7644758272896297,-0.2657130404361052,-2.3198199498511505
precip,2003,8,Colombia,265.55095368486286,2003-08-01,256.5851401994012,8.965813485461638,3.494283994191555,-2.2562812975039632
precip,2003,9,Colombia,254.79292912996223,2003-09-01,241.92700963227466,12.865919497687571,5.318099668674272,-1.4041870766173394
precip,2003,10,Colombia,305.1864174141324,2003-10-01,270.9313638869933,34.25505352713907,12.643443356165662,-0.6951080669716374
precip,2003,11,Colombia,261.4733909940801,2003-11-01,245.00193198382573,16.471459010254364,6.722991478835261,0.40977343661788823
precip,2003,12,Colombia,185.28688327092615,2003-12-01,168.1464612907492,17.140421980176967,10.193745291218907,1.1045122303293324
precip,2004,1,Colombia,80.70691568698398,2004-01-01,117.59060154439872,-36.88368585741475,-31.36618519932357,1.2249588242772498
precip,2004,2,Colombia,94.93752294559609,2004-02-01,124.61638577339885,-29.67886282780276,-23.816180066215768,-0.056241250662048436
precip,2004,3,Colombia,187.3279713832978,2004-03-01,198.84288248739327,-11.51491110409546,-5.7909596562127446,0.10721186139995457
precip,2004,4,Colombia,290.44615671752734,2004-04-01,285.0967699518188,5.349386765708516,1.8763407128788445,-0.5582830773989378
precip,2004,5,Colombia,376.98602030271496,2004-05-01,340.81210838889564,36.173911913819325,10.614033663540443,-0.34323089925585554
precip,2004,6,Colombia,316.48859725795865,2004-06-01,305.7483601652385,10.740237092720122,3.512770137807337,-0.5719441382396581
precip,2004,7,Colombia,331.0362806583566,2004-07-01,287.7073048559917,43.32897580236488,15.06008887193624,0.7052060211247039
precip,2004,8,Colombia,256.7620710470793,2004-08-01,256.5851401994012,0.17693084767807932,0.06895599937727502,0.4197620215568474
precip,2004,9,Colombia,275.3705376480745,2004-09-01,241.92700963227466,33.44352801579984,13.823809117730795,1.1285711423115576
precip,2004,10,Colombia,283.3132474716675,2004-10-01,270.9313638869933,12.381883584674199,4.570118205228811,0.45579404640015336
precip,2004,11,Colombia,259.19917195658826,2004-11-01,245.00193198382573,14.197239972762532,5.794746130287573,0.3784402673545127
precip,2004,12,Colombia,149.2759674091839,2004-12-01,168.1464612907492,-18.870493881565295,-11.222652999479735,-1.4062595902037074
precip,2005,1,Colombia,127.18618747173541,2005-01-01,117.59060154439872,9.595585927336685,8.160163993815166,1.887602842557854
precip,2005,2,Colombia,133.88689026681303,2005-02-01,124.61638577339885,9.27050449341418,7.439233962595873,4.492220678292157
precip,2005,3,Colombia,190.96528179355107,2005-03-01,198.84288248739327,-7.877600693842197,-3.9617212320092174,4.644657213642452
precip,2005,4,Colombia,340.3379526575734,2005-04-01,285.0967699518188,55.24118270575457,19.37629202712128,6.102986489829321
precip,2005,5,Colombia,341.0505873770311,2005-05-01,340.81210838889564,0.23847898813545498,0.06997374279417624,5.224314829767132
precip,2005,6,Colombia,304.32747816163976,2005-06-01,305.7483601652385,-1.4208820035987628,-0.4647226898717828,4.892857094127206
precip,2005,7,Colombia,246.25433778993707,2005-07-01,287.7073048559917,-41.45296706605464,-14.408034264824595,2.437180166063803
precip,2005,8,Colombia,253.903288510991,2005-08-01,256.5851401994012,-2.6818516884102337,-1.045209276860723,2.344333059710636
precip,2005,9,Colombia,231.29256789136605,2005-09-01,241.92700963227466,-10.634441740908613,-4.395723221261157,0.8260386981279736
precip,2005,10,Colombia,291.36597827116816,2005-10-01,270.9313638869933,20.434614384174836,7.542358363758211,1.0737253780054237
precip,2005,11,Colombia,259.5422831104346,2005-11-01,245.00193198382573,14.540351126608869,5.934790394864632,1.0853957333868454
precip,2005,12,Colombia,156.5290964795651,2005-12-01,168.1464612907492,-11.617364811184075,-6.90907481608905,1.4448605820027354
precip,2006,1,Colombia,184.65213502643434,2006-01-01,117.59060154439872,67.06153348203561,57.02967125031261,5.51731952004419
precip,2006,2,Colombia,105.31755666759807,2006-02-01,124.61638577339885,-19.298829105800777,-15.486590295511835,3.6068341652018803
precip,2006,3,Colombia,247.41758015678352,2006-03-01,198.84288248739327,48.57469766939025,24.42868311993511,5.972701194530575
precip,2006,4,Colombia,276.3770555503728,2006-04-01,285.0967699518188,-8.719714401446026,-3.058510414874098,4.103134324364293
precip,2006,5,Colombia,311.6503747834273,2006-05-01,340.81210838889564,-29.161733605468328,-8.556542707160013,3.3842579535347763
precip,2006,6,Colombia,311.2697557699964,2006-06-01,305.7483601652385,5.521395604757856,1.8058627041446358,3.573473403036145
precip,2006,7,Colombia,290.0348312015796,2006-07-01,287.7073048559917,2.3275263455878985,0.8089910496895144,4.841558845912321
precip,2006,8,Colombia,255.30617568740263,2006-08-01,256.5851401994012,-1.2789645119985948,-0.4984561892417726,4.8871216032139
precip,2006,9,Colombia,224.00120375642555,2006-09-01,241.92700963227466,-17.925805875849107,-7.409592630064769,4.635965819146931
precip,2006,10,Colombia,284.798623795339,2006-10-01,270.9313638869933,13.867259908345659,5.118366404463145,4.433966489205676
precip,2006,11,Colombia,286.6183044484389,2006-11-01,245.00193198382573,41.616372464613164,16.986140528622666,5.354912333685513
precip,2006,12,Colombia,194.45016786384986,2006-12-01,168.1464612907492,26.30370657310067,15.643330446079274,7.234279438866206
precip,2007,1,Colombia,116.07619102093327,2007-01-01,117.59060154439872,-1.5144105234654575,-1.2878669754008027,2.374484586723422
precip,2007,2,Colombia,59.96519233860308,2007-02-01,124.61638577339885,-64.65119343479577,-51.880170519755595,-0.658313765296891
precip,2007,3,Colombia,242.20705886757736,2007-03-01,198.84288248739327,43.36417638018409,21.808261798323812,-0.8766822087644996
precip,2007,4,Colombia,309.7622859671431,2007-04-01,285.0967699518188,24.665516015324272,8.651629416739,0.09916277720325883
precip,2007,5,Colombia,350.31335783757686,2007-05-01,340.81210838889564,9.501249448681222,2.787826258167884,1.0445268576472502
precip,2007,6,Colombia,321.2664918706579,2007-06-01,305.7483601652385,15.518131705419364,5.075458686690175,1.3169931895260452
precip,2007,7,Colombia,266.52300651845496,2007-07-01,287.7073048559917,-21.184298337536745,-7.363142325545151,0.6359820749231563
precip,2007,8,Colombia,292.10924269415125,2007-08-01,256.5851401994012,35.524102494750025,13.844957064599692,1.8312665127432783
precip,2007,9,Colombia,241.45576061693535,2007-09-01,241.92700963227466,-0.4712490153393105,-0.19478974921221148,2.4325000861476584
precip,2007,10,Colombia,303.0405826085368,2007-10-01,270.9313638869933,32.10921872154347,11.851421799558198,2.993588035738913
precip,2007,11,Colombia,218.1998159532797,2007-11-01,245.00193198382573,-26.802116030546017,-10.939552930674608,0.6664469141308066
precip,2007,12,Colombia,191.74081223979658,2007-12-01,168.1464612907492,23.594350949047396,14.032023491858922,0.5321713346124439
precip,2008,1,Colombia,122.09092433794935,2008-01-01,117.59060154439872,4.500322793550623,3.8271109548252755,0.9584194954646171
precip,2008,2,Colombia,137.1420537119838,2008-02-01,124.61638577339885,12.52566793858496,10.05138117338879,6.119382136559982
precip,2008,3,Colombia,169.93141706250822,2008-03-01,198.84288248739327,-28.91146542488505,-14.539854312722532,3.090372460639454
precip,2008,4,Colombia,239.77610489016493,2008-04-01,285.0967699518188,-45.3206650616539,-15.896590154042453,1.0446874964076664
precip,2008,5,Colombia,353.1351778043485,2008-05-01,340.81210838889564,12.323069415452835,3.6157956575272743,1.113684946354282
precip,2008,6,Colombia,329.97534852271025,2008-06-01,305.7483601652385,24.226988357471726,7.923832639487747,1.3510494424207462
precip,2008,7,Colombia,324.81888072657495,2008-07-01,287.7073048559917,37.11157587058324,12.899073205374112,3.0395674033306848
precip,2008,8,Colombia,283.84287020291686,2008-08-01,256.5851401994012,27.257730003515633,10.62326913488938,2.771093409188159
precip,2008,9,Colombia,250.56390737376563,2008-09-01,241.92700963227466,8.63689774149097,3.5700427805142225,3.0848294533320284
precip,2008,10,Colombia,292.84411532850595,2008-10-01,270.9313638869933,21.912751441512626,8.087934570267224,2.7712055175577803
precip,2008,11,Colombia,283.7760369364136,2008-11-01,245.00193198382573,38.77410495258789,15.826040488181798,5.001671635795815
precip,2008,12,Colombia,136.54673162431058,2008-12-01,168.1464612907492,-31.599729666438606,-18.79297930141876,2.2662547363560077
precip,2009,1,Colombia,206.1435436857572,2009-01-01,117.59060154439872,88.55294214135849,75.30613924780674,8.222840427437797
precip,2009,2,Colombia,148.15509137058976,2009-02-01,124.61638577339885,23.538705597190912,18.88893298509993,8.959303078413724
precip,2009,3,Colombia,222.7868295730379,2009-03-01,198.84288248739327,23.943947085644623,12.04164151420541,11.17442773065772
precip,2009,4,Colombia,261.87803361550067,2009-04-01,285.0967699518188,-23.21873633631816,-8.144159732234817,11.82046359914169
precip,2009,5,Colombia,291.37550967631825,2009-05-01,340.81210838889564,-49.43659871257739,-14.505528851740804,10.310353223369349
precip,2009,6,Colombia,334.78837263193714,2009-06-01,305.7483601652385,29.040012466698613,9.4980108645568,10.441534742125105
precip,2009,7,Colombia,284.5780872136498,2009-07-01,287.7073048559917,-3.129217642341928,-1.0876392741950778,9.275975368827671
precip,2009,8,Colombia,287.4165861255254,2009-08-01,256.5851401994012,30.83144592612416,12.01606839046251,9.392041973458765
precip,2009,9,Colombia,210.4561829191745,2009-09-01,241.92700963227466,-31.470826713100166,-13.008397351306636,8.010505295807027
precip,2009,10,Colombia,242.55062659091885,2009-10-01,270.9313638869933,-28.38073729607447,-10.475249852546494,6.463573260572551
precip,2009,11,Colombia,206.36179958338332,2009-11-01,245.00193198382573,-38.64013240044241,-15.771358245041641,3.8304566994705973
precip,2009,12,Colombia,145.5538289801468,2009-12-01,168.1464612907492,-22.592632310602397,-13.436281761253671,4.2768481611510225
precip,2010,1,Colombia,78.43495525981776,2010-01-01,117.59060154439872,-39.15564628458097,-33.298278748745886,-4.773520005228364
precip,2010,2,Colombia,138.51046083964624,2010-02-01,124.61638577339885,13.894075066247396,11.149476836466947,-5.4184746842811125
precip,2010,3,Colombia,222.79568726191363,2010-03-01,198.84288248739327,23.95280477452036,12.046096131220075,-5.418103466196556
precip,2010,4,Colombia,326.500387583208,2010-04-01,285.0967699518188,41.40361763138918,14.522654058264624,-3.5292023169882705
precip,2010,5,Colombia,331.0180899205678,2010-05-01,340.81210838889564,-9.794018468327863,-2.8737296085595805,-2.559885713389835
precip,2010,6,Colombia,324.5716274899092,2010-06-01,305.7483601652385,18.823267324670667,6.156457328012431,-2.8383485081018662
precip,2010,7,Colombia,324.0388010336984,2010-07-01,287.7073048559917,36.3314961777067,12.62793664411544,-1.6953838482426562
precip,2010,8,Colombia,251.49593289468072,2010-08-01,256.5851401994012,-5.089207304720503,-1.9834380513094028,-2.8620093850569823
precip,2010,9,Colombia,260.0276871603122,2010-09-01,241.92700963227466,18.10067752803755,7.48187544480887,-1.154486652047357
precip,2010,10,Colombia,259.59699337799753,2010-10-01,270.9313638869933,-11.33437050899579,-4.1834840922010805,-0.6301728386852389
precip,2010,11,Colombia,302.0583878637959,2010-11-01,245.00193198382573,57.056455879970144,23.28816569647983,2.6247874897748837
precip,2010,12,Colombia,226.13282515317908,2010-12-01,168.1464612907492,57.9863638624299,34.485628432086486,6.618280005886564
precip,2011,1,Colombia,122.8743838700785,2011-01-01,117.59060154439872,5.2837823256797805,4.493371286722078,9.767584175508894
precip,2011,2,Colombia,159.51922296407298,2011-02-01,124.61638577339885,34.902837190674134,28.008224579824592,11.172479820788697
precip,2011,3,Colombia,210.62743369154478,2011-03-01,198.84288248739327,11.784551204151512,5.926564258541493,10.662518831398815
precip,2011,4,Colombia,321.3274528248287,2011-04-01,285.0967699518188,36.23068287300987,12.70820531538566,10.511314769492236
precip,2011,5,Colombia,391.48737230433113,2011-05-01,340.81210838889564,50.675263915435494,14.868974038214247,11.989873406723389
precip,2011,6,Colombia,344.52831812572333,2011-06-01,305.7483601652385,38.77995796048481,12.683619280746619,12.533803569451237
precip,2011,7,Colombia,308.9140635853131,2011-07-01,287.7073048559917,21.206758729321393,7.370949006642766,12.095721266328512
precip,2011,8,Colombia,234.02847635707477,2011-08-01,256.5851401994012,-22.556663842326458,-8.791102955064698,11.528415857682239
precip,2011,9,Colombia,256.62354182933905,2011-09-01,241.92700963227466,14.696532197064386,6.074779421860704,11.411157855769892
precip,2011,10,Colombia,284.37678145610136,2011-10-01,270.9313638869933,13.44541756910803,4.962665590358219,12.173336995983165
precip,2011,11,Colombia,295.01809062301794,2011-11-01,245.00193198382573,50.01615863919221,20.414597645905143,11.93387299176861
precip,2011,12,Colombia,236.33400280154282,2011-12-01,168.1464612907492,68.18754151079364,40.552468953175094,12.43944303519266
precip,2012,1,Colombia,146.0573885138182,2012-01-01,117.59060154439872,28.466786969419488,24.2083862107562,14.082360945528835
precip,2012,2,Colombia,139.01323754753477,2012-02-01,124.61638577339885,14.396851774135925,11.552936385360278,12.711086929323479
precip,2012,3,Colombia,261.63441086103774,2012-03-01,198.84288248739327,62.79152837364447,31.578464156304655,14.848745254137073
precip,2012,4,Colombia,329.09838452169885,2012-04-01,285.0967699518188,44.00161456988002,15.433922515964058,15.075888354185274
precip,2012,5,Colombia,326.3426382579404,2012-05-01,340.81210838889564,-14.469470130955244,-4.2455856980422615,13.483008376163896
precip,2012,6,Colombia,268.9477584574663,2012-06-01,305.7483601652385,-36.800601707772216,-12.036238456972823,11.423020231353945
precip,2012,7,Colombia,291.7598956800067,2012-07-01,287.7073048559917,4.052590824014999,1.4085811363195913,10.926156242160348
precip,2012,8,Colombia,261.76550828571726,2012-08-01,256.5851401994012,5.180368086316037,2.018966524051312,11.826995365420016
precip,2012,9,Colombia,208.72296215453295,2012-09-01,241.92700963227466,-33.20404747774171,-13.724820361402124,10.17702871681478
precip,2012,10,Colombia,289.5792634319063,2012-10-01,270.9313638869933,18.647899544913003,6.882886970845917,10.337047165188755
precip,2012,11,Colombia,223.8347606401006,2012-11-01,245.00193198382573,-21.16717134372513,-8.639593644152374,7.91586455768396
precip,2012,12,Colombia,169.37148673336435,2012-12-01,168.1464612907492,1.2250254426151628,0.7285466689048657,4.597204367328108
precip,2013,1,Colombia,87.68563564244442,2013-01-01,117.59060154439872,-29.9049659019543,-25.431425223777833,0.4605534144502726
precip,2013,2,Colombia,165.54054302503224,2013-02-01,124.61638577339885,40.92415725163339,32.840109266248064,2.234484487857588
precip,2013,3,Colombia,231.51863977624907,2013-03-01,198.84288248739327,32.675757288855806,16.432952932538313,0.9723585525437262
precip,2013,4,Colombia,267.1168640595328,2013-04-01,285.0967699518188,-17.979905892286013,-6.306597544168811,-0.8393514524673463
precip,2013,5,Colombia,367.80193470120844,2013-05-01,340.81210838889564,26.9898263123128,7.919268608119729,0.1743864063794863
precip,2013,6,Colombia,285.4815233734776,2013-06-01,305.7483601652385,-20.26683679176091,-6.6286003237459425,0.6250229174817262
precip,2013,7,Colombia,271.7348415924904,2013-07-01,287.7073048559917,-15.97246326350131,-5.551636331060878,0.04500479520002069
precip,2013,8,Colombia,295.7361372372831,2013-08-01,256.5851401994012,39.15099703788189,15.258481846398547,1.1482977387289568
precip,2013,9,Colombia,249.89881832368152,2013-09-01,241.92700963227466,7.9718086914068635,3.295129677138527,2.5666269086073448
precip,2013,10,Colombia,251.56894154103736,2013-10-01,270.9313638869933,-19.362422345955963,-7.146615315468649,1.3975017180811307
precip,2013,11,Colombia,231.2777468034396,2013-11-01,245.00193198382573,-13.724185180386115,-5.601664064139765,1.6506625164155146
precip,2013,12,Colombia,158.61096110725623,2013-12-01,168.1464612907492,-9.535500183492957,-5.670949070408754,1.1173712048060465
precip,2014,1,Colombia,122.89239219268393,2014-01-01,117.59060154439872,5.3017906482852055,4.508685710127443,3.612380449298153
precip,2014,2,Colombia,141.6263082203098,2014-02-01,124.61638577339885,17.00992244691095,13.649828103538178,2.0131903524056622
precip,2014,3,Colombia,192.48910747709274,2014-03-01,198.84288248739327,-6.353775010300524,-3.1953746248389634,0.3774963892908893
precip,2014,4,Colombia,290.7116678173763,2014-04-01,285.0967699518188,5.614897865557452,1.969470880538691,1.0671687580165146
precip,2014,5,Colombia,337.40324503601937,2014-05-01,340.81210838889564,-3.408863352876267,-1.000217794194819,0.3238782244903022
precip,2014,6,Colombia,306.37238977577294,2014-06-01,305.7483601652385,0.6240296105344214,0.2040990866466695,0.8932698420230198
precip,2014,7,Colombia,256.9644801140586,2014-07-01,287.7073048559917,-30.742824741933134,-10.685451576323747,0.4654519049177808
precip,2014,8,Colombia,267.90063469490565,2014-08-01,256.5851401994012,11.315494495504424,4.410035003083483,-0.43858533202514133
precip,2014,9,Colombia,231.20241898695488,2014-09-01,241.92700963227466,-10.724590645319779,-4.432986073618234,-1.082594977921538
precip,2014,10,Colombia,299.2781698305278,2014-10-01,270.9313638869933,28.34680594353449,10.462725886309004,0.3848501222265998
precip,2014,11,Colombia,234.37716143211097,2014-11-01,245.00193198382573,-10.62477055171476,-4.3366068445599755,0.4902715571915823
precip,2014,12,Colombia,167.85087726913406,2014-12-01,168.1464612907492,-0.2955840216151273,-0.17578961778090615,0.9482015115772362
precip,2015,1,Colombia,159.99397968815651,2015-01-01,117.59060154439872,42.40337814375779,36.060176227389675,3.577492388015756
precip,2015,2,Colombia,116.94407882955792,2015-02-01,124.61638577339885,-7.672306943840923,-6.156740059683777,1.926945041080593
precip,2015,3,Colombia,179.46939981423614,2015-03-01,198.84288248739327,-19.373482673157127,-9.74311095816337,1.3813003466368923
precip,2015,4,Colombia,255.7086870790228,2015-04-01,285.0967699518188,-29.38808287279602,-10.30810797251845,0.3581687755487972
precip,2015,5,Colombia,276.5370463071795,2015-05-01,340.81210838889564,-64.27506208171616,-18.859383366852928,-1.1300950221727117
precip,2015,6,Colombia,234.47824871322427,2015-06-01,305.7483601652385,-71.27011145201425,-23.31005517527455,-3.0896078773328135
precip,2015,7,Colombia,248.6239611178777,2015-07-01,287.7073048559917,-39.083343738113996,-13.58441133695812,-3.3311878573856775
precip,2015,8,Colombia,226.08936112732522,2015-08-01,256.5851401994012,-30.495779072076004,-11.885247543320972,-4.68912806958605
precip,2015,9,Colombia,176.9243784027198,2015-09-01,241.92700963227466,-65.00263122955485,-26.868695367399386,-6.558770510734479
precip,2015,10,Colombia,234.80158379298413,2015-10-01,270.9313638869933,-36.12978009400919,-13.335399628770586,-8.541947636991111
precip,2015,11,Colombia,235.8744102308276,2015-11-01,245.00193198382573,-9.12752175299812,-3.7254897049549354,-8.491021208690691
precip,2015,12,Colombia,125.10131933367036,2015-12-01,168.1464612907492,-43.045141957078826,-25.599790579385218,-10.60968795549105
precip,2016,1,Colombia,64.328339283818,2016-01-01,117.59060154439872,-53.26226226058073,-45.29465923385933,-17.3892575772618
precip,2016,2,Colombia,88.97797900165826,2016-02-01,124.61638577339885,-35.63840677174059,-28.59849172366875,-19.25940354926055
precip,2016,3,Colombia,172.14763274011045,2016-03-01,198.84288248739327,-26.695249747282816,-13.425298111424889,-19.56625247869901
precip,2016,4,Colombia,291.8131510902577,2016-04-01,285.0967699518188,6.716381138438862,2.355825055322067,-18.510924726378963
precip,2016,5,Colombia,322.6775001604239,2016-05-01,340.81210838889564,-18.134608228471734,-5.320998809050118,-17.38272601322873
precip,2016,6,Colombia,271.83798259162205,2016-06-01,305.7483601652385,-33.91037757361647,-11.090943400412666,-16.36446669865691
precip,2016,7,Colombia,309.93151931352764,2016-07-01,287.7073048559917,22.224214457535936,7.724591653541779,-14.588716449448583
precip,2016,8,Colombia,253.69666554691796,2016-08-01,256.5851401994012,-2.888474652483268,-1.1257373089643983,-13.692090596585535
precip,2016,9,Colombia,224.20342022779218,2016-09-01,241.92700963227466,-17.72358940448248,-7.326006894154591,-12.063533223815135
precip,2016,10,Colombia,276.1887346890219,2016-10-01,270.9313638869933,5.257370802028561,1.9404806909773036,-10.790543197169479
precip,2016,11,Colombia,266.06712074157645,2016-11-01,245.00193198382573,21.065188757750718,8.597968427098516,-9.76358835283169
precip,2016,12,Colombia,184.75655887405054,2016-12-01,168.1464612907492,16.610097583301354,9.878350966054604,-6.8070765573783705
precip,2017,1,Colombia,151.2920333787524,2017-01-01,117.59060154439872,33.70143183435367,28.659970602862344,-0.6441907376515653
precip,2017,2,Colombia,102.47369103072472,2017-02-01,124.61638577339885,-22.142694742674124,-17.768686361148504,0.25829304255845525
precip,2017,3,Colombia,253.18403509349238,2017-03-01,198.84288248739327,54.341152606099115,27.328688825230827,3.6544586206130982
precip,2017,4,Colombia,250.70386934851788,2017-04-01,285.0967699518188,-34.392900603300944,-12.06358830691534,2.4528408404266475
precip,2017,5,Colombia,308.85728572843925,2017-05-01,340.81210838889564,-31.954822660456387,-9.376081974174818,2.1149172433329224
precip,2017,6,Colombia,287.5181797307717,2017-06-01,305.7483601652385,-18.23018043446683,-5.9624785639453695,2.5422893130385305
precip,2017,7,Colombia,230.87267182551773,2017-07-01,287.7073048559917,-56.83463303047398,-19.75432395048914,0.2523796793692871
precip,2017,8,Colombia,245.33135623740304,2017-08-01,256.5851401994012,-11.253783961998181,-4.385984298721459,-0.01930756977713462
precip,2017,9,Colombia,243.8676285009139,2017-09-01,241.92700963227466,1.940618868639234,0.8021505625142662,0.6580388849452702
precip,2017,10,Colombia,250.01609427098413,2017-10-01,270.9313638869933,-20.915269616009198,-7.719766850150671,-0.14698174348206106
precip,2017,11,Colombia,239.10646850348715,2017-11-01,245.00193198382573,-5.895463480338577,-2.4062926494505263,-1.0640034998611478
precip,2017,12,Colombia,124.2361071482847,2017-12-01,168.1464612907492,-43.910354142464485,-26.11434924374485,-4.063395184011102
precip,2018,1,Colombia,158.4160730528805,2018-01-01,117.59060154439872,40.82547150848178,34.718311644206786,-3.558533430565733
precip,2018,2,Colombia,52.73985355890018,2018-02-01,124.61638577339885,-71.87653221449867,-57.67823530462376,-6.8843291758553375
precip,2018,3,Colombia,184.69314327831063,2018-03-01,198.84288248739327,-14.14973920908264,-7.116040077511822,-9.754723251083892
precip,2018,4,Colombia,281.6381851139133,2018-04-01,285.0967699518188,-3.458584837905505,-1.2131266301228187,-8.850518111351182
precip,2018,5,Colombia,363.0909526469293,2018-05-01,340.81210838889564,22.278844258033644,6.536987304632847,-7.524429004783876
precip,2018,6,Colombia,305.1576055127126,2018-06-01,305.7483601652385,-0.5907546525259022,-0.19321596760376245,-7.043657121755409
precip,2018,7,Colombia,260.253622213734,2018-07-01,287.7073048559917,-27.453682642257718,-9.542226484655757,-6.192648999602626
precip,2018,8,Colombia,238.14460080119113,2018-08-01,256.5851401994012,-18.440539398210092,-7.186908557478936,-6.426059354499082
precip,2018,9,Colombia,226.13581707356875,2018-09-01,241.92700963227466,-15.791192558705916,-6.5272548867975875,-7.036843141941738
precip,2018,10,Colombia,279.5699898811386,2018-10-01,270.9313638869933,8.638625994145286,3.188492417492312,-6.127821536304822
precip,2018,11,Colombia,235.188670896553,2018-11-01,245.00193198382573,-9.813261087272735,-4.005381103656185,-6.261078907488627
precip,2018,12,Colombia,91.85849430310745,2018-12-01,168.1464612907492,-76.28796698764174,-45.36995093564828,-7.865712381813913
precip,2019,1,Colombia,109.07780237511729,2019-01-01,117.59060154439872,-8.512799169281436,-7.239353364535052,-11.362184465875734
precip,2019,2,Colombia,96.88739230580411,2019-02-01,124.61638577339885,-27.728993467594734,-22.251482656555975,-8.40995507853675
precip,2019,3,Colombia,198.00985981185516,2019-03-01,198.84288248739327,-0.8330226755381034,-0.4189351236099273,-7.851862999044926
precip,2019,4,Colombia,256.5431204937865,2019-04-01,285.0967699518188,-28.55364945803234,-10.015423697314386,-8.585387754644223
precip,2019,5,Colombia,358.48163447801966,2019-05-01,340.81210838889564,17.66952608912402,5.1845358935902555,-8.698092038897771
precip,2019,6,Colombia,299.5768235904105,2019-06-01,305.7483601652385,-6.1715365748279964,-2.018501937833012,-8.850199203083543
precip,2019,7,Colombia,277.9874131152158,2019-07-01,287.7073048559917,-9.719891740775893,-3.378395882454588,-8.336546652900113
precip,2019,8,Colombia,236.29987915354414,2019-08-01,256.5851401994012,-20.285261045857084,-7.905859641790909,-8.396459243259445
precip,2019,9,Colombia,234.44797056084644,2019-09-01,241.92700963227466,-7.479039071428218,-3.0914444330941975,-8.110141705450827
precip,2019,10,Colombia,288.1915965436221,2019-10-01,270.9313638869933,17.260232656628773,6.370703047812542,-7.844957486257475
precip,2019,11,Colombia,247.60270293966585,2019-11-01,245.00193198382573,2.600770955840119,1.0615307947905546,-7.422714828053581
precip,2019,12,Colombia,206.31808582756952,2019-12-01,168.1464612907492,38.17162453682033,22.701414138484992,-1.7501010718758074
precip,2020,1,Colombia,75.93414138296511,2020-01-01,117.59060154439872,-41.656460161433614,-35.42499112542202,-4.098904218616387
precip,2020,2,Colombia,84.79307844503296,2020-02-01,124.61638577339885,-39.823307328365885,-31.956718276824507,-4.907673853638766
precip,2020,3,Colombia,135.21004789186864,2020-03-01,198.84288248739327,-63.63283459552463,-32.0015651551214,-7.539559689598055
precip,2020,4,Colombia,218.49402893548003,2020-04-01,285.0967699518188,-66.6027410163388,-23.361450579603066,-8.651728596455444
precip,2020,5,Colombia,312.181154959144,2020-05-01,340.81210838889564,-28.630953429751628,-8.400802883764115,-9.783840161234977
precip,2020,6,Colombia,297.8248366593563,2020-06-01,305.7483601652385,-7.923523505882201,-2.5915179076021913,-9.831591492049073
precip,2020,7,Colombia,314.15932465891285,2020-07-01,287.7073048559917,26.452019802921143,9.194073058437418,-8.783885746974741
precip,2020,8,Colombia,237.86440259409596,2020-08-01,256.5851401994012,-18.72073760530526,-7.296111376815011,-8.733073391560081
precip,2020,9,Colombia,226.33579191942954,2020-09-01,241.92700963227466,-15.591217712845122,-6.444595721884684,-9.012502665625956
precip,2020,10,Colombia,229.50763679926783,2020-10-01,270.9313638869933,-41.423727087725496,-15.289380488633098,-10.817509626996426
precip,2020,11,Colombia,255.91225840440305,2020-11-01,245.00193198382573,10.91032642057732,4.45315934133025,-10.534873914784786
precip,2020,12,Colombia,171.48026949367946,2020-12-01,168.1464612907492,3.333808202930271,1.9826811562603401,-12.261434996636838
precip,2021,1,Colombia,147.63748616278787,2021-01-01,117.59060154439872,30.046884618389143,25.552114049730694,-7.180009565374114
precip,2021,2,Colombia,117.59002798201276,2021-02-01,124.61638577339885,-7.02635779138609,-5.638389965957404,-4.9868155394685205
precip,2021,3,Colombia,235.65908317034533,2021-03-01,198.84288248739327,36.81620068295206,18.515221778323507,-0.777083295014779
precip,2021,4,Colombia,296.78568672731734,2021-04-01,285.0967699518188,11.688916775498512,4.099982184110305,1.5113694352946687
precip,2021,5,Colombia,291.6114641725069,2021-05-01,340.81210838889564,-49.20064421638875,-14.436295837308288,1.0084116891659873
precip,2021,6,Colombia,305.5947659177832,2021-06-01,305.7483601652385,-0.1535942474553167,-0.050235509806923664,1.2201852223155931
precip,2021,7,Colombia,235.40686153959,2021-07-01,287.7073048559917,-52.3004433164017,-18.178350856465055,-1.0608501039262797
precip,2021,8,Colombia,280.4238626567927,2021-08-01,256.5851401994012,23.838722457391498,9.290765022037363,0.32138959597808475
precip,2021,9,Colombia,213.37829459471152,2021-09-01,241.92700963227466,-28.54871503756314,-11.800548884953669,-0.12493983427766404
precip,2021,10,Colombia,260.478276191334,2021-10-01,270.9313638869933,-10.453087695659349,-3.858205098771576,0.827658114877463
precip,2021,11,Colombia,194.49381512390963,2021-11-01,245.00193198382573,-50.5081168599161,-20.61539533625004,-1.2613881082542278
precip,2021,12,Colombia,127.83484646624449,2021-12-01,168.1464612907492,-40.3116148245047,-23.974108354739727,-3.4244539008375665
precip,2022,1,Colombia,85.9670495440512,2022-01-01,117.59060154439872,-31.623552000347516,-26.892924761854715,-7.794873801803018
precip,2022,2,Colombia,188.7460835141656,2022-02-01,124.61638577339885,64.12969774076676,51.461689682911796,-3.036533831063918
precip,2022,3,Colombia,241.3934051584629,2022-03-01,198.84288248739327,42.55052267106964,21.399067514406692,-2.7962133530569857
precip,2022,4,Colombia,311.5694922344208,2022-04-01,285.0967699518188,26.47272228260198,9.28552164483514,-2.3640850646632487
precip,2022,5,Colombia,361.8996241302422,2022-05-01,340.81210838889564,21.08751574134658,6.187431497382108,-0.6454411201057161
precip,2022,6,Colombia,330.9961249442824,2022-06-01,305.7483601652385,25.247764779043905,8.257694257264049,0.046886360483531675
precip,2022,7,Colombia,333.9884277962592,2022-07-01,287.7073048559917,46.281122940267494,16.08618278337873,2.902264163803847
precip,2022,8,Colombia,282.42207869104834,2022-08-01,256.5851401994012,25.836938491647118,10.069538115717979,2.967161921610565
precip,2022,9,Colombia,235.46285548973003,2022-09-01,241.92700963227466,-6.464154142544629,-2.67194396870777,3.7278789979643903
precip,2022,10,Colombia,429.8417736921401,2022-10-01,270.9313638869933,158.9104098051468,58.65338273328482,8.937177983969091
precip,2022,11,Colombia,253.51911466446455,2022-11-01,245.00193198382573,8.517182680638825,3.476373680678201,10.944825402046442
precip,2022,12,Colombia,92.39081076417136,2022-12-01,168.1464612907492,-75.75565052657782,-45.05337189082172,9.188220107372944
precip,2023,1,Colombia,182.88097941414097,2023-01-01,117.59060154439872,65.29037786974224,55.52346617181861,16.056252685179057
precip,2023,2,Colombia,89.58079097426604,2023-02-01,124.61638577339885,-35.03559479913281,-28.114757607270985,9.424882077663822
precip,2023,3,Colombia,235.62224777742114,2023-03-01,198.84288248739327,36.77936529002787,18.496696904582286,9.183017860178454
precip,2023,4,Colombia,258.59859859173656,2023-04-01,285.0967699518188,-26.498171360082267,-9.294448114778866,7.6346870468772865
precip,2023,5,Colombia,315.8401054211341,2023-05-01,340.81210838889564,-24.97200296776151,-7.327205329003843,6.508467311345124
precip,2023,6,Colombia,259.9386020143113,2023-06-01,305.7483601652385,-45.80975815092722,-14.982830366177538,4.571756926058327
precip,2023,7,Colombia,299.27577311623173,2023-07-01,287.7073048559917,11.568468260240024,4.0209157240656355,3.566318004448902
precip,2023,8,Colombia,233.28908538945146,2023-08-01,256.5851401994012,-23.296054809949766,-9.079268889790574,1.9705840873231886
precip,2023,9,Colombia,192.4228515053106,2023-09-01,241.92700963227466,-49.50415812696406,-20.462435427201626,0.48804313244870084
precip,2023,10,Colombia,234.072899918665,2023-10-01,270.9313638869933,-36.85846396832832,-13.604354785480707,-5.533434994115093
precip,2023,11,Colombia,218.7338988829056,2023-11-01,245.00193198382573,-26.26803310092012,-10.721561617177066,-6.7165962689363665
precip,2023,12,Colombia,189.40835867019342,2023-12-01,168.1464612907492,21.261897379444235,12.6448675852175,-1.9084096459330968
precip,2024,1,Colombia,74.04144002629087,2024-01-01,117.59060154439872,-43.54916151810785,-37.03455968941955,-9.621578467702944
precip,2024,2,Colombia,163.0457887275957,2024-02-01,124.61638577339885,38.429402954196846,30.838162024756905,-4.708835165033952
precip,2024,3,Colombia,176.3081822579844,2024-03-01,198.84288248739327,-22.534700229408855,-11.332917702416411,-7.194636382283844
precip,2024,4,Colombia,252.90692926787082,2024-04-01,285.0967699518188,-32.189840683948006,-11.290847205805967,-7.36100297320277
precip,2024,5,Colombia,377.33081482134196,2024-05-01,340.81210838889564,36.51870643244632,10.715202169629306,-5.857469014983341
precip,2024,6,Colombia,330.6701495057839,2024-06-01,305.7483601652385,24.921789340545388,8.151078660594179,-3.9296432627523643
precip,2024,7,Colombia,258.6688258966861,2024-07-01,287.7073048559917,-29.03847895930562,-10.093062800001018,-5.105808139757919
precip,2024,8,Colombia,266.2423808464969,2024-08-01,256.5851401994012,9.657240647095705,3.7637567941739447,-4.035555999427542
precip,2024,9,Colombia,235.72620046724532,2024-09-01,241.92700963227466,-6.200809165029341,-2.5630908985542686,-2.5439439553735954
precip,2024,10,Colombia,239.88585239145425,2024-10-01,270.9313638869933,-31.045511495539074,-11.458810471455159,-2.365148595871467
precip,2024,11,Colombia,245.85621425487946,2024-11-01,245.00193198382573,0.8542822710537337,0.34868389164789554,-1.44262813680272
precip,2024,12,Colombia,189.55207476541986,2024-12-01,168.1464612907492,21.405613474670673,12.730338367131806,-1.4355055716431941
precip,2025,1,Colombia,124.92492278266569,2025-01-01,117.59060154439872,7.334321238266966,6.237166186702212,2.170471584700286
precip,2025,2,Colombia,201.8538116433584,2025-02-01,124.61638577339885,77.23742586995955,61.98015244191666,4.765637452796932
precip,2025,3,Colombia,231.9445560149817,2025-03-01,198.84288248739327,33.101673527588446,16.647150309585314,7.09730978713041
precip,2025,4,Colombia,325.2640937945996,2025-04-01,285.0967699518188,40.167323842780775,14.089014003760559,9.212298221260953
precip,2025,5,Colombia,368.1333541889068,2025-05-01,340.81210838889564,27.321245800011184,8.016512655364732,8.987407428405572
precip,2025,6,Colombia,347.03260957508064,2025-06-01,305.7483601652385,41.28424940984212,13.502688742968392,9.43337493527009
precip,2025,7,Colombia,263.2698062553209,2025-07-01,287.7073048559917,-24.437498600670835,-8.493874916697969,9.56664059221201
precip,2025,8,Colombia,269.9785760258439,2025-08-01,256.5851401994012,13.39343582644267,5.2198797701356225,9.68798417354215
precip,2025,9,Colombia,235.6337657075389,2025-09-01,241.92700963227466,-6.293243924735748,-2.601298604195283,9.684800198072066
precip,2025,10,Colombia,268.75293436009366,2025-10-01,270.9313638869933,-2.178429526899663,-0.8040521760368414,10.572696722690258
precip,2025,11,Colombia,240.1439366043044,2025-11-01,245.00193198382573,-4.857995379521327,-1.9828396209716572,10.37840309663863
precip,2025,12,Colombia,110.78360669339816,2025-12-01,168.1464612907492,-57.36285459735103,-34.11481523727251,6.4746402962716045
precip,2026,1,Colombia,237.763831760691,2026-01-01,117.59060154439872,120.17323021629228,102.19628834105285,14.471233809134157
precip,2026,2,Colombia,185.84027281057925,2026-02-01,124.61638577339885,61.223887037180404,49.129885012480855,13.400378190014507
precip,2026,3,Colombia,176.23345743479658,2026-03-01,198.84288248739327,-22.60942505259669,-11.370497535424805,11.065574202930328
precip,2026,4,Colombia,265.6590953200391,2026-04-01,285.0967699518188,-19.437674631779714,-6.817921730598584,9.3233295584004
precip,1991,1,Orinoquia,11.331986405789584,1991-01-01,35.7482846434016,-24.41629823761201,-68.30061492787951,
precip,1991,2,Orinoquia,62.673961426991156,1991-02-01,53.20137836930886,9.472583057682293,17.805145934239356,
precip,1991,3,Orinoquia,117.11467285636314,1991-03-01,123.72017423186884,-6.605501375505696,-5.339065691199292,
precip,1991,4,Orinoquia,246.78845019784708,1991-04-01,264.8325144547327,-18.044064256885605,-6.813387054847392,
precip,1991,5,Orinoquia,334.40104672138614,1991-05-01,354.12086367200294,-19.719816950616803,-5.568668489660602,
precip,1991,6,Orinoquia,366.2950183816716,1991-06-01,377.0761811184578,-10.7811627367862,-2.859147110487819,
precip,1991,7,Orinoquia,419.39622676542456,1991-07-01,349.8509258850462,69.54530088037836,19.87855275913419,
precip,1991,8,Orinoquia,281.92791670050207,1991-08-01,290.04110044348147,-8.113183742979402,-2.797253123979361,
precip,1991,9,Orinoquia,236.03613954636478,1991-09-01,241.37040383649767,-5.334264290132893,-2.2099910367413065,
precip,1991,10,Orinoquia,224.26542393029163,1991-10-01,245.62260516986947,-21.35718123957784,-8.695120396108285,
precip,1991,11,Orinoquia,178.32821336251587,1991-11-01,193.19480155750506,-14.866588194989191,-7.695128479201912,
precip,1991,12,Orinoquia,29.770594960217064,1991-12-01,86.4339109042916,-56.663315944074526,-65.5568113848486,-11.512624083465044
precip,1992,1,Orinoquia,29.7813367661326,1992-01-01,35.7482846434016,-5.966947877268996,-16.69156418773893,-7.211869855119996
precip,1992,2,Orinoquia,62.03113651473335,1992-02-01,53.20137836930886,8.829758145424485,16.59685973572115,-7.312560371663179
precip,1992,3,Orinoquia,81.65702698230908,1992-03-01,123.72017423186884,-42.06314724955976,-33.99861624081419,-9.700856250797754
precip,1992,4,Orinoquia,226.0032244140205,1992-04-01,264.8325144547327,-38.82929004071218,-14.66182886216156,-10.354893068073935
precip,1992,5,Orinoquia,307.4235435151843,1992-05-01,354.12086367200294,-46.69732015681865,-13.186831092807644,-10.989739951669522
precip,1992,6,Orinoquia,370.5410094799522,1992-06-01,377.0761811184578,-6.535171638505574,-1.733117063804293,-10.895904114445893
precip,1992,7,Orinoquia,345.6784761660994,1992-07-01,349.8509258850462,-4.17244971894678,-1.192636466058049,-12.651836549878581
precip,1992,8,Orinoquia,313.1418312542,1992-08-01,290.04110044348147,23.100730810718517,7.964640451093591,-11.755012085289167
precip,1992,9,Orinoquia,246.78313757823983,1992-09-01,241.37040383649767,5.412733741742159,2.2425010091165527,-11.38397108146768
precip,1992,10,Orinoquia,215.87783174003786,1992-10-01,245.62260516986947,-29.74477342983161,-12.109949493150479,-11.668540172887864
precip,1992,11,Orinoquia,218.67155725144875,1992-11-01,193.19480155750506,25.476755693943687,13.187081375147896,-9.928356018358713
precip,1992,12,Orinoquia,58.12448175934286,1992-12-01,86.4339109042916,-28.30942914494873,-32.75268797717114,-7.194679067718925
precip,1993,1,Orinoquia,57.52654519745567,1993-01-01,35.7482846434016,21.77826055405407,60.92113445805264,-0.7269541805696266
precip,1993,2,Orinoquia,53.45148597061198,1993-02-01,53.20137836930886,0.2501076013031138,0.4701148898190905,-2.0708495843947987
precip,1993,3,Orinoquia,184.7466704309487,1993-03-01,123.72017423186884,61.02649619907987,49.32622878844942,4.872887501377169
precip,1993,4,Orinoquia,289.86731294319105,1993-04-01,264.8325144547327,25.034798488458364,9.453068306209627,6.8824622654081
precip,1993,5,Orinoquia,324.2115369800817,1993-05-01,354.12086367200294,-29.90932669192125,-8.44607865850687,7.277524968266499
precip,1993,6,Orinoquia,395.37302334735114,1993-06-01,377.0761811184578,18.296842228893354,4.852293288486826,7.826309164290758
precip,1993,7,Orinoquia,371.0545102156564,1993-07-01,349.8509258850462,21.203584330610227,6.060748382177295,8.430757901643704
precip,1993,8,Orinoquia,290.3924820775034,1993-08-01,290.04110044348147,0.3513816340219478,0.12114891078701426,7.777133606618155
precip,1993,9,Orinoquia,249.86753344482182,1993-09-01,241.37040383649767,8.497129608324144,3.520369305128242,7.883622631285796
precip,1993,10,Orinoquia,288.16856583996633,1993-10-01,245.62260516986947,42.54596067009686,17.3216795907985,10.336258388281545
precip,1993,11,Orinoquia,199.0208392973207,1993-11-01,193.19480155750506,5.826037739815632,3.015628626053633,9.488637325857022
precip,1993,12,Orinoquia,51.66367698717243,1993-12-01,86.4339109042916,-34.770233917119164,-40.22753749465334,8.865733199400173
precip,1994,1,Orinoquia,19.172530275282966,1994-01-01,35.7482846434016,-16.57575436811863,-46.367971312375055,-0.07502561480213525
precip,1994,2,Orinoquia,52.58141635399429,1994-02-01,53.20137836930886,-0.6199620153145702,-1.1653119417526552,-0.2113111840997807
precip,1994,3,Orinoquia,166.3416184826571,1994-03-01,123.72017423186884,42.62144425078827,34.44987409321761,-1.4510074087024314
precip,1994,4,Orinoquia,227.74201714240974,1994-04-01,264.8325144547327,-37.09049731232295,-14.005265701112679,-3.405868575979291
precip,1994,5,Orinoquia,376.2468410894313,1994-05-01,354.12086367200294,22.125977417428373,6.248142848177988,-2.181350117088886
precip,1994,6,Orinoquia,384.10693340517145,1994-06-01,377.0761811184578,7.030752286713664,1.8645442588973729,-2.430329202888007
precip,1994,7,Orinoquia,362.1675063913209,1994-07-01,349.8509258850462,12.316580506274704,3.520522484002709,-2.642014694402556
precip,1994,8,Orinoquia,331.3626511612291,1994-08-01,290.04110044348147,41.32155071774764,14.24679145630249,-1.4648778156095992
precip,1994,9,Orinoquia,258.26628645557327,1994-09-01,241.37040383649767,16.895882619075593,6.999981087375039,-1.1749101670890327
precip,1994,10,Orinoquia,268.13029560635823,1994-10-01,245.62260516986947,22.507690436488758,9.163525653887893,-1.8547563284982498
precip,1994,11,Orinoquia,185.1858867512911,1994-11-01,193.19480155750506,-8.008914806213966,-4.145512581936676,-2.451518095830776
precip,1994,12,Orinoquia,70.20662645874222,1994-12-01,86.4339109042916,-16.227284445549373,-18.774210579824242,-0.6637408529283512
precip,1995,1,Orinoquia,43.98171211133175,1995-01-01,35.7482846434016,8.233427467930156,23.031671449583467,5.119562710568193
precip,1995,2,Orinoquia,22.49760944295129,1995-02-01,53.20137836930886,-30.703768926357572,-57.71235608449978,0.4073090320059312
precip,1995,3,Orinoquia,115.50591905140243,1995-03-01,123.72017423186884,-8.21425518046641,-6.6393821633905485,-3.016795656044749
precip,1995,4,Orinoquia,265.8574616882035,1995-04-01,264.8325144547327,1.0249472334708116,0.3870171438658465,-1.8174387522965383
precip,1995,5,Orinoquia,313.5144265820857,1995-05-01,354.12086367200294,-40.60643708991722,-11.466829903455812,-3.2936864815993547
precip,1995,6,Orinoquia,398.7440017528452,1995-06-01,377.0761811184578,21.667820634387397,5.746271368856494,-2.9702092224360945
precip,1995,7,Orinoquia,339.2354080080476,1995-07-01,349.8509258850462,-10.615517876998581,-3.034297494037967,-3.5164442206061515
precip,1995,8,Orinoquia,253.20336056363928,1995-08-01,290.04110044348147,-36.83773987984219,-12.70086888496706,-5.762082582378613
precip,1995,9,Orinoquia,224.527085198044,1995-09-01,241.37040383649767,-16.843318638453667,-6.978203777569678,-6.926931321124006
precip,1995,10,Orinoquia,248.52297620972848,1995-10-01,245.62260516986947,2.90037103985901,1.1808241500627152,-7.592156446442772
precip,1995,11,Orinoquia,157.9939437237586,1995-11-01,193.19480155750506,-35.200857833746454,-18.220395968195245,-8.765063395297652
precip,1995,12,Orinoquia,95.1340451850935,1995-12-01,86.4339109042916,8.700134280801905,10.065649222370114,-6.361741745114791
precip,1996,1,Orinoquia,22.468213938318474,1996-01-01,35.7482846434016,-13.280070705083123,-37.148833398735825,-11.376783815808063
precip,1996,2,Orinoquia,115.55155630767122,1996-02-01,53.20137836930886,62.35017793836236,117.19654612244277,3.1989580347704822
precip,1996,3,Orinoquia,91.54572412095466,1996-03-01,123.72017423186884,-32.17445011091418,-26.00582347274647,1.5850879256574888
precip,1996,4,Orinoquia,199.7294310040309,1996-04-01,264.8325144547327,-65.10308345070177,-24.58273810704226,-0.4957250119181869
precip,1996,5,Orinoquia,406.93860583364835,1996-05-01,354.12086367200294,52.81774216164541,14.915173766933638,1.7027752939476004
precip,1996,6,Orinoquia,356.69066375207854,1996-06-01,377.0761811184578,-20.385517366379247,-5.40620659356237,0.7734021304126951
precip,1996,7,Orinoquia,308.40391670025167,1996-07-01,349.8509258850462,-41.447009184794524,-11.847048590751239,0.039006205686589045
precip,1996,8,Orinoquia,285.7219906001649,1996-08-01,290.04110044348147,-4.319109843316596,-1.4891371728739646,0.9733171816943469
precip,1996,9,Orinoquia,258.70477712343427,1996-09-01,241.37040383649767,17.334373286936597,7.181648210142101,2.153304847336995
precip,1996,10,Orinoquia,256.93176882556304,1996-10-01,245.62260516986947,11.309163655693567,4.604284547781053,2.4385932138135233
precip,1996,11,Orinoquia,222.85321074688594,1996-11-01,193.19480155750506,29.658409189380876,15.35155653789833,5.236255922654654
precip,1996,12,Orinoquia,136.60805013007567,1996-12-01,86.4339109042916,50.174139225784074,58.04913685016749,9.23487989163777
precip,1997,1,Orinoquia,23.18872266255321,1997-01-01,35.7482846434016,-12.559561980848386,-35.13332767189607,9.40283870220775
precip,1997,2,Orinoquia,100.78276468202796,1997-02-01,53.20137836930886,47.5813863127191,89.43637885173317,7.089491429648615
precip,1997,3,Orinoquia,38.782845097015944,1997-03-01,123.72017423186884,-84.93732913485289,-68.65277200116815,3.5355790522801427
precip,1997,4,Orinoquia,237.88163430582665,1997-04-01,264.8325144547327,-26.950880148906037,-10.176575260932584,4.736092622789283
precip,1997,5,Orinoquia,370.5549531432869,1997-05-01,354.12086367200294,16.434089471283983,4.640813676119833,3.8798959485547986
precip,1997,6,Orinoquia,356.6392394620808,1997-06-01,377.0761811184578,-20.436941656376973,-5.419844233003078,3.878759478601406
precip,1997,7,Orinoquia,320.61567510048366,1997-07-01,349.8509258850462,-29.23525078456254,-8.35648804147188,4.169639524374687
precip,1997,8,Orinoquia,284.97594884617763,1997-08-01,290.04110044348147,-5.065151597303839,-1.7463564955308302,4.1482045808199475
precip,1997,9,Orinoquia,222.65647820350705,1997-09-01,241.37040383649767,-18.713925632990623,-7.753198128494362,2.903634052600242
precip,1997,10,Orinoquia,194.81694266647196,1997-10-01,245.62260516986947,-50.805662503397514,-20.68444085928531,0.7962402686780452
precip,1997,11,Orinoquia,152.7284133854686,1997-11-01,193.19480155750506,-40.46638817203646,-20.94589908517363,-2.2285476999112848
precip,1997,12,Orinoquia,29.809773306279236,1997-12-01,86.4339109042916,-56.624137598012354,-65.51148386738204,-12.525266093040413
precip,1998,1,Orinoquia,23.656682181894123,1998-01-01,35.7482846434016,-12.091602461507474,-33.82428718503375,-12.416179385801884
precip,1998,2,Orinoquia,99.81231148701717,1998-02-01,53.20137836930886,46.610933117708306,87.61226597203637,-12.568188792443285
precip,1998,3,Orinoquia,135.70509997561172,1998-03-01,123.72017423186884,11.984925743742878,9.687123234470603,-6.039864189473389
precip,1998,4,Orinoquia,304.74042392098477,1998-04-01,264.8325144547327,39.90790946625208,15.069112472242702,-3.936056878375449
precip,1998,5,Orinoquia,359.74734430100546,1998-05-01,354.12086367200294,5.626480629002515,1.5888588349919777,-4.190386448469437
precip,1998,6,Orinoquia,415.8797285428916,1998-06-01,377.0761811184578,38.803547424433816,10.290638700470915,-2.881179537346604
precip,1998,7,Orinoquia,384.03979261485296,1998-07-01,349.8509258850462,34.18886672980676,9.772409960990219,-1.3704380371414289
precip,1998,8,Orinoquia,302.1456997815288,1998-08-01,290.04110044348147,12.104599338047308,4.173408292665768,-0.8771243047917124
precip,1998,9,Orinoquia,208.5196726688683,1998-09-01,241.37040383649767,-32.85073116762936,-13.610090817050702,-1.3651986955047406
precip,1998,10,Orinoquia,234.26965374224127,1998-10-01,245.62260516986947,-11.352951427628199,-4.622111804317295,-0.026671274257405935
precip,1998,11,Orinoquia,189.51761376286566,1998-11-01,193.19480155750506,-3.6771877946393943,-1.9033575256655482,1.5602071890349343
precip,1998,12,Orinoquia,90.7874271333651,1998-12-01,86.4339109042916,4.353516229073506,5.036815045768508,7.439232098464147
precip,1999,1,Orinoquia,65.22948260955329,1999-01-01,35.7482846434016,29.48119796615169,82.46884643622563,17.130326566902426
precip,1999,2,Orinoquia,123.59255707620208,1999-02-01,53.20137836930886,70.39117870689321,132.31081762253908,20.855205871110986
precip,1999,3,Orinoquia,107.75596953970746,1999-03-01,123.72017423186884,-15.964204692161374,-12.903477376488521,18.972655820197726
precip,1999,4,Orinoquia,354.33232000721324,1999-04-01,264.8325144547327,89.49980555248055,33.794870594629565,20.533135663729965
precip,1999,5,Orinoquia,289.4516766990206,1999-05-01,354.12086367200294,-64.66918697298235,-18.261896885262548,18.87890602037542
precip,1999,6,Orinoquia,362.4043272582777,1999-06-01,377.0761811184578,-14.671853860180079,-3.8909521722272196,17.697106780983912
precip,1999,7,Orinoquia,348.46047324434574,1999-07-01,349.8509258850462,-1.3904526407004596,-0.39744146372713435,16.849619162257465
precip,1999,8,Orinoquia,247.95811202973826,1999-08-01,290.04110044348147,-42.08298841374321,-14.509318972172244,15.292725223520966
precip,1999,9,Orinoquia,274.7420753621791,1999-09-01,241.37040383649767,33.37167152568142,13.825916929022963,17.579059202360437
precip,1999,10,Orinoquia,260.29419617282144,1999-10-01,245.62260516986947,14.67159100295197,5.973225059153364,18.46200394098299
precip,1999,11,Orinoquia,145.66453966018062,1999-11-01,193.19480155750506,-47.530261897324436,-24.602246806923993,16.570429834211456
precip,1999,12,Orinoquia,102.8628451482278,1999-12-01,86.4339109042916,16.42893424393621,19.007509983122244,17.734654412324264
precip,2000,1,Orinoquia,32.84933822280879,2000-01-01,35.7482846434016,-2.8989464205928073,-8.109330138524266,10.186473031095106
precip,2000,2,Orinoquia,46.09644500460255,2000-02-01,53.20137836930886,-7.104933364706312,-13.354791891642135,-1.9523277617533266
precip,2000,3,Orinoquia,116.46810343164665,2000-03-01,123.72017423186884,-7.252070800222185,-5.8616719910455295,-1.365510646299744
precip,2000,4,Orinoquia,261.67242411839936,2000-04-01,264.8325144547327,-3.160090336333326,-1.1932410726982219,-4.281186618577059
precip,2000,5,Orinoquia,435.43130302378637,2000-05-01,354.12086367200294,81.31043935178343,22.961211183279932,-0.8459276128651867
precip,2000,6,Orinoquia,358.7975418380352,2000-06-01,377.0761811184578,-18.278639280422567,-4.847465895672781,-0.9256370898189831
precip,2000,7,Orinoquia,375.26359944524614,2000-07-01,349.8509258850462,25.41267356019995,7.263857740525183,-0.2871954894646234
precip,2000,8,Orinoquia,332.48417196443097,2000-08-01,290.04110044348147,42.4430715209495,14.63346796576512,2.141370088696824
precip,2000,9,Orinoquia,267.80566304702813,2000-09-01,241.37040383649767,26.43525921053046,10.952154361243679,1.9018898747152164
precip,2000,10,Orinoquia,276.9784737475212,2000-10-01,245.62260516986947,31.355868577651734,12.765872487984733,2.4679438271178307
precip,2000,11,Orinoquia,152.9033221242681,2000-11-01,193.19480155750506,-40.29147943323696,-20.85536417564738,2.780184046390882
precip,2000,12,Orinoquia,135.90536801527912,2000-12-01,86.4339109042916,49.47145711098753,57.23616644602296,5.9659054182992755
precip,2001,1,Orinoquia,15.808428342025769,2001-01-01,35.7482846434016,-19.939856301375826,-55.77849818608378,1.9934747476693164
precip,2001,2,Orinoquia,14.252313806967475,2001-02-01,53.20137836930886,-38.94906456234139,-73.21063054413374,-2.9945118067049843
precip,2001,3,Orinoquia,119.98039945449656,2001-03-01,123.72017423186884,-3.7397747773722756,-3.0227687607062506,-2.7579365375100444
precip,2001,4,Orinoquia,193.9210158463319,2001-04-01,264.8325144547327,-70.91149860840079,-26.77597905770802,-4.889831369594194
precip,2001,5,Orinoquia,371.99755817063186,2001-05-01,354.12086367200294,17.876694498628922,5.048190132956085,-6.382583123787847
precip,2001,6,Orinoquia,337.1146252993503,2001-06-01,377.0761811184578,-39.9615558191075,-10.597740674199109,-6.861772688665042
precip,2001,7,Orinoquia,325.3821053497659,2001-07-01,349.8509258850462,-24.468820535280315,-6.994070538295579,-8.049933378566772
precip,2001,8,Orinoquia,271.33847663297547,2001-08-01,290.04110044348147,-18.702623810505997,-6.448266739406631,-9.806744603997751
precip,2001,9,Orinoquia,291.36293544802925,2001-09-01,241.37040383649767,49.992531611531575,20.7119559054954,-8.993427808643442
precip,2001,10,Orinoquia,218.23161276058036,2001-10-01,245.62260516986947,-27.39099240928911,-11.151657800529332,-10.98655533268628
precip,2001,11,Orinoquia,191.36552008114685,2001-11-01,193.19480155750506,-1.8292814763582044,-0.9468585394694032,-9.327513196338115
precip,2001,12,Orinoquia,178.15443481571577,2001-12-01,86.4339109042916,91.72052391142418,106.116364459068,-5.254163361917695
precip,2002,1,Orinoquia,19.486237310536143,2002-01-01,35.7482846434016,-16.262047332865453,-45.49042700952952,-4.396824097204841
precip,2002,2,Orinoquia,19.51095504533706,2002-02-01,53.20137836930886,-33.6904233239718,-63.326222659312414,-3.573123440136398
precip,2002,3,Orinoquia,165.5888097509009,2002-03-01,123.72017423186884,41.86863551903207,33.84139715206383,-0.501109614072225
precip,2002,4,Orinoquia,259.77732429632226,2002-04-01,264.8325144547327,-5.055190158410426,-1.9088253452634496,1.5711531952981561
precip,2002,5,Orinoquia,417.9346813139178,2002-05-01,354.12086367200294,63.81381764191485,18.020349600474564,2.652166484258029
precip,2002,6,Orinoquia,373.85301481659104,2002-06-01,377.0761811184578,-3.2231663018667405,-0.8547785469520783,3.4640799948619487
precip,2002,7,Orinoquia,412.03695923820214,2002-07-01,349.8509258850462,62.18603335315595,17.77500894011897,5.528169951396495
precip,2002,8,Orinoquia,303.9068782416817,2002-08-01,290.04110044348147,13.865777798200213,4.7806251517454,6.463910942325831
precip,2002,9,Orinoquia,239.6684072435654,2002-09-01,241.37040383649767,-1.701996592932261,-0.7051388927058263,4.679153042475728
precip,2002,10,Orinoquia,245.90572063192639,2002-10-01,245.62260516986947,0.2831154620569123,0.11526441626214054,5.61806322720835
precip,2002,11,Orinoquia,191.91126217752787,2002-11-01,193.19480155750506,-1.283539379977185,-0.6643757335236246,5.641603461037165
precip,2002,12,Orinoquia,71.29760651807138,2002-12-01,86.4339109042916,-15.136304386220218,-17.51199758041803,-4.660760042253337
precip,2003,1,Orinoquia,12.072129222852393,2003-01-01,35.7482846434016,-23.676155420549204,-66.23018602633663,-6.389073293653929
precip,2003,2,Orinoquia,32.31328735199554,2003-02-01,53.20137836930886,-20.88809101731332,-39.26231172492209,-4.383747382454735
precip,2003,3,Orinoquia,119.08519663778189,2003-03-01,123.72017423186884,-4.634977594086948,-3.7463393685498327,-7.51605875917254
precip,2003,4,Orinoquia,276.7696344880708,2003-04-01,264.8325144547327,11.93712003333809,4.507422382752205,-6.981371448504569
precip,2003,5,Orinoquia,375.8210767859372,2003-05-01,354.12086367200294,21.70021311393424,6.127911495786255,-7.972407957228595
precip,2003,6,Orinoquia,391.4089669976757,2003-06-01,377.0761811184578,14.332785879217909,3.801031886104546,-7.5844237544738755
precip,2003,7,Orinoquia,331.1227382976019,2003-07-01,349.8509258850462,-18.728187587444268,-5.353190802644313,-9.511773733037483
precip,2003,8,Orinoquia,291.07222029182174,2003-08-01,290.04110044348147,1.0311198483402677,0.35550818375866555,-9.88053348036971
precip,2003,9,Orinoquia,254.49674098572024,2003-09-01,241.37040383649767,13.126337149222564,5.438254624669823,-9.368584020588406
precip,2003,10,Orinoquia,272.9980321009933,2003-10-01,245.62260516986947,27.375426931123855,11.145320648395272,-8.449412667910645
precip,2003,11,Orinoquia,223.54245228303202,2003-11-01,193.19480155750506,30.34765072552696,15.708316414763305,-7.085021655553401
precip,2003,12,Orinoquia,116.19440688628822,2003-12-01,86.4339109042916,29.760495981996627,34.43150456879184,-2.7563964764525792
precip,2004,1,Orinoquia,14.02990549105447,2004-01-01,35.7482846434016,-21.718379152347126,-60.753625996306084,-2.300016473950034
precip,2004,2,Orinoquia,53.0966034782517,2004-02-01,53.20137836930886,-0.10477489105716131,-0.1969401813799706,0.9554311546784761
precip,2004,3,Orinoquia,109.92171646086818,2004-03-01,123.72017423186884,-13.798457771000656,-11.152956950368033,0.3382130228602927
precip,2004,4,Orinoquia,285.97985850682807,2004-04-01,264.8325144547327,21.147344052095377,7.985176629703469,0.628025876772898
precip,2004,5,Orinoquia,427.3637111528068,2004-05-01,354.12086367200294,73.24284748080385,20.683008259192405,1.8409506070567438
precip,2004,6,Orinoquia,421.7285675079389,2004-06-01,377.0761811184578,44.65238638948114,11.841741437243863,2.5110097363183534
precip,2004,7,Orinoquia,398.05149411994114,2004-07-01,349.8509258850462,48.200568234894945,13.7774591028902,4.105230561779563
precip,2004,8,Orinoquia,295.0867764583826,2004-08-01,290.04110044348147,5.045676014901119,1.739641729115677,4.220575023892647
precip,2004,9,Orinoquia,265.6147922853051,2004-09-01,241.37040383649767,24.244388448807427,10.044474410885263,4.604426672743934
precip,2004,10,Orinoquia,247.30212652001524,2004-10-01,245.62260516986947,1.6795213501457624,0.6837812623085838,3.7326317239033764
precip,2004,11,Orinoquia,223.5463616905794,2004-11-01,193.19480155750506,30.351560133074344,15.710339972082584,3.7328003536799836
precip,2004,12,Orinoquia,91.10954138485812,2004-12-01,86.4339109042916,4.675630480566525,5.409486197777003,1.3142988227620807
precip,2005,1,Orinoquia,49.636875043111935,2005-01-01,35.7482846434016,13.888590399710338,38.85106806732862,9.61468999473164
precip,2005,2,Orinoquia,93.50916823117036,2005-02-01,53.20137836930886,40.3077898618615,75.76455929779915,15.944814951329901
precip,2005,3,Orinoquia,93.1670658008217,2005-03-01,123.72017423186884,-30.553108431047136,-24.69533252821513,14.816283653175978
precip,2005,4,Orinoquia,343.9054724354787,2005-04-01,264.8325144547327,79.07295798074603,29.857722773787966,16.638995831849684
precip,2005,5,Orinoquia,367.6602806316101,2005-05-01,354.12086367200294,13.539416959607138,3.8233886643142667,15.234027532276505
precip,2005,6,Orinoquia,358.7353579821479,2005-06-01,377.0761811184578,-18.340823136309893,-4.863956954774653,13.841885999608294
precip,2005,7,Orinoquia,263.42112172900397,2005-07-01,349.8509258850462,-86.42980415604222,-24.7047521561916,10.635035061351479
precip,2005,8,Orinoquia,279.24602232070845,2005-08-01,290.04110044348147,-10.79507812277302,-3.721913241353389,10.179905480479057
precip,2005,9,Orinoquia,228.2388761651067,2005-09-01,241.37040383649767,-13.131527671390984,-5.440405063201607,8.889498857638484
precip,2005,10,Orinoquia,253.1663366820861,2005-10-01,245.62260516986947,7.543731512216624,3.071269237210262,9.088456188880292
precip,2005,11,Orinoquia,214.3128013536617,2005-11-01,193.19480155750506,21.117999796156653,10.930935835698877,8.690172510848315
precip,2005,12,Orinoquia,52.12179228056058,2005-12-01,86.4339109042916,-34.31211862373102,-39.6975194859861,4.931255370534724
precip,2006,1,Orinoquia,105.47380764948664,2006-01-01,35.7482846434016,69.72552300608504,195.04578667652225,17.94748192130086
precip,2006,2,Orinoquia,32.60626101985881,2006-02-01,53.20137836930886,-20.59511734945005,-38.711623609607614,8.407800012350293
precip,2006,3,Orinoquia,167.71304675971902,2006-03-01,123.72017423186884,43.99287252785018,35.558366128228535,13.428941567053933
precip,2006,4,Orinoquia,234.0360640975154,2006-04-01,264.8325144547327,-30.79645035721728,-11.628651572721166,9.971743704844839
precip,2006,5,Orinoquia,312.5992266560359,2006-05-01,354.12086367200294,-41.52163701596703,-11.725272717742376,8.676021923006784
precip,2006,6,Orinoquia,389.2395981421201,2006-06-01,377.0761811184578,12.163417023662305,3.2257187360877593,9.350161563911985
precip,2006,7,Orinoquia,367.24989643817725,2006-07-01,349.8509258850462,17.39897055313105,4.973252681585869,11.823328633726776
precip,2006,8,Orinoquia,279.68394408118445,2006-08-01,290.04110044348147,-10.357156362297019,-3.570927136347441,11.835910809143938
precip,2006,9,Orinoquia,223.24202759932345,2006-09-01,241.37040383649767,-18.128376237174223,-7.510604427481605,11.663394195453938
precip,2006,10,Orinoquia,280.76889616148355,2006-10-01,245.62260516986947,35.14629099161408,14.309062053676758,12.59987693015948
precip,2006,11,Orinoquia,228.1696907341936,2006-11-01,193.19480155750506,34.97488917668855,18.10343181841679,13.197584928719307
precip,2006,12,Orinoquia,82.68553888638634,2006-12-01,86.4339109042916,-3.748372017905254,-4.336691442847973,16.144320598980816
precip,2007,1,Orinoquia,16.46359035536497,2007-01-01,35.7482846434016,-19.284694288036626,-53.945789232704314,-4.604977393454733
precip,2007,2,Orinoquia,20.236372378334046,2007-02-01,53.20137836930886,-32.96500599097482,-61.96269157190083,-6.5425663903125
precip,2007,3,Orinoquia,147.37815207701064,2007-03-01,123.72017423186884,23.6579778451418,19.12216660865952,-7.912249683609919
precip,2007,4,Orinoquia,256.9375615207103,2007-04-01,264.8325144547327,-7.894952934022399,-2.9811116472150054,-7.191621356484405
precip,2007,5,Orinoquia,349.58907946674265,2007-05-01,354.12086367200294,-4.531784205260294,-1.279728101380032,-6.321159305120876
precip,2007,6,Orinoquia,411.0087205169642,2007-06-01,377.0761811184578,33.932539398506435,8.998855164454579,-5.840064602756974
precip,2007,7,Orinoquia,295.64723589986386,2007-07-01,349.8509258850462,-54.203689985182336,-15.49336759594358,-7.545616292551095
precip,2007,8,Orinoquia,303.2733510918929,2007-08-01,290.04110044348147,13.232250648411423,4.562198470554317,-6.867855825309282
precip,2007,9,Orinoquia,244.43386640612871,2007-09-01,241.37040383649767,3.0634625696310422,1.269195610123852,-6.136205822175494
precip,2007,10,Orinoquia,246.7945751338394,2007-10-01,245.62260516986947,1.1719699639699286,0.4771425509306886,-7.288865780737666
precip,2007,11,Orinoquia,139.67326186764458,2007-11-01,193.19480155750506,-53.521539689860475,-27.70340571194387,-11.106102241601056
precip,2007,12,Orinoquia,103.19607926711747,2007-12-01,86.4339109042916,16.762168362825875,19.393046302609925,-9.12862409614623
precip,2008,1,Orinoquia,18.764018711415364,2008-01-01,35.7482846434016,-16.984265931986233,-47.510715832685925,-8.592367979478032
precip,2008,2,Orinoquia,33.79281403995565,2008-02-01,53.20137836930886,-19.40856432935321,-36.481318575290416,-6.468920229760497
precip,2008,3,Orinoquia,61.4369931565263,2008-03-01,123.72017423186884,-62.28318107534254,-50.341976530533486,-12.257598824693247
precip,2008,4,Orinoquia,198.18518873683308,2008-04-01,264.8325144547327,-66.6473257178996,-25.165839570386854,-14.106326151624236
precip,2008,5,Orinoquia,385.7429633216477,2008-05-01,354.12086367200294,31.62209964964478,8.929747691718635,-13.255536502199346
precip,2008,6,Orinoquia,421.3381241634655,2008-06-01,377.0761811184578,44.26194304500774,11.73819648690643,-13.027258058661692
precip,2008,7,Orinoquia,359.67120247190434,2008-07-01,349.8509258850462,9.820276586858142,2.8069888801966134,-11.502228352316676
precip,2008,8,Orinoquia,283.8655169574014,2008-08-01,290.04110044348147,-6.175583486080086,-2.129209783247076,-12.059845706800123
precip,2008,9,Orinoquia,253.91738677784397,2008-09-01,241.37040383649767,12.5469829413463,5.1982275962240685,-11.732426374625106
precip,2008,10,Orinoquia,257.6183701436945,2008-10-01,245.62260516986947,11.995764973825032,4.8838196164921035,-11.365203285828322
precip,2008,11,Orinoquia,255.27224248731855,2008-11-01,193.19480155750506,62.07744092981349,32.132045184112236,-6.3789157111569805
precip,2008,12,Orinoquia,49.302674405992875,2008-12-01,86.4339109042916,-37.13123649829872,-42.959107264525144,-11.574928508418234
precip,2009,1,Orinoquia,101.60719579342006,2009-01-01,35.7482846434016,65.85891115001846,184.22957019330624,7.73676199374778
precip,2009,2,Orinoquia,40.47220547548764,2009-02-01,53.20137836930886,-12.729172893821222,-23.926396803967968,8.783005474691317
precip,2009,3,Orinoquia,126.29569315903576,2009-03-01,123.72017423186884,2.575518927166925,2.081729146565898,13.1516476144496
precip,2009,4,Orinoquia,222.7041025283602,2009-04-01,264.8325144547327,-42.12841192637248,-15.90756785023593,13.92317025779551
precip,2009,5,Orinoquia,272.32534677079036,2009-05-01,354.12086367200294,-81.79551690121258,-23.098191971251367,11.25417528588134
precip,2009,6,Orinoquia,419.9176124682041,2009-06-01,377.0761811184578,42.8414313497463,11.361479057805496,11.222782166789598
precip,2009,7,Orinoquia,378.12916246956036,2009-07-01,349.8509258850462,28.27823658451416,8.082938901183818,11.662444668538534
precip,2009,8,Orinoquia,329.7159119084648,2009-08-01,290.04110044348147,39.67481146498335,13.679030800917314,12.979798050552231
precip,2009,9,Orinoquia,234.19399085213078,2009-09-01,241.37040383649767,-7.176412984366891,-2.9731950853544307,12.29884616042069
precip,2009,10,Orinoquia,242.42729696320546,2009-10-01,245.62260516986947,-3.1953082066640093,-1.3009015210363781,11.783452732293318
precip,2009,11,Orinoquia,133.1723592707692,2009-11-01,193.19480155750506,-60.02244228673587,-31.068352669349643,6.516752911171493
precip,2009,12,Orinoquia,52.30474588049218,2009-12-01,86.4339109042916,-34.129165023799416,-39.48585071152305,6.806190957255001
precip,2010,1,Orinoquia,14.189161758946707,2010-01-01,35.7482846434016,-21.55912288445489,-60.30813254261772,-13.571950937405331
precip,2010,2,Orinoquia,81.2037018264967,2010-02-01,53.20137836930886,28.002323457187835,52.63458262829894,-7.191869318049754
precip,2010,3,Orinoquia,177.5111348669574,2010-03-01,123.72017423186884,53.79096063508857,43.47792182564891,-3.742186594792836
precip,2010,4,Orinoquia,336.96124844617765,2010-04-01,264.8325144547327,72.12873399144496,27.235603656881715,-0.1469223025330327
precip,2010,5,Orinoquia,349.72957274787234,2010-05-01,354.12086367200294,-4.391290924130601,-1.2400542793767562,1.6745891717898516
precip,2010,6,Orinoquia,383.14428454666637,2010-06-01,377.0761811184578,6.0681034282085875,1.609251321632088,0.8619035271087342
precip,2010,7,Orinoquia,370.3537163311379,2010-07-01,349.8509258850462,20.502790446091694,5.860436239871062,0.6766949719993378
precip,2010,8,Orinoquia,262.21368458967714,2010-08-01,290.04110044348147,-27.827415853804325,-9.594300880549474,-1.262749334789561
precip,2010,9,Orinoquia,237.2414473558857,2010-09-01,241.37040383649767,-4.128956480611976,-1.710630804350353,-1.1575356447058882
precip,2010,10,Orinoquia,221.34608509138755,2010-10-01,245.62260516986947,-24.276520078481923,-9.883666880616541,-1.8727660913375683
precip,2010,11,Orinoquia,249.7796698577325,2010-11-01,193.19480155750506,56.58486830022744,29.289022191099058,3.1570151470331567
precip,2010,12,Orinoquia,120.9593868505024,2010-12-01,86.4339109042916,34.525475946210804,39.94436394812786,9.776199702004066
precip,2011,1,Orinoquia,43.81569668439119,2011-01-01,35.7482846434016,8.067412040989595,22.567270350071677,16.682483276394848
precip,2011,2,Orinoquia,80.76329604366707,2011-02-01,53.20137836930886,27.561917674358206,51.80677365731241,16.613499195479307
precip,2011,3,Orinoquia,124.57362911724361,2011-03-01,123.72017423186884,0.8534548853747737,0.6898267729362233,13.047824607753247
precip,2011,4,Orinoquia,317.4242191362887,2011-04-01,264.8325144547327,52.591704681555996,19.858477268109535,12.433064075355565
precip,2011,5,Orinoquia,469.6858199574482,2011-05-01,354.12086367200294,115.56495628544525,32.63432577428843,15.255929079827665
precip,2011,6,Orinoquia,403.0061169798222,2011-06-01,377.0761811184578,25.929935861364413,6.876577508675514,15.69487292874795
precip,2011,7,Orinoquia,359.3079117678128,2011-07-01,349.8509258850462,9.456985882766617,2.703147307340266,15.431765517703717
precip,2011,8,Orinoquia,257.173224066036,2011-08-01,290.04110044348147,-32.86787637744544,-11.332144419252817,15.286945222811772
precip,2011,9,Orinoquia,266.8817950009106,2011-09-01,241.37040383649767,25.511391164412913,10.569394904643785,16.310280698561282
precip,2011,10,Orinoquia,247.00808910944383,2011-10-01,245.62260516986947,1.3854839395743568,0.5640702078769068,17.18092545593574
precip,2011,11,Orinoquia,248.63397631683566,2011-11-01,193.19480155750506,55.4391747593306,28.695997155404278,17.131506702961172
precip,2011,12,Orinoquia,138.85665863213748,2011-12-01,86.4339109042916,52.42274772784589,60.65067191729144,18.857032367058135
precip,2012,1,Orinoquia,22.641820408610947,2012-01-01,35.7482846434016,-13.10646423479065,-36.66319759264263,13.921160038498611
precip,2012,2,Orinoquia,61.44770636822569,2012-02-01,53.20137836930886,8.246327998916826,15.500214941186597,10.89561347882146
precip,2012,3,Orinoquia,210.8103036244043,2012-03-01,123.72017423186884,87.09012939253546,70.39282795489476,16.704196910651337
precip,2012,4,Orinoquia,346.4010483221496,2012-04-01,264.8325144547327,81.56853386741693,30.800045090898116,17.615994229217055
precip,2012,5,Orinoquia,341.9172539059167,2012-05-01,354.12086367200294,-12.203609766086231,-3.446170790261477,14.609286182171227
precip,2012,6,Orinoquia,327.7379099035333,2012-06-01,377.0761811184578,-49.338271214924475,-13.084430596645124,12.945868840061175
precip,2012,7,Orinoquia,381.2142609108813,2012-07-01,349.8509258850462,31.363335025835113,8.964771194042934,13.467670830619731
precip,2012,8,Orinoquia,270.591822531886,2012-08-01,290.04110044348147,-19.44927791159546,-6.705697186314952,13.85320810003122
precip,2012,9,Orinoquia,229.55408698324365,2012-09-01,241.37040383649767,-11.816316853254023,-4.895511904292251,12.564465865953217
precip,2012,10,Orinoquia,252.49091406623657,2012-10-01,245.62260516986947,6.868308896367097,2.7962853384838344,12.750483793503795
precip,2012,11,Orinoquia,150.4695907519616,2012-11-01,193.19480155750506,-42.72521080554347,-22.115093398528206,8.516226247342752
precip,2012,12,Orinoquia,93.30847751490737,2012-12-01,86.4339109042916,6.874566610615773,7.953552649292927,4.124799641676211
precip,2013,1,Orinoquia,13.458317707296162,2013-01-01,35.7482846434016,-22.289966936105436,-62.35254966344157,1.9840203024429652
precip,2013,2,Orinoquia,59.40518246230004,2013-02-01,53.20137836930886,6.203804092991177,11.660983762349408,1.6640843708731996
precip,2013,3,Orinoquia,158.67434044716703,2013-03-01,123.72017423186884,34.95416621529819,28.25260021844878,-1.8476012738306318
precip,2013,4,Orinoquia,230.49961636602112,2013-04-01,264.8325144547327,-34.33289808871157,-12.964004121397272,-5.494605374855247
precip,2013,5,Orinoquia,359.37792276749803,2013-05-01,354.12086367200294,5.257059095495094,1.484538087076489,-5.083712968410416
precip,2013,6,Orinoquia,335.4273473831849,2013-06-01,377.0761811184578,-41.64883373527289,-11.045204078320976,-4.913777425216738
precip,2013,7,Orinoquia,328.5270180186351,2013-07-01,349.8509258850462,-21.323907866411105,-6.095141184053262,-6.168770123391421
precip,2013,8,Orinoquia,320.61571979055475,2013-08-01,290.04110044348147,30.57461934707328,10.541478190616358,-4.731505508647145
precip,2013,9,Orinoquia,254.86349976954682,2013-09-01,241.37040383649767,13.493095933049148,5.590203156054402,-3.857695920284924
precip,2013,10,Orinoquia,210.3220423954825,2013-10-01,245.62260516986947,-35.300562774386975,-14.37187051654857,-5.288375574870958
precip,2013,11,Orinoquia,175.91254672409403,2013-11-01,193.19480155750506,-17.28225483341103,-8.945507174149773,-4.190910056172755
precip,2013,12,Orinoquia,80.0574148392357,2013-12-01,86.4339109042916,-6.376496065055889,-7.3773082790579645,-5.468481800201996
precip,2014,1,Orinoquia,21.82094929335881,2014-01-01,35.7482846434016,-13.927335350042785,-38.95945075119426,-3.5190568908480535
precip,2014,2,Orinoquia,44.070013362302525,2014-02-01,53.20137836930886,-9.131365007006337,-17.16377523833874,-5.921120140905399
precip,2014,3,Orinoquia,82.36785926073334,2014-03-01,123.72017423186884,-41.3523149711355,-33.42406784332157,-11.060842479386261
precip,2014,4,Orinoquia,317.27909901218766,2014-04-01,264.8325144547327,52.44658455745497,19.803680324312882,-8.330202108910417
precip,2014,5,Orinoquia,309.09567537653936,2014-05-01,354.12086367200294,-45.02518829546358,-12.714638676914337,-9.513466839242986
precip,2014,6,Orinoquia,378.635152457656,2014-06-01,377.0761811184578,1.5589713391981945,0.4134367051703132,-8.558580107285378
precip,2014,7,Orinoquia,366.57578186074886,2014-07-01,349.8509258850462,16.724855975702667,4.780566446520742,-7.652271138070877
precip,2014,8,Orinoquia,291.6124411522017,2014-08-01,290.04110044348147,1.5713407087202427,0.5417648417129903,-8.485580583812824
precip,2014,9,Orinoquia,246.85302772879297,2014-09-01,241.37040383649767,5.482623892295294,2.2714565684735644,-8.762142799444561
precip,2014,10,Orinoquia,271.8798595213499,2014-10-01,245.62260516986947,26.257254351480412,10.690080553995113,-6.673646876899254
precip,2014,11,Orinoquia,170.91229739370033,2014-11-01,193.19480155750506,-22.28250416380473,-11.533697586149733,-6.889329411232583
precip,2014,12,Orinoquia,94.44802312919627,2014-12-01,86.4339109042916,8.014112224904679,9.271953728645599,-5.50189091059062
precip,2015,1,Orinoquia,74.50460201233517,2015-01-01,35.7482846434016,38.75631736893357,108.41448129760039,6.7792700934756
precip,2015,2,Orinoquia,50.41206792413931,2015-02-01,53.20137836930886,-2.789310445169555,-5.242928906478614,7.7726739544639445
precip,2015,3,Orinoquia,102.58026645373967,2015-03-01,123.72017423186884,-21.13990777812917,-17.08687197490527,9.134106943498635
precip,2015,4,Orinoquia,229.88189970752413,2015-04-01,264.8325144547327,-34.95061474720856,-13.19725216488952,6.3840292360651025
precip,2015,5,Orinoquia,257.3703744720701,2015-05-01,354.12086367200294,-96.75048919993282,-27.321318545508216,5.166805913682279
precip,2015,6,Orinoquia,354.11815558120946,2015-06-01,377.0761811184578,-22.958025537248318,-6.088431645072829,4.624983551162017
precip,2015,7,Orinoquia,312.7168119557605,2015-07-01,349.8509258850462,-37.13411392928572,-10.614267729989436,3.342080703119502
precip,2015,8,Orinoquia,262.4242652066872,2015-08-01,290.04110044348147,-27.61683523679426,-9.52169716449403,2.503458869268917
precip,2015,9,Orinoquia,180.51183139674134,2015-09-01,241.37040383649767,-60.85857243975633,-25.213767501081623,0.21302353013931827
precip,2015,10,Orinoquia,196.10919122775988,2015-10-01,245.62260516986947,-49.513413942109594,-20.158329445234386,-2.357677303129807
precip,2015,11,Orinoquia,206.9812091658735,2015-11-01,193.19480155750506,13.78640760836845,7.136013752556836,-0.8018680249042595
precip,2015,12,Orinoquia,85.54089647526452,2015-12-01,86.4339109042916,-0.8930144290270761,-1.0331760065975868,-1.660628836174525
precip,2016,1,Orinoquia,16.354674135725887,2016-01-01,35.7482846434016,-19.39361050767571,-54.25046460587411,-15.216040994797398
precip,2016,2,Orinoquia,29.68923499066899,2016-02-01,53.20137836930886,-23.512143378639873,-44.19461318356312,-18.46201468455444
precip,2016,3,Orinoquia,109.75394944339774,2016-03-01,123.72017423186884,-13.966224788471095,-11.288558939705698,-17.978821931621145
precip,2016,4,Orinoquia,323.3858891139972,2016-04-01,264.8325144547327,58.553374659264534,22.109586800480628,-15.03658535117363
precip,2016,5,Orinoquia,356.85776904046514,2016-05-01,354.12086367200294,2.736905368462203,0.7728732331900118,-12.695402702948778
precip,2016,6,Orinoquia,322.11228610724515,2016-06-01,377.0761811184578,-54.96389501121263,-14.576337027754565,-13.40272815150559
precip,2016,7,Orinoquia,365.2798117287161,2016-07-01,349.8509258850462,15.428885843669889,4.410131488043997,-12.150694883336136
precip,2016,8,Orinoquia,308.8625971169984,2016-08-01,290.04110044348147,18.821496673516947,6.489251573221284,-10.816449155193196
precip,2016,9,Orinoquia,234.1597911445553,2016-09-01,241.37040383649767,-7.210612691942373,-2.9873640584480206,-8.964248868307061
precip,2016,10,Orinoquia,251.98847684769717,2016-10-01,245.62260516986947,6.365871677827698,2.5917287512788745,-7.068410685264289
precip,2016,11,Orinoquia,248.02580873475458,2016-11-01,193.19480155750506,54.83100717724952,28.381202152030415,-5.297978318641491
precip,2016,12,Orinoquia,113.44636943485584,2016-12-01,86.4339109042916,27.012458530564246,31.252153521637112,-2.607534191288599
precip,2017,1,Orinoquia,66.02123043808278,2017-01-01,35.7482846434016,30.272945794681185,84.68363194671203,8.970307188093578
precip,2017,2,Orinoquia,46.15016977796583,2017-02-01,53.20137836930886,-7.051208591343034,-13.25380809195496,11.54870761239426
precip,2017,3,Orinoquia,181.85679979807625,2017-03-01,123.72017423186884,58.136625566207414,46.99041682341255,16.405288925987445
precip,2017,4,Orinoquia,229.85954151461215,2017-04-01,264.8325144547327,-34.97297294012054,-13.205694554585518,13.462348813065269
precip,2017,5,Orinoquia,326.48443810162956,2017-05-01,354.12086367200294,-27.636425570373376,-7.804235334739,12.74758976573785
precip,2017,6,Orinoquia,359.1321556737921,2017-06-01,377.0761811184578,-17.94402544466567,-4.758726841732967,13.565723947906315
precip,2017,7,Orinoquia,241.4960487638826,2017-07-01,349.8509258850462,-108.35487712116358,-30.971727985869833,10.617235658413497
precip,2017,8,Orinoquia,251.40668947643343,2017-08-01,290.04110044348147,-38.63441096704804,-13.320322846649969,8.966437790090893
precip,2017,9,Orinoquia,228.68533310773952,2017-09-01,241.37040383649767,-12.685070728758149,-5.255437504819734,8.777431669559917
precip,2017,10,Orinoquia,241.57945677297585,2017-10-01,245.62260516986947,-4.043148396893628,-1.6460815543005245,8.424280810761635
precip,2017,11,Orinoquia,181.1418555187081,2017-11-01,193.19480155750506,-12.05294603879696,-6.238752772656444,5.539284567037728
precip,2017,12,Orinoquia,49.737090709139196,2017-12-01,86.4339109042916,-36.6968201951524,-42.45650788124912,-0.60310388320279
precip,2018,1,Orinoquia,76.05654076705424,2018-01-01,35.7482846434016,40.30825612365265,112.75577702745166,1.7362415401921787
precip,2018,2,Orinoquia,10.677429305518158,2018-02-01,53.20137836930886,-42.5239490637907,-79.93016415590122,-3.8201214651366757
precip,2018,3,Orinoquia,134.483798067574,2018-03-01,123.72017423186884,10.763623835705175,8.699974682813366,-7.010991643519941
precip,2018,4,Orinoquia,293.95246492924036,2018-04-01,264.8325144547327,29.119950474507675,10.995610012034641,-4.994216262968261
precip,2018,5,Orinoquia,373.1480654341566,2018-05-01,354.12086367200294,19.027201762153652,5.373081259560352,-3.8961065467766485
precip,2018,6,Orinoquia,442.6625906246151,2018-06-01,377.0761811184578,65.58640950615734,17.393410878305644,-2.050095070106764
precip,2018,7,Orinoquia,366.6836527132645,2018-07-01,349.8509258850462,16.832726828218313,4.8113998228345976,0.9318322472852719
precip,2018,8,Orinoquia,305.7780645021044,2018-08-01,290.04110044348147,15.73696405862296,5.42577035963547,2.4940066811423915
precip,2018,9,Orinoquia,248.35022182296433,2018-09-01,241.37040383649767,6.9798179864666565,2.891745580868617,3.172938604949754
precip,2018,10,Orinoquia,266.41658289770083,2018-10-01,245.62260516986947,20.79397772783136,8.4658241098984,4.015597410299665
precip,2018,11,Orinoquia,143.7156091525223,2018-11-01,193.19480155750506,-49.47919240498277,-25.611037153220256,2.4012403785860137
precip,2018,12,Orinoquia,23.514765358920563,2018-12-01,86.4339109042916,-62.91914554537103,-72.7945141983006,-0.12692681450160967
precip,2019,1,Orinoquia,19.07804250233444,2019-01-01,35.7482846434016,-16.670242141067156,-46.63228545749018,-13.40926535491343
precip,2019,2,Orinoquia,31.818895427525415,2019-02-01,53.20137836930886,-21.382482941783447,-40.191595776621284,-10.097717989973434
precip,2019,3,Orinoquia,108.15921765214061,2019-03-01,123.72017423186884,-15.560956579728227,-12.577541760137539,-11.870844360219344
precip,2019,4,Orinoquia,226.06961439564998,2019-04-01,264.8325144547327,-38.76290005908271,-14.636760194982923,-14.006875210804141
precip,2019,5,Orinoquia,348.8406154503192,2019-05-01,354.12086367200294,-5.280248221683735,-1.4910864519336693,-14.578889186761975
precip,2019,6,Orinoquia,375.89104207816575,2019-06-01,377.0761811184578,-1.1851390402920288,-0.3142969775435695,-16.054531508082743
precip,2019,7,Orinoquia,346.61317001868207,2019-07-01,349.8509258850462,-3.2377558663641253,-0.9254672852939612,-16.532603767093455
precip,2019,8,Orinoquia,311.1501600349719,2019-08-01,290.04110044348147,21.10905959149045,7.277954593060801,-16.37825508097468
precip,2019,9,Orinoquia,205.90526187805654,2019-09-01,241.37040383649767,-35.46514195844114,-14.693243825562362,-17.84367086484393
precip,2019,10,Orinoquia,270.2759597455599,2019-10-01,245.62260516986947,24.6533545756904,10.037087001271912,-17.7127322905628
precip,2019,11,Orinoquia,186.19000188484011,2019-11-01,193.19480155750506,-7.004799672664944,-3.625770267208739,-15.880626716728509
precip,2019,12,Orinoquia,111.06374626513448,2019-12-01,86.4339109042916,24.62983536084289,28.495569740116867,-7.439786388527053
precip,2020,1,Orinoquia,21.978765303523307,2020-01-01,35.7482846434016,-13.76951933987829,-38.517986183764656,-6.763594782383258
precip,2020,2,Orinoquia,21.542428496295013,2020-02-01,53.20137836930886,-31.65894987301385,-59.50776247420961,-8.373275340515619
precip,2020,3,Orinoquia,54.64320499885346,2020-03-01,123.72017423186884,-69.07696923301538,-55.833229836514384,-11.977916013547024
precip,2020,4,Orinoquia,206.42987049955482,2020-04-01,264.8325144547327,-58.402643955177865,-22.052671317728443,-12.59590860710915
precip,2020,5,Orinoquia,332.1632007471358,2020-05-01,354.12086367200294,-21.957662924867122,-6.20061260926014,-12.988369120219689
precip,2020,6,Orinoquia,340.6023171030297,2020-06-01,377.0761811184578,-36.47386401542809,-9.672810387344486,-13.768245237703098
precip,2020,7,Orinoquia,351.7320918161131,2020-07-01,349.8509258850462,1.8811659310669029,0.5377050028688548,-13.64631421368953
precip,2020,8,Orinoquia,298.9010818732647,2020-08-01,290.04110044348147,8.859981429783204,3.054733076186799,-13.998249340095697
precip,2020,9,Orinoquia,225.0279465152794,2020-09-01,241.37040383649767,-16.342457321218262,-6.770696432313428,-13.338037057324952
precip,2020,10,Orinoquia,205.79240184166378,2020-10-01,245.62260516986947,-39.8302033282057,-16.216016966622284,-15.525795721316136
precip,2020,11,Orinoquia,230.24798921225164,2020-11-01,193.19480155750506,37.05318765474658,19.179184613679983,-13.625382814575408
precip,2020,12,Orinoquia,84.84478851017602,2020-12-01,86.4339109042916,-1.5891223941155772,-1.8385404264250116,-16.1532253284539
precip,2021,1,Orinoquia,71.83810570578811,2021-01-01,35.7482846434016,36.08982106238651,100.95539246817526,-4.5304437741255725
precip,2021,2,Orinoquia,34.031268666562994,2021-02-01,53.20137836930886,-19.17010970274587,-36.033107205742695,-2.5742225017533293
precip,2021,3,Orinoquia,179.2480780924491,2021-03-01,123.72017423186884,55.52790386058027,44.88185068064424,5.818700874676556
precip,2021,4,Orinoquia,248.02760264752203,2021-04-01,264.8325144547327,-16.804911807210658,-6.345486633999803,7.127632931653943
precip,2021,5,Orinoquia,292.7820045707069,2021-05-01,354.12086367200294,-61.338859101296066,-17.32144739094218,6.200896699847107
precip,2021,6,Orinoquia,393.94820722274414,2021-06-01,377.0761811184578,16.872026104286363,4.474434331609518,7.37983375975994
precip,2021,7,Orinoquia,291.6833893224933,2021-07-01,349.8509258850462,-58.16753656255287,-16.626377768016976,5.949493528852787
precip,2021,8,Orinoquia,325.3890737340476,2021-08-01,290.04110044348147,35.34797329056613,12.18722906392164,6.7105348611640245
precip,2021,9,Orinoquia,217.7866150545266,2021-09-01,241.37040383649767,-23.583788781971066,-9.770787307439122,6.460527288236883
precip,2021,10,Orinoquia,226.92421253508147,2021-10-01,245.62260516986947,-18.698392634788007,-7.612651377040984,7.177474420701991
precip,2021,11,Orinoquia,109.45372626984582,2021-11-01,193.19480155750506,-83.74107528765924,-43.34540816448078,1.9670916891885948
precip,2021,12,Orinoquia,34.915634496298814,2021-12-01,86.4339109042916,-51.51827640799278,-59.60424082283983,-2.8467166771793067
precip,2022,1,Orinoquia,19.77288552414846,2022-01-01,35.7482846434016,-15.975399119253137,-44.68857535015143,-14.983713995373199
precip,2022,2,Orinoquia,78.39761976882863,2022-02-01,53.20137836930886,25.19624139951977,47.360128951198625,-8.034277648961423
precip,2022,3,Orinoquia,123.89693161374038,2022-03-01,123.72017423186884,0.1767573818715391,0.1428686816592023,-11.762526148876843
precip,2022,4,Orinoquia,261.5453867236321,2022-04-01,264.8325144547327,-3.287127731100611,-1.2412100296175959,-11.337169765178324
precip,2022,5,Orinoquia,394.33686325589645,2022-05-01,354.12086367200294,40.215999583893506,11.356574466378444,-8.947334610401606
precip,2022,6,Orinoquia,374.7068130434869,2022-06-01,377.0761811184578,-2.3693680749709074,-0.6283526230543252,-9.372566856623592
precip,2022,7,Orinoquia,395.58520009966657,2022-07-01,349.8509258850462,45.73427421462037,13.07250340953727,-6.897660091827405
precip,2022,8,Orinoquia,316.75837924192183,2022-08-01,290.04110044348147,26.71727879844036,9.21154924512038,-7.145633410060843
precip,2022,9,Orinoquia,262.80183022397523,2022-09-01,241.37040383649767,21.431426387477558,8.879061412183338,-5.591479350092304
precip,2022,10,Orinoquia,410.87116193891575,2022-10-01,245.62260516986947,165.24855676904627,67.27742206575917,0.6493601034743742
precip,2022,11,Orinoquia,217.27548369659416,2022-11-01,193.19480155750506,24.080682139089106,12.464456571788974,5.300182164830187
precip,2022,12,Orinoquia,26.81712512476046,2022-12-01,86.4339109042916,-59.616785779531135,-68.97383811030475,4.5193823908747754
precip,2023,1,Orinoquia,90.34325359111006,2023-01-01,35.7482846434016,54.59496894770846,152.72052769050995,20.970140977596557
precip,2023,2,Orinoquia,23.752275304002193,2023-02-01,53.20137836930886,-29.44910306530667,-55.3540227113654,12.410628339049557
precip,2023,3,Orinoquia,107.31982159614682,2023-03-01,123.72017423186884,-16.400352635722015,-13.256005124100028,11.294055521902953
precip,2023,4,Orinoquia,216.65342367561396,2023-04-01,264.8325144547327,-48.179090779118724,-18.1922868792434,9.881465784434138
precip,2023,5,Orinoquia,323.2667181489761,2023-05-01,354.12086367200294,-30.85414552302683,-8.712885539442498,8.20901078394906
precip,2023,6,Orinoquia,351.93834473302235,2023-06-01,377.0761811184578,-25.137836385435435,-6.666513994830776,7.705830669634356
precip,2023,7,Orinoquia,360.87546783027983,2023-07-01,349.8509258850462,11.024541945233636,3.1512113101727435,6.879056328020645
precip,2023,8,Orinoquia,278.5858087292038,2023-08-01,290.04110044348147,-11.455291714277678,-3.949540839819666,5.782298820942308
precip,2023,9,Orinoquia,184.97311591350277,2023-09-01,241.37040383649767,-56.397287922994906,-23.365452858585748,3.0952559650448834
precip,2023,10,Orinoquia,188.32831253060994,2023-10-01,245.62260516986947,-57.29429263925954,-23.32614809603356,-4.455041548437843
precip,2023,11,Orinoquia,159.25341398547502,2023-11-01,193.19480155750506,-33.94138757203004,-17.56847870563809,-6.9577861548900986
precip,2023,12,Orinoquia,123.60296821907255,2023-12-01,86.4339109042916,37.16905731478096,43.00286418364004,2.3736057029386344
precip,2024,1,Orinoquia,11.829201885629203,2024-01-01,35.7482846434016,-23.919082757772394,-66.90973565968673,-15.928916242911091
precip,2024,2,Orinoquia,111.97161644689498,2024-02-01,53.20137836930886,58.77023807758612,110.46751020174668,-2.110455166818415
precip,2024,3,Orinoquia,113.02675092601767,2024-03-01,123.72017423186884,-10.69342330585117,-8.643233306324161,-1.726057515337094
precip,2024,4,Orinoquia,241.69581966570703,2024-04-01,264.8325144547327,-23.136694789025654,-8.736349778146431,-0.9380627569123465
precip,2024,5,Orinoquia,386.73065059470474,2024-05-01,354.12086367200294,32.6097869227018,9.208660168892488,0.5553993854489022
precip,2024,6,Orinoquia,403.54893464255116,2024-06-01,377.0761811184578,26.472753524093378,7.020531884451491,1.6959865420557578
precip,2024,7,Orinoquia,302.62982231212874,2024-07-01,349.8509258850462,-47.22110357291746,-13.497492811676404,0.30859453190166225
precip,2024,8,Orinoquia,302.8074234863872,2024-08-01,290.04110044348147,12.766323042905753,4.40155654608456,1.004519314060348
precip,2024,9,Orinoquia,262.0398973883471,2024-09-01,241.37040383649767,20.6694935518494,8.563391875439187,3.665256375229092
precip,2024,10,Orinoquia,210.93303908398713,2024-10-01,245.62260516986947,-34.68956608588235,-14.123116258738271,4.432175695003699
precip,2024,11,Orinoquia,226.5527273134122,2024-11-01,193.19480155750506,33.35792575590713,17.266471709891242,7.335088229631144
precip,2024,12,Orinoquia,90.59902608258136,2024-12-01,86.4339109042916,4.165115178289767,4.8188438249679635,4.153086533075137
precip,2025,1,Orinoquia,83.44282077706806,2025-01-01,35.7482846434016,47.69453613366647,133.41769153242407,20.84703879908437
precip,2025,2,Orinoquia,57.386057715519534,2025-02-01,53.20137836930886,4.184679346210672,7.865734825819391,12.296890851090431
precip,2025,3,Orinoquia,159.7653311831828,2025-03-01,123.72017423186884,36.04515695131397,29.13442142730928,15.445028745559883
precip,2025,4,Orinoquia,332.6636678474982,2025-04-01,264.8325144547327,67.83115339276549,25.61284951450315,18.307462019947348
precip,2025,5,Orinoquia,447.9296974064234,2025-05-01,354.12086367200294,93.80883373442043,26.490626042669124,19.74762584276207
precip,2025,6,Orinoquia,441.58448273128556,2025-06-01,377.0761811184578,64.50830161282778,17.107498389712028,20.588206384867114
precip,2025,7,Orinoquia,336.78278015299384,2025-07-01,349.8509258850462,-13.068145732052358,-3.73534690496897,21.401718543759397
precip,2025,8,Orinoquia,319.7849928889283,2025-08-01,290.04110044348147,29.743892445446818,10.255061230966067,21.88951060083286
precip,2025,9,Orinoquia,229.9514157327161,2025-09-01,241.37040383649767,-11.418988103781572,-4.730898205530078,20.781653094085417
precip,2025,10,Orinoquia,230.1727281419943,2025-10-01,245.62260516986947,-15.449877027875175,-6.290087598895972,21.43440548240561
precip,2025,11,Orinoquia,161.83721148517054,2025-11-01,193.19480155750506,-31.357590072334517,-16.231073413743395,18.642943388769392
precip,2025,12,Orinoquia,54.33185899254753,2025-12-01,86.4339109042916,-32.10205191174406,-37.14057547076715,15.146325114124798
precip,2026,1,Orinoquia,108.54976853127248,2026-01-01,35.7482846434016,72.80148388787089,203.65028592024638,20.999041313109988
precip,2026,2,Orinoquia,48.305266594020864,2026-02-01,53.20137836930886,-4.896111775287999,-9.202979180916293,19.576648479215347
precip,2026,3,Orinoquia,122.26621616637038,2026-03-01,123.72017423186884,-1.4539580654984547,-1.175198850571884,17.05084678939192
precip,2026,4,Orinoquia,312.1181174954662,2026-04-01,264.8325144547327,47.28560304073352,17.854908464729302,16.404351701910766
precip,1991,1,Pacifica,246.14798386908453,1991-01-01,272.3257822400335,-26.177798370948977,-9.612677197003453,
precip,1991,2,Pacifica,179.7995111695858,1991-02-01,228.34459780410015,-48.54508663451435,-21.259573075673032,
precip,1991,3,Pacifica,289.49432302322157,1991-03-01,283.5813671487462,5.912955874475358,2.0851002778944396,
precip,1991,4,Pacifica,312.54415317683464,1991-04-01,362.8999258353785,-50.355772658543856,-13.8759390877877,
precip,1991,5,Pacifica,431.42124422119406,1991-05-01,427.1555959336999,4.265648287494173,0.9986169742597162,
precip,1991,6,Pacifica,337.4226272127532,1991-06-01,315.0446399291326,22.377987283620598,7.10311633572131,
precip,1991,7,Pacifica,312.9458437334841,1991-07-01,305.9101472000128,7.0356965334713095,2.2999225746085403,
precip,1991,8,Pacifica,243.04904518675923,1991-08-01,297.9422020064108,-54.89315681965158,-18.42409583133525,
precip,1991,9,Pacifica,327.1345676536677,1991-09-01,311.32636219917805,15.808205454489666,5.077695747582086,
precip,1991,10,Pacifica,327.68343608535343,1991-10-01,403.6475962797532,-75.96416019439977,-18.819425879041237,
precip,1991,11,Pacifica,391.458374253255,1991-11-01,407.07525474353497,-15.616880490279982,-3.8363620260138163,
precip,1991,12,Pacifica,293.3123824198769,1991-12-01,341.9292597706335,-48.616877350756624,-14.218402187449202,-6.873501947853133
precip,1992,1,Pacifica,216.05510601689645,1992-01-01,272.3257822400335,-56.27067622313706,-20.662999940835178,-7.794362176505778
precip,1992,2,Pacifica,186.4891312819022,1992-02-01,228.34459780410015,-41.85546652219796,-18.329956970607345,-7.550227501083636
precip,1992,3,Pacifica,204.17856621592594,1992-03-01,283.5813671487462,-79.40280093282027,-28.000006393639865,-10.057319723711496
precip,1992,4,Pacifica,299.5908092919164,1992-04-01,362.8999258353785,-63.309116543462096,-17.445337415742785,-10.354769584374418
precip,1992,5,Pacifica,410.5201196914625,1992-05-01,427.1555959336999,-16.63547624223736,-3.894476954205559,-10.762527411746525
precip,1992,6,Pacifica,262.9742893380676,1992-06-01,315.0446399291326,-52.070350591064994,-16.527927789146933,-12.731781088818877
precip,1992,7,Pacifica,306.7226756515525,1992-07-01,305.9101472000128,0.8125284515397198,0.26561016657236464,-12.901307122821896
precip,1992,8,Pacifica,301.288963505487,1992-08-01,297.9422020064108,3.3467614990761945,1.123292194438498,-11.272358120674083
precip,1992,9,Pacifica,355.9324490777049,1992-09-01,311.32636219917805,44.60608687852687,14.327757714905337,-10.501519623397144
precip,1992,10,Pacifica,357.7057725870613,1992-10-01,403.6475962797532,-45.94182369269191,-11.381666611201949,-9.881706351077202
precip,1992,11,Pacifica,376.9628812550632,1992-11-01,407.07525474353497,-30.112373488471746,-7.397249805184819,-10.178446999341453
precip,1992,12,Pacifica,326.0721398316246,1992-12-01,341.9292597706335,-15.857119939008896,-4.637544019966548,-9.380042152051232
precip,1993,1,Pacifica,314.88156035489936,1993-01-01,272.3257822400335,42.55577811486586,15.626790003069313,-6.35589299005919
precip,1993,2,Pacifica,232.4469191095774,1993-02-01,228.34459780410015,4.102321305477261,1.7965484381621748,-4.678684205995064
precip,1993,3,Pacifica,314.8573157018716,1993-03-01,283.5813671487462,31.275948553125374,11.028915216675813,-1.4262740718020908
precip,1993,4,Pacifica,387.38215539124195,1993-04-01,362.8999258353785,24.482229555863455,6.746275712100662,0.5896936888515296
precip,1993,5,Pacifica,434.3353192604721,1993-05-01,427.1555959336999,7.179723326772205,1.680821554281263,1.0543018978920982
precip,1993,6,Pacifica,308.283457082365,1993-06-01,315.0446399291326,-6.7611828467676105,-2.1461031199542067,2.252787286991492
precip,1993,7,Pacifica,290.72310805309274,1993-07-01,305.9101472000128,-15.187039146920029,-4.964542459910723,1.816941234784568
precip,1993,8,Pacifica,273.6574880733394,1993-08-01,297.9422020064108,-24.28471393307143,-8.15081373821252,1.0440990737303164
precip,1993,9,Pacifica,311.83905384923486,1993-09-01,311.32636219917805,0.5126916500568086,0.1646798062442276,-0.13615741865810913
precip,1993,10,Pacifica,371.9996975285514,1993-10-01,403.6475962797532,-31.647898751201808,-7.8404774468835985,0.1589416783684201
precip,1993,11,Pacifica,406.7938704708257,1993-11-01,407.07525474353497,-0.2813842727092606,-0.06912340394813188,0.7696188784714774
precip,1993,12,Pacifica,349.5805113119069,1993-12-01,341.9292597706335,7.651251541273382,2.2376708990642826,1.3425534550573799
precip,1994,1,Pacifica,290.8305644231069,1994-01-01,272.3257822400335,18.504782183073416,6.795090068542582,0.6065784605134856
precip,1994,2,Pacifica,224.9541646709173,1994-02-01,228.34459780410015,-3.390433133182853,-1.4847879765001273,0.33313375929162714
precip,1994,3,Pacifica,317.94888409639526,1994-03-01,283.5813671487462,34.36751694764905,12.119102638228817,0.42398271108771085
precip,1994,4,Pacifica,376.83664845228014,1994-04-01,362.8999258353785,13.936722616901648,3.8403762648393966,0.18182442381593877
precip,1994,5,Pacifica,435.54151485220103,1994-05-01,427.1555959336999,8.385918918501147,1.9632000606642528,0.20535596601452125
precip,1994,6,Pacifica,320.4137114461528,1994-06-01,315.0446399291326,5.369071517020188,1.7042256355251524,0.5262166956378012
precip,1994,7,Pacifica,292.9014236457418,1994-07-01,305.9101472000128,-13.008723554271,-4.252465527325422,0.5855564400199096
precip,1994,8,Pacifica,300.17828922339675,1994-08-01,297.9422020064108,2.2360872169859363,0.7505104016576417,1.3273334516757564
precip,1994,9,Pacifica,296.64391224578674,1994-09-01,311.32636219917805,-14.682449953391313,-4.716095948212019,0.9206021388044023
precip,1994,10,Pacifica,396.38942483643166,1994-10-01,403.6475962797532,-7.258171443321544,-1.7981455879378443,1.4241297937165485
precip,1994,11,Pacifica,435.6732323069069,1994-11-01,407.07525474353497,28.597977563371956,7.025231140956779,2.0153260057919575
precip,1994,12,Pacifica,309.1924051851954,1994-12-01,341.9292597706335,-32.736854585438095,-9.574160049186201,1.0310067601044175
precip,1995,1,Pacifica,192.71712052705902,1995-01-01,272.3257822400335,-79.60866171297448,-29.232877275940687,-1.9713238519358551
precip,1995,2,Pacifica,106.60384787772072,1995-02-01,228.34459780410015,-121.74074992637942,-53.31448656859508,-6.290465401277101
precip,1995,3,Pacifica,217.3578049504167,1995-03-01,283.5813671487462,-66.22356219832952,-23.352578790408838,-9.246438853663571
precip,1995,4,Pacifica,409.20880540699807,1995-04-01,362.8999258353785,46.30887957161957,12.760785074568068,-8.50307145285285
precip,1995,5,Pacifica,429.4714833742288,1995-05-01,427.1555959336999,2.315887440528911,0.5421648370230802,-8.621491054822949
precip,1995,6,Pacifica,336.8990803985556,1995-06-01,315.0446399291326,21.854440469423025,6.936934548176745,-8.185431978768648
precip,1995,7,Pacifica,323.0988708960442,1995-07-01,305.9101472000128,17.188723696031445,5.618879874812707,-7.362819861923804
precip,1995,8,Pacifica,270.5746393189629,1995-08-01,297.9422020064108,-27.3675626874479,-9.185527428859855,-8.190823014466929
precip,1995,9,Pacifica,284.4324381378241,1995-09-01,311.32636219917805,-26.89392406135397,-8.638498799580606,-8.517689918747644
precip,1995,10,Pacifica,436.18474124030655,1995-10-01,403.6475962797532,32.53714496055335,8.060780061725689,-7.6961127812756835
precip,1995,11,Pacifica,421.7387547989869,1995-11-01,407.07525474353497,14.663500055451948,3.6021595232287518,-7.981368749419686
precip,1995,12,Pacifica,390.4847994726398,1995-12-01,341.9292597706335,48.555539702006286,14.200463491944909,-6.000150120992093
precip,1996,1,Pacifica,376.39671415128703,1996-01-01,272.3257822400335,104.07093191125352,38.215600100442664,-0.3794436729601471
precip,1996,2,Pacifica,342.80626198439745,1996-02-01,228.34459780410015,114.4616641802973,50.12672306725447,8.240657130027314
precip,1996,3,Pacifica,308.59772269078854,1996-03-01,283.5813671487462,25.016355542042334,8.821579426592075,10.921836981444057
precip,1996,4,Pacifica,374.5959027137228,1996-04-01,362.8999258353785,11.695976878344311,3.222920713312554,10.127014951339431
precip,1996,5,Pacifica,494.5335777420316,1996-05-01,427.1555959336999,67.3779818083317,15.773639032178249,11.396304467602361
precip,1996,6,Pacifica,369.328468042675,1996-06-01,315.0446399291326,54.28382811354243,17.230519498999648,12.254103213504271
precip,1996,7,Pacifica,276.73797490587907,1996-07-01,305.9101472000128,-29.172172294133702,-9.536189812971488,10.991180739522255
precip,1996,8,Pacifica,346.1681481730903,1996-08-01,297.9422020064108,48.22594616667948,16.18634280136045,13.105503258707278
precip,1996,9,Pacifica,331.56787482305776,1996-09-01,311.32636219917805,20.241512623879714,6.501702098368963,14.367186666869744
precip,1996,10,Pacifica,377.8554157705455,1996-10-01,403.6475962797532,-25.792180509207697,-6.389776811982324,13.162973594060743
precip,1996,11,Pacifica,299.85169317075446,1996-11-01,407.07525474353497,-107.22356157278051,-26.339985131332377,10.667794872847315
precip,1996,12,Pacifica,349.85260841295224,1996-12-01,341.9292597706335,7.923348642318729,2.317247914856342,9.677526908089936
precip,1997,1,Pacifica,303.6704235476035,1997-01-01,272.3257822400335,31.344641307569987,11.509979352576385,7.452058512434411
precip,1997,2,Pacifica,285.6581053125289,1997-02-01,228.34459780410015,57.313507508428756,25.099567959824814,5.366462253481941
precip,1997,3,Pacifica,200.85760619222052,1997-03-01,283.5813671487462,-82.7237609565257,-29.17108475365196,2.2004069051282706
precip,1997,4,Pacifica,310.84680207983183,1997-04-01,362.8999258353785,-52.053123755546665,-14.34365786538061,0.7365253569038405
precip,1997,5,Pacifica,386.46737419812285,1997-05-01,427.1555959336999,-40.68822173557703,-9.525386562392683,-1.3717267759770706
precip,1997,6,Pacifica,330.94233469011715,1997-06-01,315.0446399291326,15.897694760984564,5.046172112168185,-2.387089058213026
precip,1997,7,Pacifica,235.986666691868,1997-07-01,305.9101472000128,-69.92348050814476,-22.857522428776058,-3.4972001095300733
precip,1997,8,Pacifica,229.28050445131626,1997-08-01,297.9422020064108,-68.66169755509455,-23.045307812290776,-6.766504327334342
precip,1997,9,Pacifica,316.39568835557964,1997-09-01,311.32636219917805,5.069326156401587,1.6282996790224824,-7.172621195613217
precip,1997,10,Pacifica,403.88350922420983,1997-10-01,403.6475962797532,0.23591294445662925,0.0584452742022838,-6.635269355097832
precip,1997,11,Pacifica,423.38492327627074,1997-11-01,407.07525474353497,16.30966853273577,4.0065487505525645,-4.10639153160742
precip,1997,12,Pacifica,207.3685708897784,1997-12-01,341.9292597706335,-134.5606888808551,-39.35337062733928,-7.578943076790388
precip,1998,1,Pacifica,174.86816561782405,1998-01-01,272.3257822400335,-97.45761662220946,-35.78714281863636,-11.520369924391451
precip,1998,2,Pacifica,252.74508308075588,1998-02-01,228.34459780410015,24.40048527665573,10.685816748592067,-12.721515858660846
precip,1998,3,Pacifica,261.37889618867126,1998-03-01,283.5813671487462,-22.202470960074947,-7.829312335753408,-10.943034823835967
precip,1998,4,Pacifica,410.8415734959775,1998-04-01,362.8999258353785,47.94164766059902,13.21070748367876,-8.646837711414353
precip,1998,5,Pacifica,413.09250085502873,1998-05-01,427.1555959336999,-14.063095078671154,-3.2922652102757257,-8.127410932071273
precip,1998,6,Pacifica,328.8602633146877,1998-06-01,315.0446399291326,13.815623385555114,4.385290728533853,-8.182484380707466
precip,1998,7,Pacifica,352.55977901287906,1998-07-01,305.9101472000128,46.64963181286629,15.249455514911517,-5.006902885400169
precip,1998,8,Pacifica,349.99544766577765,1998-08-01,297.9422020064108,52.05324565936684,17.470920637905067,-1.6305505145505157
precip,1998,9,Pacifica,326.21486650549167,1998-09-01,311.32636219917805,14.88850430631362,4.782281911863398,-1.3677186618137729
precip,1998,10,Pacifica,397.20557950335825,1998-10-01,403.6475962797532,-6.442016776394951,-1.5959507341969226,-1.5055849958470402
precip,1998,11,Pacifica,430.7861984996079,1998-11-01,407.07525474353497,23.710943756072936,5.824707711848335,-1.3540717490723926
precip,1998,12,Pacifica,321.30791211457665,1998-12-01,341.9292597706335,-20.621347656056855,-6.030881261781947,1.422802364724052
precip,1999,1,Pacifica,364.8909986193128,1999-01-01,272.3257822400335,92.56521637927932,33.99061800828335,7.2376157669673615
precip,1999,2,Pacifica,426.45126679334703,1999-02-01,228.34459780410015,198.10666898924688,86.75776475307956,13.576944767341319
precip,1999,3,Pacifica,343.2324743111334,1999-03-01,283.5813671487462,59.65110716238718,21.03491768946108,15.982297269442526
precip,1999,4,Pacifica,455.6176223147463,1999-04-01,362.8999258353785,92.71769647936782,25.549108687728733,17.010497369780023
precip,1999,5,Pacifica,391.8597416428152,1999-05-01,427.1555959336999,-35.29585429088468,-8.26299704999371,16.596269716470193
precip,1999,6,Pacifica,385.8625025960354,1999-06-01,315.0446399291326,70.81786266690284,22.47867561969405,18.104051790733543
precip,1999,7,Pacifica,308.0081031533561,1999-07-01,305.9101472000128,2.0979559533433303,0.6858078990010185,16.890414489407668
precip,1999,8,Pacifica,331.64260524087985,1999-08-01,297.9422020064108,33.700403234469036,11.311053958627824,16.377092266134564
precip,1999,9,Pacifica,415.9142837858546,1999-09-01,311.32636219917805,104.58792158667654,33.59430304837599,18.778094027510612
precip,1999,10,Pacifica,419.9447679164016,1999-10-01,403.6475962797532,16.297171636648386,4.037475210270649,19.247546189549578
precip,1999,11,Pacifica,460.3503896116438,1999-11-01,407.07525474353497,53.27513486810881,13.08729387190905,19.85276170288797
precip,1999,12,Pacifica,383.6302824855193,1999-12-01,341.9292597706335,41.70102271488577,12.195804109557297,21.371652150499575
precip,2000,1,Pacifica,248.51209096053208,2000-01-01,272.3257822400335,-23.813691279501427,-8.744559947141381,17.810387320880846
precip,2000,2,Pacifica,310.5208251341952,2000-02-01,228.34459780410015,82.17622733009506,35.987813208786804,13.579558025523118
precip,2000,3,Pacifica,311.7761943846083,2000-03-01,283.5813671487462,28.19482723586208,9.942411773857172,12.655182532556125
precip,2000,4,Pacifica,387.62469510741664,2000-04-01,362.8999258353785,24.724769272038145,6.813109486071924,11.09384926575139
precip,2000,5,Pacifica,504.8968243358756,2000-05-01,427.1555959336999,77.7412284021757,18.19974481014224,13.299077754096054
precip,2000,6,Pacifica,363.249890992979,2000-06-01,315.0446399291326,48.20525106384639,15.301085926962566,12.700945279701763
precip,2000,7,Pacifica,364.9638868329457,2000-07-01,305.9101472000128,59.053739632932945,19.304276165223747,14.25248430188699
precip,2000,8,Pacifica,325.2378511194853,2000-08-01,297.9422020064108,27.29564911307449,9.161390675526782,14.073345694961903
precip,2000,9,Pacifica,376.0628433464257,2000-09-01,311.32636219917805,64.73648114724767,20.793767893587837,13.00663443206289
precip,2000,10,Pacifica,393.1854109085992,2000-10-01,403.6475962797532,-10.462185371154021,-2.5919107329213644,12.454185603463557
precip,2000,11,Pacifica,323.27295520459523,2000-11-01,407.07525474353497,-83.80229953893974,-20.586439131933172,9.648041186476704
precip,2000,12,Pacifica,350.82899538876643,2000-12-01,341.9292597706335,8.899735618132922,2.6028002470753377,8.848624197936543
precip,2001,1,Pacifica,277.2422200994493,2001-01-01,272.3257822400335,4.916437859415794,1.8053515972580023,9.727783493303155
precip,2001,2,Pacifica,175.9920032180615,2001-02-01,228.34459780410015,-52.352594586038634,-22.927012545728196,4.818214680426907
precip,2001,3,Pacifica,270.73555773138236,2001-03-01,283.5813671487462,-12.845809417363853,-4.5298495971443264,3.6121928995101147
precip,2001,4,Pacifica,293.27498552139207,2001-04-01,362.8999258353785,-69.62494031398643,-19.185713569302365,1.4456243115622573
precip,2001,5,Pacifica,459.25296434134054,2001-05-01,427.1555959336999,32.09736840764066,7.514209977158439,0.555163075480274
precip,2001,6,Pacifica,312.2335915560777,2001-06-01,315.0446399291326,-2.8110483730548594,-0.8922698617209256,-0.7942832402433503
precip,2001,7,Pacifica,335.91467618836145,2001-07-01,305.9101472000128,30.00452898834868,9.80828170068215,-1.5856161122884835
precip,2001,8,Pacifica,289.26327824188866,2001-08-01,297.9422020064108,-8.678923764522153,-2.912955501461793,-2.5918116270375315
precip,2001,9,Pacifica,354.98954481699434,2001-09-01,311.32636219917805,43.66318261781629,14.024890892433255,-3.1558847104670797
precip,2001,10,Pacifica,364.5505322481012,2001-10-01,403.6475962797532,-39.097064031651996,-9.685940011037566,-3.7470538169767633
precip,2001,11,Pacifica,440.97757720311864,2001-11-01,407.07525474353497,33.90232245958367,8.328269052105064,-1.3374948016402437
precip,2001,12,Pacifica,373.32417252836535,2001-12-01,341.9292597706335,31.394912757731845,9.181698219915893,-0.7892533039035308
precip,2002,1,Pacifica,300.54851106056356,2002-01-01,272.3257822400335,28.22272882053005,10.363590471817304,-0.07606673102358903
precip,2002,2,Pacifica,201.84461569784492,2002-02-01,228.34459780410015,-26.49998210625523,-11.605259051930766,0.8674127267928634
precip,2002,3,Pacifica,277.9148616177432,2002-03-01,283.5813671487462,-5.666505531002997,-1.9981938827563235,1.078384036325197
precip,2002,4,Pacifica,406.4128177282013,2002-04-01,362.8999258353785,43.51289189282278,11.990328130450331,3.676387511304588
precip,2002,5,Pacifica,336.05026284627183,2002-05-01,427.1555959336999,-91.10533308742805,-21.32837166472912,1.2728390411472918
precip,2002,6,Pacifica,284.73576143760323,2002-06-01,315.0446399291326,-30.308878491529356,-9.620502827265101,0.5454862940186103
precip,2002,7,Pacifica,350.37846249302885,2002-07-01,305.9101472000128,44.468315293016076,14.536397599109854,0.9394959522209191
precip,2002,8,Pacifica,303.8778895443632,2002-08-01,297.9422020064108,5.93568753795239,1.9922278542549914,1.3482612318639846
precip,2002,9,Pacifica,296.4327919227888,2002-09-01,311.32636219917805,-14.893570276389255,-4.783909133548016,-0.21913877030112147
precip,2002,10,Pacifica,447.20923435029346,2002-10-01,403.6475962797532,43.561638070540255,10.791997393773478,1.487356013433132
precip,2002,11,Pacifica,373.4428978726293,2002-11-01,407.07525474353497,-33.63235687090565,-8.261950702971289,0.10483770051010281
precip,2002,12,Pacifica,393.65009882640913,2002-12-01,341.9292597706335,51.72083905577563,15.126181096777158,0.6002112735818749
precip,2003,1,Pacifica,209.6792827078116,2003-01-01,272.3257822400335,-62.646499532221895,-23.00424844717934,-2.180441969667845
precip,2003,2,Pacifica,207.85792706635448,2003-02-01,228.34459780410015,-20.48667073774567,-8.971821945760002,-1.9609888774869484
precip,2003,3,Pacifica,243.8263399306893,2003-03-01,283.5813671487462,-39.75502721805691,-14.018913731100078,-2.962715531515595
precip,2003,4,Pacifica,365.264628121942,2003-04-01,362.8999258353785,2.3647022865634995,0.6516127775777486,-3.90760847758831
precip,2003,5,Pacifica,470.84251982179376,2003-05-01,427.1555959336999,43.68692388809387,10.227402919210418,-1.2779605955933484
precip,2003,6,Pacifica,357.7823567331025,2003-06-01,315.0446399291326,42.73771680396993,13.565606706904623,0.6542151989207952
precip,2003,7,Pacifica,309.92073402104785,2003-07-01,305.9101472000128,4.010586821035076,1.3110342555629058,-0.44789841304145056
precip,2003,8,Pacifica,311.9541267351602,2003-08-01,297.9422020064108,14.011924728749364,4.702900305626347,-0.22200904209383765
precip,2003,9,Pacifica,361.82590619248236,2003-09-01,311.32636219917805,50.499543993304314,16.220773479181343,1.5283811756336092
precip,2003,10,Pacifica,478.5552571110565,2003-10-01,403.6475962797532,74.9076608313033,18.557687825146264,2.175522044914674
precip,2003,11,Pacifica,439.06198590477703,2003-11-01,407.07525474353497,31.986731161242062,7.857694809131618,3.5188258375899166
precip,2003,12,Pacifica,337.44472312358573,2003-12-01,341.9292597706335,-4.484536647047776,-1.311539307883744,2.1490158038681746
precip,2004,1,Pacifica,248.8754687836487,2004-01-01,272.3257822400335,-23.450313456384805,-8.611124978139316,3.3484427596215105
precip,2004,2,Pacifica,187.32605652306003,2004-02-01,228.34459780410015,-41.018541281040115,-17.963438450262995,2.5991413842462605
precip,2004,3,Pacifica,234.47846317366572,2004-03-01,283.5813671487462,-49.102903975080494,-17.31527866897005,2.32444430609043
precip,2004,4,Pacifica,344.54328076630895,2004-04-01,362.8999258353785,-18.356645069069543,-5.058321526744161,1.848616447396937
precip,2004,5,Pacifica,480.51059341668014,2004-05-01,427.1555959336999,53.35499748298025,12.490764019222082,2.0372298723979094
precip,2004,6,Pacifica,288.3040725985636,2004-06-01,315.0446399291326,-26.74056733056898,-8.487866143853173,0.1994404681680931
precip,2004,7,Pacifica,349.3554347993662,2004-07-01,305.9101472000128,43.445287599353435,14.201976625164928,1.2736856656349282
precip,2004,8,Pacifica,284.09811676482474,2004-08-01,297.9422020064108,-13.844085241586072,-4.64656740413303,0.49456335648831357
precip,2004,9,Pacifica,373.0846764827631,2004-09-01,311.32636219917805,61.75831428358504,19.83716182829187,0.7959290522475241
precip,2004,10,Pacifica,431.13237657807457,2004-10-01,403.6475962797532,27.48478029832137,6.809102928305978,-0.1831196891558331
precip,2004,11,Pacifica,394.8084162412325,2004-11-01,407.07525474353497,-12.266838502302448,-3.013408051548303,-1.0890449275458265
precip,2004,12,Pacifica,311.4131777112502,2004-12-01,341.9292597706335,-30.51608205938328,-8.924677016483907,-1.7234730699291732
precip,2005,1,Pacifica,315.4703131529459,2005-01-01,272.3257822400335,43.14453091291239,15.842984295509677,0.31436936954157596
precip,2005,2,Pacifica,185.31664568263682,2005-02-01,228.34459780410015,-43.02795212146333,-18.843428982006213,0.24103682522964132
precip,2005,3,Pacifica,325.8176027747889,2005-03-01,283.5813671487462,42.236235626042685,14.893868398585095,2.9251324141925696
precip,2005,4,Pacifica,419.4968361595199,2005-04-01,362.8999258353785,56.59691032414139,15.595734883069479,4.64630378167704
precip,2005,5,Pacifica,418.1534325557378,2005-05-01,427.1555959336999,-9.002163377962063,-2.107467036287947,3.4297845270512037
precip,2005,6,Pacifica,311.52199960518806,2005-06-01,315.0446399291326,-3.522640323944529,-1.1181400593696582,4.04392836742483
precip,2005,7,Pacifica,292.1758537096918,2005-07-01,305.9101472000128,-13.734293490320965,-4.4896495314165215,2.486292854376376
precip,2005,8,Pacifica,325.09512440139554,2005-08-01,297.9422020064108,27.152922394984728,9.113486512528521,3.6329640140981723
precip,2005,9,Pacifica,345.141472115122,2005-09-01,311.32636219917805,33.815109915943935,10.861627546436289,2.8850028239435397
precip,2005,10,Pacifica,417.0569541946639,2005-10-01,403.6475962797532,13.409357914910686,3.322045774209728,2.5944147277688523
precip,2005,11,Pacifica,389.6426361551136,2005-11-01,407.07525474353497,-17.43261858842135,-4.282406848680651,2.4886648280078236
precip,2005,12,Pacifica,366.3952162631346,2005-12-01,341.9292597706335,24.465956492501107,7.15526846369126,3.8286602846890876
precip,2006,1,Pacifica,333.9381429928362,2006-01-01,272.3257822400335,61.612360752802715,22.62450519594811,4.39378702639229
precip,2006,2,Pacifica,272.27614038577804,2006-02-01,228.34459780410015,43.93154258167789,19.239142508362445,7.567334650589679
precip,2006,3,Pacifica,361.5987273790174,2006-03-01,283.5813671487462,78.01736023027121,27.511455006615073,8.618800201258843
precip,2006,4,Pacifica,380.1683430827635,2006-04-01,362.8999258353785,17.268417247385003,4.758451577975366,7.715693259167668
precip,2006,5,Pacifica,422.53035277484616,2006-05-01,427.1555959336999,-4.625243158853721,-1.0828005539161,7.801082132698654
precip,2006,6,Pacifica,338.7045519367785,2006-06-01,315.0446399291326,23.659912007645914,7.510018901755659,8.520095379459098
precip,2006,7,Pacifica,328.5611714799269,2006-07-01,305.9101472000128,22.65102427991411,7.404469739640322,9.511271985380501
precip,2006,8,Pacifica,287.73423214239244,2006-08-01,297.9422020064108,-10.207969864018366,-3.426157756529812,8.466301629625638
precip,2006,9,Pacifica,316.6432631543626,2006-09-01,311.32636219917805,5.316900955184565,1.7078222729442223,7.703484523501301
precip,2006,10,Pacifica,386.9646868736372,2006-10-01,403.6475962797532,-16.682909406115982,-4.133038214490859,7.08222752444292
precip,2006,11,Pacifica,488.63487578103053,2006-11-01,407.07525474353497,81.55962103749556,20.035514339696146,9.108720956807652
precip,2006,12,Pacifica,385.34575096147086,2006-12-01,341.9292597706335,43.41649119083735,12.697506852721869,9.570574155893535
precip,2007,1,Pacifica,289.7791779830823,2007-01-01,272.3257822400335,17.453395743048816,6.409013351392868,8.219283168847266
precip,2007,2,Pacifica,132.15909129342953,2007-02-01,228.34459780410015,-96.18550651067062,-42.12296127679335,3.105774520084283
precip,2007,3,Pacifica,356.4053944769318,2007-03-01,283.5813671487462,72.8240273281856,25.68011716016144,2.953163032879814
precip,2007,4,Pacifica,425.64477569387617,2007-04-01,362.8999258353785,62.74484985849767,17.289849181991976,3.997446166547865
precip,2007,5,Pacifica,492.5096955735048,2007-05-01,427.1555959336999,65.35409963980493,15.299834594686834,5.3626657622647755
precip,2007,6,Pacifica,303.47947915777655,2007-06-01,315.0446399291326,-11.565160771356034,-3.67095938339327,4.430917571835698
precip,2007,7,Pacifica,285.14939472412476,2007-07-01,305.9101472000128,-20.76075247588801,-6.7865524128279535,3.248332392463342
precip,2007,8,Pacifica,336.0356920855426,2007-08-01,297.9422020064108,38.09349007913181,12.785530154037108,4.5993063850105855
precip,2007,9,Pacifica,297.9019922872268,2007-09-01,311.32636219917805,-13.42436991195126,-4.311992668119354,4.097655139921954
precip,2007,10,Pacifica,447.07506106139175,2007-10-01,403.6475962797532,43.42746478163855,10.758757188669241,5.338638090185296
precip,2007,11,Pacifica,424.8461102557684,2007-11-01,407.07525474353497,17.770855512233425,4.3654963806211695,4.032803260262381
precip,2007,12,Pacifica,401.42596816289245,2007-12-01,341.9292597706335,59.49670839225894,17.400297486143593,4.424702479714192
precip,2008,1,Pacifica,347.83097598368795,2008-01-01,272.3257822400335,75.50519374365444,27.726054111579717,6.201122543063096
precip,2008,2,Pacifica,296.4610103565698,2008-02-01,228.34459780410015,68.11641255246963,29.830533854322926,12.197247137322785
precip,2008,3,Pacifica,321.63170352754327,2008-03-01,283.5813671487462,38.050336378797056,13.417784377504116,11.175386072101341
precip,2008,4,Pacifica,374.0927012931119,2008-04-01,362.8999258353785,11.192775457733376,3.084259505418232,9.991586932386863
precip,2008,5,Pacifica,457.71853211694884,2008-05-01,427.1555959336999,30.56293618324895,7.154989065856161,9.312849804984305
precip,2008,6,Pacifica,376.4990204619002,2008-06-01,315.0446399291326,61.45438053276763,19.506562799034267,11.244309986853267
precip,2008,7,Pacifica,368.18975019123417,2008-07-01,305.9101472000128,62.279602991221395,20.35878952080044,13.506421814655633
precip,2008,8,Pacifica,354.60456085985817,2008-08-01,297.9422020064108,56.66235885344736,19.017902959657977,14.025786215124038
precip,2008,9,Pacifica,314.15533558978797,2008-09-01,311.32636219917805,2.8289733906099173,0.9086841765105707,14.4608426188432
precip,2008,10,Pacifica,420.11850093594006,2008-10-01,403.6475962797532,16.47090465618686,4.0805159768055415,13.904322517854558
precip,2008,11,Pacifica,390.4207840450628,2008-11-01,407.07525474353497,-16.654470698472153,-4.091251065841568,13.199593563982665
precip,2008,12,Pacifica,354.8455901932328,2008-12-01,341.9292597706335,12.916330422599287,3.777486147650416,12.064359285774898
precip,2009,1,Pacifica,402.35771322682615,2009-01-01,272.3257822400335,130.03193098679264,47.74866702565086,13.732910361947495
precip,2009,2,Pacifica,303.1981110237998,2009-02-01,228.34459780410015,74.85351321969966,32.780943337191395,13.978777818853198
precip,2009,3,Pacifica,311.63794465150823,2009-03-01,283.5813671487462,28.056577502762025,9.893660427994757,13.685100823060752
precip,2009,4,Pacifica,329.08911332582335,2009-04-01,362.8999258353785,-33.81081250955515,-9.316841945261976,12.651675702170737
precip,2009,5,Pacifica,360.3412308184827,2009-05-01,427.1555959336999,-66.81436511521719,-15.641692570870042,10.751952232443552
precip,2009,6,Pacifica,355.50350315746965,2009-06-01,315.0446399291326,40.458863228337066,12.84226363522263,10.196593968792582
precip,2009,7,Pacifica,315.82647943423905,2009-07-01,305.9101472000128,9.916332234226275,3.241583296595485,8.770160116775502
precip,2009,8,Pacifica,367.7563958858789,2009-08-01,297.9422020064108,69.81419387946806,23.432126569959994,9.138012084300671
precip,2009,9,Pacifica,258.9027712988292,2009-09-01,311.32636219917805,-52.42359090034887,-16.8387895358536,7.659055941603657
precip,2009,10,Pacifica,382.57820739253,2009-10-01,403.6475962797532,-21.069388887223226,-5.2197483848314095,6.884033911467243
precip,2009,11,Pacifica,379.1844374708218,2009-11-01,407.07525474353497,-27.89081727271315,-6.851513804317309,6.654012016594265
precip,2009,12,Pacifica,346.0131931495044,2009-12-01,341.9292597706335,4.083933378870881,1.1943796157165338,6.438753138933108
precip,2010,1,Pacifica,189.11750461098134,2010-01-01,272.3257822400335,-83.20827762905216,-30.554682316384824,-0.08652597290319826
precip,2010,2,Pacifica,258.5463796535875,2010-02-01,228.34459780410015,30.20178184948736,13.226405240117774,-1.7160708143259997
precip,2010,3,Pacifica,306.55514665646746,2010-03-01,283.5813671487462,22.973779507721247,8.101300779635098,-1.865434118355972
precip,2010,4,Pacifica,411.510085515083,2010-04-01,362.8999258353785,48.61015967970451,13.394921359602435,0.027212823716062335
precip,2010,5,Pacifica,387.6787235701518,2010-05-01,427.1555959336999,-39.47687236354807,-9.241801521353683,0.5605370778424256
precip,2010,6,Pacifica,317.1046381069783,2010-06-01,315.0446399291326,2.0599981778457277,0.6538750122233826,-0.4551619740741783
precip,2010,7,Pacifica,373.24936990530915,2010-07-01,305.9101472000128,67.33922270529638,22.012745677660728,1.1091015576812586
precip,2010,8,Pacifica,297.0658922051116,2010-08-01,297.9422020064108,-0.8763098012992145,-0.29412073731010385,-0.8680857179245828
precip,2010,9,Pacifica,303.7388063341619,2010-09-01,311.32636219917805,-7.5875558650161565,-2.4371710161061935,0.3320491587210344
precip,2010,10,Pacifica,436.2560871678684,2010-10-01,403.6475962797532,32.60849088811517,8.078455362710852,1.440232804349556
precip,2010,11,Pacifica,519.423430039621,2010-11-01,407.07525474353497,112.34817529608608,27.598871212859045,4.311098222447586
precip,2010,12,Pacifica,500.55210030077683,2010-12-01,341.9292597706335,158.62284053014332,46.39054307213945,8.077445177149494
precip,2011,1,Pacifica,321.60876907741573,2011-01-01,272.3257822400335,49.282986837382225,18.097069778704682,12.131757851740288
precip,2011,2,Pacifica,300.5844026821472,2011-02-01,228.34459780410015,72.23980487804704,31.63631002123489,13.665916583500048
precip,2011,3,Pacifica,308.80271284413965,2011-03-01,283.5813671487462,25.22134569539344,8.893865612180418,13.731963652878825
precip,2011,4,Pacifica,438.1518968446041,2011-04-01,362.8999258353785,75.2519710092256,20.736287238416793,14.34374414278002
precip,2011,5,Pacifica,398.2357213265833,2011-05-01,427.1555959336999,-28.919874607116583,-6.770337292176157,14.549699495211483
precip,2011,6,Pacifica,351.9021818668764,2011-06-01,315.0446399291326,36.857541937743804,11.699149030446824,15.470138996730102
precip,2011,7,Pacifica,376.1407407197741,2011-07-01,305.9101472000128,70.23059351976133,22.95791563718302,15.548903160023626
precip,2011,8,Pacifica,288.8328811800393,2011-08-01,297.9422020064108,-9.109320826371516,-3.0574120634899216,15.318628882841976
precip,2011,9,Pacifica,318.1363037838267,2011-09-01,311.32636219917805,6.809941584648641,2.187396382543354,15.704009499396102
precip,2011,10,Pacifica,470.0625442873241,2011-10-01,403.6475962797532,66.4149480075709,16.45369590199198,16.401946211002862
precip,2011,11,Pacifica,416.3294125266879,2011-11-01,407.07525474353497,9.254157783152948,2.273328500152445,14.291484318277313
precip,2011,12,Pacifica,400.9084855885249,2011-12-01,341.9292597706335,58.979225817891404,17.248955487885045,11.863018686256112
precip,2012,1,Pacifica,399.688365164726,2012-01-01,272.3257822400335,127.3625829246925,46.76846308016203,14.252301461377558
precip,2012,2,Pacifica,266.9762604950794,2012-02-01,228.34459780410015,38.631662690979226,16.918141730737084,13.025787437169408
precip,2012,3,Pacifica,308.9921484725835,2012-03-01,283.5813671487462,25.410781323837284,8.960666767118248,13.031354200080893
precip,2012,4,Pacifica,374.1042300878172,2012-04-01,362.8999258353785,11.204304252438703,3.0874363577360686,11.560616626690836
precip,2012,5,Pacifica,399.2302358181117,2012-05-01,427.1555959336999,-27.925360115588205,-6.5375147560802604,11.580018504698826
precip,2012,6,Pacifica,311.04114164366115,2012-06-01,315.0446399291326,-4.003498285471437,-1.2707717504325737,10.499191772958875
precip,2012,7,Pacifica,286.4552613952721,2012-07-01,305.9101472000128,-19.454885804740684,-6.359673251381402,8.056059365578506
precip,2012,8,Pacifica,318.74348631496605,2012-08-01,297.9422020064108,20.80128430855524,6.981650859956945,8.892647942532411
precip,2012,9,Pacifica,244.12183978264358,2012-09-01,311.32636219917805,-67.20452241653447,-21.586518385981996,6.911488378488632
precip,2012,10,Pacifica,427.83340819915054,2012-10-01,403.6475962797532,24.185811919397338,5.991813686569075,6.039664860536724
precip,2012,11,Pacifica,448.97923008912034,2012-11-01,407.07525474353497,41.903975345585366,10.293913682369531,6.708046959054815
precip,2012,12,Pacifica,328.5156951754473,2012-12-01,341.9292597706335,-13.413564595186187,-3.922906335709328,4.94372514042195
precip,2013,1,Pacifica,198.11224176738162,2013-01-01,272.3257822400335,-74.21354047265189,-27.25174967357243,-1.2246259223892555
precip,2013,2,Pacifica,304.1240920914641,2013-02-01,228.34459780410015,75.77949428736395,33.18646248525493,0.13106747382056483
precip,2013,3,Pacifica,345.9800749737433,2013-03-01,283.5813671487462,62.398707824997075,22.00381091761478,1.217996153028609
precip,2013,4,Pacifica,371.8476738598271,2013-04-01,362.8999258353785,8.947748024448629,2.465624098393334,1.166178464750048
precip,2013,5,Pacifica,478.66563195559024,2013-05-01,427.1555959336999,51.51003602189036,12.058846123576334,2.715875204721431
precip,2013,6,Pacifica,298.7059092298201,2013-06-01,315.0446399291326,-16.338730699312464,-5.186163682387285,2.389592543725205
precip,2013,7,Pacifica,313.4231715103123,2013-07-01,305.9101472000128,7.5130243102995,2.455957861831654,3.1242284698262925
precip,2013,8,Pacifica,366.78542922232833,2013-08-01,297.9422020064108,68.84322721591752,23.106235622987114,4.467943866745473
precip,2013,9,Pacifica,278.90333188522567,2013-09-01,311.32636219917805,-32.42303031395238,-10.414482758517256,5.398946835700868
precip,2013,10,Pacifica,404.3153600812393,2013-10-01,403.6475962797532,0.6677638014861031,0.1654323740908148,4.9134150596610136
precip,2013,11,Pacifica,370.542683018205,2013-11-01,407.07525474353497,-36.532571725329944,-8.974402472178307,3.307722046782027
precip,2013,12,Pacifica,304.5062455171081,2013-12-01,341.9292597706335,-37.42301425352542,-10.94466565354156,2.7225754369626736
precip,2014,1,Pacifica,301.3738041670489,2014-01-01,272.3257822400335,29.048021927015384,10.666644079043483,5.882441583014
precip,2014,2,Pacifica,290.8528967652776,2014-02-01,228.34459780410015,62.508298961177445,27.374546874458638,5.398115282114309
precip,2014,3,Pacifica,338.00236872897966,2014-03-01,283.5813671487462,54.42100158023345,19.190612601739854,5.163682089124733
precip,2014,4,Pacifica,334.10272911713713,2014-04-01,362.8999258353785,-28.797196718241366,-7.935299697830353,4.296938439439425
precip,2014,5,Pacifica,450.3333651403489,2014-05-01,427.1555959336999,23.17776920664903,5.426071770401557,3.7442072433415277
precip,2014,6,Pacifica,292.08199426170916,2014-06-01,315.0446399291326,-22.96264566742343,-7.28869587261943,3.568996227488848
precip,2014,7,Pacifica,228.94857832466204,2014-07-01,305.9101472000128,-76.96156887535074,-25.15822687798292,1.2678141658376336
precip,2014,8,Pacifica,247.96842098862427,2014-08-01,297.9422020064108,-49.973781017786536,-16.772978343199345,-2.0554536646779042
precip,2014,9,Pacifica,279.6060700740182,2014-09-01,311.32636219917805,-31.720292125159858,-10.188758799958638,-2.0366433347980197
precip,2014,10,Pacifica,441.6401355123867,2014-10-01,403.6475962797532,37.992539232633476,9.412304094659406,-1.2660706914173037
precip,2014,11,Pacifica,398.3329945725848,2014-11-01,407.07525474353497,-8.742260170950146,-2.1475783823946593,-0.6971686839353329
precip,2014,12,Pacifica,328.1224248402745,2014-12-01,341.9292597706335,-13.806834930359003,-4.037921451829142,-0.12160666712596487
precip,2015,1,Pacifica,288.357567909052,2015-01-01,272.3257822400335,16.031785669018518,5.886987833890724,-0.519911354222028
precip,2015,2,Pacifica,189.1976957527759,2015-02-01,228.34459780410015,-39.14690205132425,-17.143782873685016,-4.229772166567333
precip,2015,3,Pacifica,248.80065040131797,2015-03-01,283.5813671487462,-34.780716747428244,-12.264810307224735,-6.851057408981049
precip,2015,4,Pacifica,318.5106168769658,2015-04-01,362.8999258353785,-44.3893089584127,-12.231831917912523,-7.209101760654562
precip,2015,5,Pacifica,391.03397010474885,2015-05-01,427.1555959336999,-36.12162582895104,-8.456315724951333,-8.365967385267304
precip,2015,6,Pacifica,198.3535181127079,2015-06-01,315.0446399291326,-116.6911218164247,-37.039551551384484,-10.845205358497724
precip,2015,7,Pacifica,247.92994454116584,2015-07-01,305.9101472000128,-57.980202658846935,-18.953344042209174,-10.328131788849912
precip,2015,8,Pacifica,275.2324211762458,2015-08-01,297.9422020064108,-22.709780830165016,-7.622210172722148,-9.56556777464348
precip,2015,9,Pacifica,260.2067764621181,2015-09-01,311.32636219917805,-51.119585737059936,-16.41993481565658,-10.084832442618307
precip,2015,10,Pacifica,392.04886510315146,2015-10-01,403.6475962797532,-11.598731176601746,-2.8734795607609898,-11.108647747236674
precip,2015,11,Pacifica,469.14680739121917,2015-11-01,407.07525474353497,62.0715526476842,15.248176332110985,-9.65900152102787
precip,2015,12,Pacifica,315.6570347930435,2015-12-01,341.9292597706335,-26.272224977589985,-7.683526409881804,-9.962801934198927
precip,2016,1,Pacifica,148.12471830150795,2016-01-01,272.3257822400335,-124.20106393852555,-45.60753040600915,-14.254011787523915
precip,2016,2,Pacifica,124.09943185317569,2016-02-01,228.34459780410015,-104.24516595092446,-45.65256500631461,-16.629743631909715
precip,2016,3,Pacifica,177.45944897352692,2016-03-01,283.5813671487462,-106.12191817521929,-37.42203489679752,-18.726179014374114
precip,2016,4,Pacifica,306.014233715598,2016-04-01,362.8999258353785,-56.885692119780515,-15.67531103480728,-19.013135607448678
precip,2016,5,Pacifica,396.2087481780253,2016-05-01,427.1555959336999,-30.946847755674582,-7.244865348896877,-18.912181409444138
precip,2016,6,Pacifica,256.0612413927914,2016-06-01,315.0446399291326,-58.98339853634121,-18.722235220256145,-17.38573838185011
precip,2016,7,Pacifica,274.2321465026621,2016-07-01,305.9101472000128,-31.678000697350683,-10.35532851306129,-16.669237087754453
precip,2016,8,Pacifica,274.2190660959518,2016-08-01,297.9422020064108,-23.723135910459007,-7.962328179996655,-16.69758025502733
precip,2016,9,Pacifica,297.726289407823,2016-09-01,311.32636219917805,-13.600072791355046,-4.368429546179612,-15.69328814923758
precip,2016,10,Pacifica,436.8934769995443,2016-10-01,403.6475962797532,33.2458807197911,8.236362863597883,-14.767467947207676
precip,2016,11,Pacifica,348.8236805182424,2016-11-01,407.07525474353497,-58.251574225292586,-14.309780205626149,-17.230630992019105
precip,2016,12,Pacifica,311.4101870000224,2016-12-01,341.9292597706335,-30.519072770611103,-8.925551674367771,-17.334133097392932
precip,2017,1,Pacifica,286.30095192477233,2017-01-01,272.3257822400335,13.97516968473883,5.13178354608409,-13.105856934718497
precip,2017,2,Pacifica,153.5116772197295,2017-02-01,228.34459780410015,-74.83292058437064,-32.771925109684794,-12.032470276666013
precip,2017,3,Pacifica,398.7562448385016,2017-03-01,283.5813671487462,115.17487768975536,40.614402436864964,-5.529433832194138
precip,2017,4,Pacifica,332.43844149898985,2017-04-01,362.8999258353785,-30.46148433638865,-8.393907567290832,-4.922650209901101
precip,2017,5,Pacifica,368.4219630782262,2017-05-01,427.1555959336999,-58.73363285547367,-13.74993876109489,-5.464739660917602
precip,2017,6,Pacifica,279.79576781793503,2017-06-01,315.0446399291326,-35.24887211119756,-11.188532558156387,-4.8369311057426225
precip,2017,7,Pacifica,231.94587311882034,2017-07-01,305.9101472000128,-73.96427408119243,-24.17843107140623,-5.9888563189380335
precip,2017,8,Pacifica,302.2738747377964,2017-08-01,297.9422020064108,4.331672731385595,1.453863434657837,-5.204173684383494
precip,2017,9,Pacifica,282.3975401191363,2017-09-01,311.32636219917805,-28.928822080041755,-9.292120935628924,-5.614481300170936
precip,2017,10,Pacifica,359.75996125989633,2017-10-01,403.6475962797532,-43.88763501985687,-10.872760156222999,-7.2069082184893425
precip,2017,11,Pacifica,367.9950541536516,2017-11-01,407.07525474353497,-39.08020058988336,-9.60023979214964,-6.8144465173663
precip,2017,12,Pacifica,246.41268104421692,2017-12-01,341.9292597706335,-95.51657872641658,-27.934602259686464,-8.398534066142858
precip,2018,1,Pacifica,287.1213310645151,2018-01-01,272.3257822400335,14.795548824481614,5.433032709125027,-8.37342996922278
precip,2018,2,Pacifica,132.49272814732396,2018-02-01,228.34459780410015,-95.85186965677619,-41.976850154786135,-9.14050705631456
precip,2018,3,Pacifica,224.62802464043273,2018-03-01,283.5813671487462,-58.95334250831348,-20.788863210956606,-14.25744586029969
precip,2018,4,Pacifica,278.2850647699811,2018-04-01,362.8999258353785,-84.6148610653974,-23.316307070225488,-15.500979152210911
precip,2018,5,Pacifica,439.33363810138434,2018-05-01,427.1555959336999,12.178042167684453,2.850961636371643,-14.117570785755364
precip,2018,6,Pacifica,299.48700212610527,2018-06-01,315.0446399291326,-15.557637803027319,-4.938232818856057,-13.596712474147006
precip,2018,7,Pacifica,254.98697291517504,2018-07-01,305.9101472000128,-50.92317428483773,-16.646448230284662,-12.969047237386874
precip,2018,8,Pacifica,216.28503366840297,2018-08-01,297.9422020064108,-81.65716833800784,-27.407050021148336,-15.374123358704056
precip,2018,9,Pacifica,243.74468161212312,2018-09-01,311.32636219917805,-67.58168058705493,-21.707663979903515,-16.408751945726937
precip,2018,10,Pacifica,313.54770525736745,2018-10-01,403.6475962797532,-90.09989102238575,-22.321423898667504,-17.362807257597314
precip,2018,11,Pacifica,476.0025398977535,2018-11-01,407.07525474353497,68.92728515421851,16.93232009340484,-15.151760600467775
precip,2018,12,Pacifica,215.0673093165074,2018-12-01,341.9292597706335,-126.86195045412612,-37.10181180143087,-15.915694728946475
precip,2019,1,Pacifica,153.1437685118101,2019-01-01,272.3257822400335,-119.18201372822341,-43.764498810169194,-20.015489022220994
precip,2019,2,Pacifica,153.59819743909992,2019-02-01,228.34459780410015,-74.74640036500023,-32.734034912061354,-19.245254418660593
precip,2019,3,Pacifica,225.03006087027933,2019-03-01,283.5813671487462,-58.55130627846688,-20.64709217928099,-19.23344016602096
precip,2019,4,Pacifica,347.00058368690725,2019-04-01,362.8999258353785,-15.899342148471248,-4.381191897978957,-17.65551390166708
precip,2019,5,Pacifica,442.0556527710299,2019-05-01,427.1555959336999,14.900056837329998,3.4882035911903824,-17.602410405432188
precip,2019,6,Pacifica,266.8660587537463,2019-06-01,315.0446399291326,-48.178581175386284,-15.292620495376074,-18.465276045142186
precip,2019,7,Pacifica,257.7668656339744,2019-07-01,305.9101472000128,-48.143281566038354,-15.737719721523622,-18.389548669412104
precip,2019,8,Pacifica,243.4978749511,2019-08-01,297.9422020064108,-54.44432705531082,-18.273452598749117,-17.62841555087883
precip,2019,9,Pacifica,332.5556614439992,2019-09-01,311.32636219917805,21.229299244821163,6.8189854193071,-15.251194767611281
precip,2019,10,Pacifica,442.77258879992297,2019-10-01,403.6475962797532,39.12499252016977,9.692859038618847,-12.583337856170752
precip,2019,11,Pacifica,394.2624515235292,2019-11-01,407.07525474353497,-12.812803220005776,-3.147526918107091,-14.256658440463413
precip,2019,12,Pacifica,368.68553961941006,2019-12-01,341.9292597706335,26.756279848776558,7.825092203786449,-10.51274977336197
precip,2020,1,Pacifica,142.131910623336,2020-01-01,272.3257822400335,-130.1938716166975,-47.80813279806976,-10.849719272353687
precip,2020,2,Pacifica,165.44745436088135,2020-02-01,228.34459780410015,-62.897143443218795,-27.54483532699078,-10.417285973597803
precip,2020,3,Pacifica,150.70775004389145,2020-03-01,283.5813671487462,-132.87361710485476,-46.85555276103839,-12.601324355410918
precip,2020,4,Pacifica,311.9555699645387,2020-04-01,362.8999258353785,-50.944355870839786,-14.038127936666916,-13.406069025301582
precip,2020,5,Pacifica,433.4209435277567,2020-05-01,427.1555959336999,6.265347594056834,1.4667600410013821,-13.574522654484
precip,2020,6,Pacifica,306.93878280279915,2020-06-01,315.0446399291326,-8.105857126333433,-2.5729233571968715,-12.514547892969068
precip,2020,7,Pacifica,332.1052018153915,2020-07-01,305.9101472000128,26.19505461537875,8.562989771716097,-10.489488768532423
precip,2020,8,Pacifica,275.8692810319581,2020-08-01,297.9422020064108,-22.0729209744527,-7.408457353744656,-9.584072498115384
precip,2020,9,Pacifica,237.4378334292798,2020-09-01,311.32636219917805,-73.88852876989824,-23.733463574352367,-12.130109914253673
precip,2020,10,Pacifica,327.0191893782368,2020-10-01,403.6475962797532,-76.62840690151643,-18.983986925171262,-14.519847077902847
precip,2020,11,Pacifica,311.12636479796873,2020-11-01,407.07525474353497,-95.94888994556624,-23.57030765871923,-16.22174547295386
precip,2020,12,Pacifica,386.5515914909907,2020-12-01,341.9292597706335,44.62233172035718,13.050164747611797,-15.786322760968416
precip,2021,1,Pacifica,280.0908603801658,2021-01-01,272.3257822400335,7.765078140132289,2.8513929442376447,-11.564695615776131
precip,2021,2,Pacifica,249.12794479845266,2021-02-01,228.34459780410015,20.783346994352513,9.101746743394745,-8.510813776577338
precip,2021,3,Pacifica,450.6930354618437,2021-03-01,283.5813671487462,167.11166831309748,58.92900157486116,0.3045657514142916
precip,2021,4,Pacifica,393.2913031094232,2021-04-01,362.8999258353785,30.391377274044714,8.374589001109658,2.172292162895673
precip,2021,5,Pacifica,370.0048032786813,2021-05-01,427.1555959336999,-57.15079265501856,-13.379385216783888,0.9351133914135671
precip,2021,6,Pacifica,298.23982617532573,2021-06-01,315.0446399291326,-16.804813753806854,-5.334105591381271,0.7050148718982004
precip,2021,7,Pacifica,242.34425605852581,2021-07-01,305.9101472000128,-63.56589114148696,-20.7792685935082,-1.7401733252038243
precip,2021,8,Pacifica,271.84500987453225,2021-08-01,297.9422020064108,-26.097192131878558,-8.759145886730415,-1.8527307029526376
precip,2021,9,Pacifica,242.15749402564282,2021-09-01,311.32636219917805,-69.16886817353523,-22.21747868858047,-1.7263986291383129
precip,2021,10,Pacifica,375.25814900692444,2021-10-01,403.6475962797532,-28.38944727282876,-7.0332258966688075,-0.7305018767631083
precip,2021,11,Pacifica,374.7942455452323,2021-11-01,407.07525474353497,-32.281009198302684,-7.92998562849032,0.5728582924226341
precip,2021,12,Pacifica,305.0478967270094,2021-12-01,341.9292597706335,-36.881363043624106,-10.786255340757958,-1.4135100482748453
precip,2022,1,Pacifica,216.31874181841422,2022-01-01,272.3257822400335,-56.00704042161928,-20.56619096470768,-3.3649753740202892
precip,2022,2,Pacifica,444.4581317697074,2022-02-01,228.34459780410015,216.11353396560725,94.64359395575187,3.7635118936761374
precip,2022,3,Pacifica,342.4324973330125,2022-03-01,283.5813671487462,58.85113018426631,20.752819825922227,0.582163414597893
precip,2022,4,Pacifica,437.34056084647,2022-04-01,362.8999258353785,74.4406350110915,20.51271706372843,1.5936740864827907
precip,2022,5,Pacifica,425.2064674392793,2022-05-01,427.1555959336999,-1.9491284944205631,-0.4563040992498418,2.6705975129439614
precip,2022,6,Pacifica,347.1361391061598,2022-06-01,315.0446399291326,32.09149917702723,10.18633396976569,3.963967476372875
precip,2022,7,Pacifica,297.6005224732163,2022-07-01,305.9101472000128,-8.309624726796471,-2.716361259295986,5.469209754223892
precip,2022,8,Pacifica,308.8316284054587,2022-08-01,297.9422020064108,10.889426399047863,3.654878807270665,6.503711812057316
precip,2022,9,Pacifica,291.1875339386592,2022-09-01,311.32636219917805,-20.138828260518835,-6.468719230283032,7.816108433582102
precip,2022,10,Pacifica,592.0431124677145,2022-10-01,403.6475962797532,188.39551618796133,46.67326596871182,12.29164942236382
precip,2022,11,Pacifica,370.43885879948874,2022-11-01,407.07525474353497,-36.63639594404623,-8.999907392339,12.202489275376431
precip,2022,12,Pacifica,268.9007686807558,2022-12-01,341.9292597706335,-73.02849108987772,-21.357777669821328,11.321529081287816
precip,2023,1,Pacifica,387.8933739912703,2023-01-01,272.3257822400335,115.56759175123682,42.43725687690238,16.571816401421987
precip,2023,2,Pacifica,138.1404079492556,2023-02-01,228.34459780410015,-90.20418985484454,-39.503535762309525,5.392888924916872
precip,2023,3,Pacifica,352.53654547397025,2023-03-01,283.5813671487462,68.95517832522404,24.315835352135515,5.689806885434646
precip,2023,4,Pacifica,330.37961100779177,2023-04-01,362.8999258353785,-32.52031482758673,-8.961234905939014,3.233644221295693
precip,2023,5,Pacifica,373.6758445237847,2023-05-01,427.1555959336999,-53.479751409915195,-12.519969753180044,2.2283387501348435
precip,2023,6,Pacifica,263.33910942766863,2023-06-01,315.0446399291326,-51.705530501463954,-16.41212829810239,0.011800227812503117
precip,2023,7,Pacifica,332.72680571928345,2023-07-01,305.9101472000128,26.816658519270675,8.766187968827715,0.9686793301561448
precip,2023,8,Pacifica,320.3642800756682,2023-08-01,297.9422020064108,22.422078069257395,7.5256468933444145,1.2912433373289574
precip,2023,9,Pacifica,248.30975589163603,2023-09-01,311.32636219917805,-63.01660630754202,-20.241333198512027,0.14352550664320773
precip,2023,10,Pacifica,409.1198149479776,2023-10-01,403.6475962797532,5.4722186682244,1.355692123193472,-3.632938980483321
precip,2023,11,Pacifica,368.6082805122471,2023-11-01,407.07525474353497,-38.46697423128785,-9.449597779045243,-3.6704131793755077
precip,2023,12,Pacifica,389.74135564936785,2023-12-01,341.9292597706335,47.81209587873434,13.983037284029667,-0.7253452665545916
precip,2024,1,Pacifica,165.88440911811136,2024-01-01,272.3257822400335,-106.44137312192214,-39.086043284767854,-7.518953613360445
precip,2024,2,Pacifica,266.5295713469686,2024-02-01,228.34459780410015,38.18497354286848,16.72252109753342,-2.8334488750401996
precip,2024,3,Pacifica,263.2526740769354,2024-03-01,283.5813671487462,-20.32869307181079,-7.1685573971959275,-5.457148270817819
precip,2024,4,Pacifica,376.1634304213736,2024-04-01,362.8999258353785,13.263504585995122,3.654865609427492,-4.405806561203944
precip,2024,5,Pacifica,490.9558072065473,2024-05-01,427.1555959336999,63.800211272847434,14.936058869459377,-2.1178041759839927
precip,2024,6,Pacifica,345.6887068060084,2024-06-01,315.0446399291326,30.644066876875797,9.72689676096981,0.06044791227202436
precip,2024,7,Pacifica,285.3171340350135,2024-07-01,305.9101472000128,-20.593013164999263,-6.731719543626307,-1.2310443804324775
precip,2024,8,Pacifica,321.29400885874645,2024-08-01,297.9422020064108,23.351806852335642,7.837696940909761,-1.2050402098020319
precip,2024,9,Pacifica,271.7060983826618,2024-09-01,311.32636219917805,-39.62026381651623,-12.72627975884942,-0.5787857564968147
precip,2024,10,Pacifica,429.49700851480407,2024-10-01,403.6475962797532,25.849412235050863,6.403955448587781,-0.158097146047289
precip,2024,11,Pacifica,266.6103147371389,2024-11-01,407.07525474353497,-140.4649400063961,-34.50589009515983,-2.2461215057235044
precip,2024,12,Pacifica,390.9387105279958,2024-12-01,341.9292597706335,49.00945075736229,14.333213481127025,-2.216940155965391
precip,2025,1,Pacifica,264.70835787886057,2025-01-01,272.3257822400335,-7.617424361172937,-2.7971734069816363,0.8071323338501272
precip,2025,2,Pacifica,544.1168534492418,2025-02-01,228.34459780410015,315.7722556451417,138.28759632669167,10.937555269613314
precip,2025,3,Pacifica,456.29408265302345,2025-03-01,283.5813671487462,172.71271550427724,60.90411272108886,16.610277779470383
precip,2025,4,Pacifica,391.995107401921,2025-04-01,362.8999258353785,29.09518156654252,8.017411824917513,16.97382329742788
precip,2025,5,Pacifica,435.8098344431049,2025-05-01,427.1555959336999,8.65423850940499,2.0260154828331554,15.897986348542362
precip,2025,6,Pacifica,339.48369563396363,2025-06-01,315.0446399291326,24.43905570483105,7.7573310596011,15.733855873428304
precip,2025,7,Pacifica,260.30030760926866,2025-07-01,305.9101472000128,-45.609839590744116,-14.909554327703653,15.05236964142186
precip,2025,8,Pacifica,294.7524264975732,2025-08-01,297.9422020064108,-3.189775508837613,-1.0706021125429483,14.310011386967467
precip,2025,9,Pacifica,240.52503161601936,2025-09-01,311.32636219917805,-70.80133058315869,-22.741835957297425,13.475381703763466
precip,2025,10,Pacifica,416.1785335301942,2025-10-01,403.6475962797532,12.530937250441013,3.104425089095857,13.200420840472473
precip,2025,11,Pacifica,427.73358667086165,2025-11-01,407.07525474353497,20.658331927326685,5.074818890758128,16.498813255965636
precip,2025,12,Pacifica,222.7914622239793,2025-12-01,341.9292597706335,-119.13779754665421,-34.84282030340778,12.400810440587733
precip,2026,1,Pacifica,438.7507997493662,2026-01-01,272.3257822400335,166.4250175093327,61.112472032722295,17.726614227229728
precip,2026,2,Pacifica,428.5367973444271,2026-02-01,228.34459780410015,200.19219954032695,87.67109073982758,13.508572094991054
precip,2026,3,Pacifica,213.5840686708601,2026-03-01,283.5813671487462,-69.99729847788612,-24.683320763162346,6.376285971303454
precip,2026,4,Pacifica,277.4852317209629,2026-04-01,362.8999258353785,-85.41469411441562,-23.536707514556536,3.746776026347284
