variable,year,month,region,value,date,clim,anomaly,rolling_12
tmax_mean,1991,1,Amazonia,30.334800597011164,1991-01-01,29.602677572630366,0.7321230243807975,
tmax_mean,1991,2,Amazonia,29.873927241703402,1991-02-01,29.682604781023183,0.19132246068021885,
tmax_mean,1991,3,Amazonia,29.261557502171833,1991-03-01,29.235361397029138,0.026196105142695103,
tmax_mean,1991,4,Amazonia,27.98818559585918,1991-04-01,28.620637297298824,-0.6324517014396456,
tmax_mean,1991,5,Amazonia,27.838734697366593,1991-05-01,27.959824008297936,-0.12108931093134245,
tmax_mean,1991,6,Amazonia,27.031863856313286,1991-06-01,27.25495311223691,-0.22308925592362527,
tmax_mean,1991,7,Amazonia,26.42501475556694,1991-07-01,27.161807131231647,-0.7367923756647059,
tmax_mean,1991,8,Amazonia,27.313411711803926,1991-08-01,28.154010203096036,-0.8405984912921092,
tmax_mean,1991,9,Amazonia,28.20153312623057,1991-09-01,28.986233613194692,-0.7847004869641232,
tmax_mean,1991,10,Amazonia,28.443376263335697,1991-10-01,29.209709816093255,-0.7663335527575583,
tmax_mean,1991,11,Amazonia,28.548298039015744,1991-11-01,28.95903877427365,-0.41074073525790666,
tmax_mean,1991,12,Amazonia,29.22020589462244,1991-12-01,28.972249361142097,0.24795653348034108,-0.276516482212247
tmax_mean,1992,1,Amazonia,30.31442292021439,1992-01-01,29.602677572630366,0.7117453475840243,-0.27821462194531144
tmax_mean,1992,2,Amazonia,30.84167782962528,1992-02-01,29.682604781023183,1.159073048602096,-0.19756873961848834
tmax_mean,1992,3,Amazonia,29.315268383388208,1992-03-01,29.235361397029138,0.07990698635907023,-0.19309283285045709
tmax_mean,1992,4,Amazonia,28.907802872237948,1992-04-01,28.620637297298824,0.28716557493912376,-0.11645805981889297
tmax_mean,1992,5,Amazonia,29.036752774649138,1992-05-01,27.959824008297936,1.0769287663512017,-0.016623220045347626
tmax_mean,1992,6,Amazonia,27.779751235819738,1992-06-01,27.25495311223691,0.5247981235828263,0.04570072824685667
tmax_mean,1992,7,Amazonia,26.05442372408492,1992-07-01,27.161807131231647,-1.1073834071467274,0.014818142290021541
tmax_mean,1992,8,Amazonia,27.37085771029803,1992-08-01,28.154010203096036,-0.7831524927980063,0.019605308831196783
tmax_mean,1992,9,Amazonia,27.977190217753996,1992-09-01,28.986233613194692,-1.0090433954406954,0.0009100664581490984
tmax_mean,1992,10,Amazonia,28.971166999508164,1992-10-01,29.209709816093255,-0.2385428165850918,0.044892627805854644
tmax_mean,1992,11,Amazonia,28.32907975217668,1992-11-01,28.95903877427365,-0.6299590220969726,0.02662443723593248
tmax_mean,1992,12,Amazonia,28.51190239301666,1992-12-01,28.972249361142097,-0.46034696812543885,-0.032400854564549185
tmax_mean,1993,1,Amazonia,28.625682598674977,1993-01-01,29.602677572630366,-0.9769949739553887,-0.1731292146928336
tmax_mean,1993,2,Amazonia,28.800022586489664,1993-02-01,29.682604781023183,-0.8825821945335193,-0.3432671516208015
tmax_mean,1993,3,Amazonia,27.809742554824613,1993-03-01,29.235361397029138,-1.4256188422045248,-0.46872763733443445
tmax_mean,1993,4,Amazonia,27.938044166770176,1993-04-01,28.620637297298824,-0.6825931305286481,-0.5495408627900821
tmax_mean,1993,5,Amazonia,28.419754299914864,1993-05-01,27.959824008297936,0.4599302916169279,-0.6009574023512716
tmax_mean,1993,6,Amazonia,27.139506991087163,1993-06-01,27.25495311223691,-0.11544612114974839,-0.6543110894123195
tmax_mean,1993,7,Amazonia,27.22206317211572,1993-07-01,27.161807131231647,0.06025604088407377,-0.5570078020764194
tmax_mean,1993,8,Amazonia,27.447718115546603,1993-08-01,28.154010203096036,-0.7062920875494321,-0.5506027683057049
tmax_mean,1993,9,Amazonia,28.217404996622292,1993-09-01,28.986233613194692,-0.7688286165723994,-0.5305848700666802
tmax_mean,1993,10,Amazonia,28.499842471904316,1993-10-01,29.209709816093255,-0.7098673441889396,-0.5698619140336675
tmax_mean,1993,11,Amazonia,28.20384816149118,1993-11-01,28.95903877427365,-0.7551906127824708,-0.5802978799241257
tmax_mean,1993,12,Amazonia,29.231430954031094,1993-12-01,28.972249361142097,0.25918159288899645,-0.520337166506256
tmax_mean,1994,1,Amazonia,30.009878090373167,1994-01-01,29.602677572630366,0.4072005177428011,-0.4049875421980736
tmax_mean,1994,2,Amazonia,28.377037917895695,1994-02-01,29.682604781023183,-1.3055668631274884,-0.44023626458090437
tmax_mean,1994,3,Amazonia,28.462719864831968,1994-03-01,29.235361397029138,-0.77264153219717,-0.38582148874695815
tmax_mean,1994,4,Amazonia,27.805723989248833,1994-04-01,28.620637297298824,-0.8149133080499915,-0.3968481702070701
tmax_mean,1994,5,Amazonia,27.845083741705654,1994-05-01,27.959824008297936,-0.11474026659228187,-0.4447373833911709
tmax_mean,1994,6,Amazonia,26.63252321684796,1994-06-01,27.25495311223691,-0.6224298953889509,-0.4869860312444378
tmax_mean,1994,7,Amazonia,26.352406608199082,1994-07-01,27.161807131231647,-0.8094005230325649,-0.5594574115708243
tmax_mean,1994,8,Amazonia,27.627619108405444,1994-08-01,28.154010203096036,-0.5263910946905916,-0.544465662165921
tmax_mean,1994,9,Amazonia,28.251005606517165,1994-09-01,28.986233613194692,-0.7352280066775272,-0.5416656113413483
tmax_mean,1994,10,Amazonia,28.711314795869274,1994-10-01,29.209709816093255,-0.4983950202239811,-0.5240429176776017
tmax_mean,1994,11,Amazonia,28.740846326273115,1994-11-01,28.95903877427365,-0.2181924480005364,-0.47929307061244053
tmax_mean,1994,12,Amazonia,29.274235235212718,1994-12-01,28.972249361142097,0.3019858740706205,-0.47572604718063854
tmax_mean,1995,1,Amazonia,30.287518929541093,1995-01-01,29.602677572630366,0.6848413569107272,-0.45258931058331137
tmax_mean,1995,2,Amazonia,31.631163039171447,1995-02-01,29.682604781023183,1.9485582581482639,-0.18141221714366532
tmax_mean,1995,3,Amazonia,29.277375197729533,1995-03-01,29.235361397029138,0.04201380070039562,-0.11352427273553485
tmax_mean,1995,4,Amazonia,28.67508970028207,1995-04-01,28.620637297298824,0.0544524029832445,-0.04107713014943185
tmax_mean,1995,5,Amazonia,27.90363908159739,1995-05-01,27.959824008297936,-0.056184926700545645,-0.03619751849178717
tmax_mean,1995,6,Amazonia,27.198955072612936,1995-06-01,27.25495311223691,-0.05599803962397587,0.011005136155294082
tmax_mean,1995,7,Amazonia,27.556850807159375,1995-07-01,27.161807131231647,0.3950436759277274,0.11137548606865177
tmax_mean,1995,8,Amazonia,28.782813879025657,1995-08-01,28.154010203096036,0.6288036759296212,0.2076417169536695
tmax_mean,1995,9,Amazonia,28.778166084758322,1995-09-01,28.986233613194692,-0.20806752843637,0.25157175680709926
tmax_mean,1995,10,Amazonia,29.007218298657495,1995-10-01,29.209709816093255,-0.20249151743576022,0.276230382039451
tmax_mean,1995,11,Amazonia,28.854743418219112,1995-11-01,28.95903877427365,-0.10429535605453921,0.2857218063682841
tmax_mean,1995,12,Amazonia,28.978240566488264,1995-12-01,28.972249361142097,0.005991205346166595,0.2610555839745796
tmax_mean,1996,1,Amazonia,29.710873647101298,1996-01-01,29.602677572630366,0.10819607447093205,0.21300181043793
tmax_mean,1996,2,Amazonia,28.248527773140857,1996-02-01,29.682604781023183,-1.4340770078823262,-0.06888446173128582
tmax_mean,1996,3,Amazonia,29.327900319294304,1996-03-01,29.235361397029138,0.09253892226516669,-0.06467403493422157
tmax_mean,1996,4,Amazonia,28.81965533986147,1996-04-01,28.620637297298824,0.19901804256264555,-0.05262689830260481
tmax_mean,1996,5,Amazonia,27.68906239333745,1996-05-01,27.959824008297936,-0.27076161496048456,-0.07050828899093305
tmax_mean,1996,6,Amazonia,26.501934757380013,1996-06-01,27.25495311223691,-0.7530183548568985,-0.12859331526034326
tmax_mean,1996,7,Amazonia,26.545462908006712,1996-07-01,27.161807131231647,-0.6163442232249352,-0.21287564018973182
tmax_mean,1996,8,Amazonia,27.882360114995702,1996-08-01,28.154010203096036,-0.2716500881003334,-0.2879134538588947
tmax_mean,1996,9,Amazonia,28.323650610617598,1996-09-01,28.986233613194692,-0.6625830025770938,-0.32578974337062166
tmax_mean,1996,10,Amazonia,28.60099117997196,1996-10-01,29.209709816093255,-0.6087186361212957,-0.359642003261083
tmax_mean,1996,11,Amazonia,28.56314216380065,1996-11-01,28.95903877427365,-0.3958966104730024,-0.3839421077959549
tmax_mean,1996,12,Amazonia,28.45975137571152,1996-12-01,28.972249361142097,-0.5124979854305778,-0.4271495403606836
tmax_mean,1997,1,Amazonia,29.96371889587072,1997-01-01,29.602677572630366,0.36104132324035376,-0.4060791029632318
tmax_mean,1997,2,Amazonia,27.707265866682516,1997-02-01,29.682604781023183,-1.9753389143406679,-0.4511842618347603
tmax_mean,1997,3,Amazonia,29.694857992267764,1997-03-01,29.235361397029138,0.45949659523862607,-0.42060445575363864
tmax_mean,1997,4,Amazonia,28.27416314537331,1997-04-01,28.620637297298824,-0.3464741519255128,-0.46606213862765183
tmax_mean,1997,5,Amazonia,26.974345301849866,1997-05-01,27.959824008297936,-0.9854787064480703,-0.5256218962516174
tmax_mean,1997,6,Amazonia,28.053315058274684,1997-06-01,27.25495311223691,0.7983619460377724,-0.39634020451039476
tmax_mean,1997,7,Amazonia,27.30483331639132,1997-07-01,27.161807131231647,0.14302618515967325,-0.33305933714501074
tmax_mean,1997,8,Amazonia,27.602863053052406,1997-08-01,28.154010203096036,-0.5511471500436294,-0.35635075897361873
tmax_mean,1997,9,Amazonia,29.303292171576246,1997-09-01,28.986233613194692,0.3170585583815537,-0.27471396222706473
tmax_mean,1997,10,Amazonia,30.03680337995454,1997-10-01,29.209709816093255,0.8270935638612862,-0.1550629455618496
tmax_mean,1997,11,Amazonia,29.22703513565147,1997-11-01,28.95903877427365,0.26799636137781846,-0.09973853124094785
tmax_mean,1997,12,Amazonia,29.5563877721528,1997-12-01,28.972249361142097,0.5841384110107022,-0.008352164870841191
tmax_mean,1998,1,Amazonia,30.089220689081422,1998-01-01,29.602677572630366,0.4865431164510561,0.0021063178967173357
tmax_mean,1998,2,Amazonia,30.286864629828973,1998-02-01,29.682604781023183,0.6042598488057891,0.21707288149225543
tmax_mean,1998,3,Amazonia,29.97038198999086,1998-03-01,29.235361397029138,0.7350205929617211,0.24003321463584668
tmax_mean,1998,4,Amazonia,28.962131108544696,1998-04-01,28.620637297298824,0.3414938112458721,0.29736387823346205
tmax_mean,1998,5,Amazonia,27.89752500504992,1998-05-01,27.959824008297936,-0.06229900324801463,0.37429552016680007
tmax_mean,1998,6,Amazonia,26.865483611685,1998-06-01,27.25495311223691,-0.3894695005519111,0.2753095662843264
tmax_mean,1998,7,Amazonia,27.392830658663048,1998-07-01,27.161807131231647,0.2310235274314003,0.2826426781403037
tmax_mean,1998,8,Amazonia,28.63396907347821,1998-08-01,28.154010203096036,0.47995887038217333,0.3685681798424539
tmax_mean,1998,9,Amazonia,28.97387400335959,1998-09-01,28.986233613194692,-0.012359609835101537,0.3411166658243993
tmax_mean,1998,10,Amazonia,29.10572181261883,1998-10-01,29.209709816093255,-0.10398800347442361,0.26352653521309016
tmax_mean,1998,11,Amazonia,28.79070151266437,1998-11-01,28.95903877427365,-0.16833726160928109,0.22716539996416518
tmax_mean,1998,12,Amazonia,28.849217690144187,1998-12-01,28.972249361142097,-0.12303167099791068,0.16823455979678079
tmax_mean,1999,1,Amazonia,28.254037934483325,1999-01-01,29.602677572630366,-1.3486396381470414,0.015302663580272657
tmax_mean,1999,2,Amazonia,28.049541198579846,1999-02-01,29.682604781023183,-1.633063582443338,-0.17114095569048793
tmax_mean,1999,3,Amazonia,29.21435727687898,1999-03-01,29.235361397029138,-0.02100412015015607,-0.2341430151164777
tmax_mean,1999,4,Amazonia,27.097962369109663,1999-04-01,28.620637297298824,-1.5226749281891614,-0.38949041006939716
tmax_mean,1999,5,Amazonia,27.305996683970655,1999-05-01,27.959824008297936,-0.6538273243272812,-0.4387844368260027
tmax_mean,1999,6,Amazonia,27.159923488369785,1999-06-01,27.25495311223691,-0.0950296238671271,-0.414247780435604
tmax_mean,1999,7,Amazonia,26.776460783623786,1999-07-01,27.161807131231647,-0.3853463476078609,-0.4656119366888758
tmax_mean,1999,8,Amazonia,27.378519512689927,1999-08-01,28.154010203096036,-0.7754906904061087,-0.5702327334212326
tmax_mean,1999,9,Amazonia,28.60871969659087,1999-09-01,28.986233613194692,-0.37751391660382083,-0.6006622589852926
tmax_mean,1999,10,Amazonia,28.762503313508326,1999-10-01,29.209709816093255,-0.44720650258492967,-0.6292638005778347
tmax_mean,1999,11,Amazonia,28.997922184821583,1999-11-01,28.95903877427365,0.038883410547931874,-0.6119954112314003
tmax_mean,1999,12,Amazonia,29.03181848427461,1999-12-01,28.972249361142097,0.05956912313251195,-0.5967786783871984
tmax_mean,2000,1,Amazonia,30.050291384769846,2000-01-01,29.602677572630366,0.4476138121394797,-0.4470908908633217
tmax_mean,2000,2,Amazonia,29.68951744773662,2000-02-01,29.682604781023183,0.006912666713436266,-0.3104262034335905
tmax_mean,2000,3,Amazonia,28.89852964712852,2000-03-01,29.235361397029138,-0.33683174990061815,-0.33674517257946235
tmax_mean,2000,4,Amazonia,27.59967483057805,2000-04-01,28.620637297298824,-1.0209624667207748,-0.29493580079043014
tmax_mean,2000,5,Amazonia,26.984177853782228,2000-05-01,27.959824008297936,-0.975646154515708,-0.3217540366394657
tmax_mean,2000,6,Amazonia,26.770975832121096,2000-06-01,27.25495311223691,-0.4839772801158162,-0.3541663413268565
tmax_mean,2000,7,Amazonia,26.298119458239682,2000-07-01,27.161807131231647,-0.8636876729919649,-0.3940281184421985
tmax_mean,2000,8,Amazonia,27.53536854956376,2000-08-01,28.154010203096036,-0.6186416535322756,-0.380957365369379
tmax_mean,2000,9,Amazonia,28.13529127471592,2000-09-01,28.986233613194692,-0.8509423384787702,-0.42040973385895813
tmax_mean,2000,10,Amazonia,28.17356260920943,2000-10-01,29.209709816093255,-1.0361472068838253,-0.4694881258838661
tmax_mean,2000,11,Amazonia,28.86570569229778,2000-11-01,28.95903877427365,-0.09333308197587087,-0.48050616692751635
tmax_mean,2000,12,Amazonia,28.473497722742188,2000-12-01,28.972249361142097,-0.4987516383999093,-0.5270328970552182
tmax_mean,2001,1,Amazonia,28.428812721691703,2001-01-01,29.602677572630366,-1.1738648509386636,-0.6621561189783968
tmax_mean,2001,2,Amazonia,29.06613576127735,2001-02-01,29.682604781023183,-0.616469019745832,-0.7141045928500024
tmax_mean,2001,3,Amazonia,29.012763927353326,2001-03-01,29.235361397029138,-0.2225974696758115,-0.7045850694979352
tmax_mean,2001,4,Amazonia,28.68622006758895,2001-04-01,28.620637297298824,0.06558277029012416,-0.6140396330803602
tmax_mean,2001,5,Amazonia,27.924695403745837,2001-05-01,27.959824008297936,-0.03512860455209932,-0.5356631705833929
tmax_mean,2001,6,Amazonia,26.129497835825774,2001-06-01,27.25495311223691,-1.125455276411138,-0.5891196702746697
tmax_mean,2001,7,Amazonia,26.889200227317552,2001-07-01,27.161807131231647,-0.27260690391409526,-0.5398629395181805
tmax_mean,2001,8,Amazonia,27.688290094407733,2001-08-01,28.154010203096036,-0.46572010868830205,-0.5271194774478495
tmax_mean,2001,9,Amazonia,28.309561145822535,2001-09-01,28.986233613194692,-0.6766724673721569,-0.512596988188965
tmax_mean,2001,10,Amazonia,29.138232545458944,2001-10-01,29.209709816093255,-0.0714772706343112,-0.4322078268348388
tmax_mean,2001,11,Amazonia,29.08933449060717,2001-11-01,28.95903877427365,0.13029571633351722,-0.41357209364238984
tmax_mean,2001,12,Amazonia,28.35055996638162,2001-12-01,28.972249361142097,-0.6216893947604767,-0.4238169066724371
tmax_mean,2002,1,Amazonia,29.847625439657367,2002-01-01,29.602677572630366,0.2449478670270011,-0.3055825135086317
tmax_mean,2002,2,Amazonia,29.65054724406321,2002-02-01,29.682604781023183,-0.03205753695997515,-0.2568815566098103
tmax_mean,2002,3,Amazonia,29.051626160588093,2002-03-01,29.235361397029138,-0.18373523644104495,-0.2536430371735798
tmax_mean,2002,4,Amazonia,28.334862738175957,2002-04-01,28.620637297298824,-0.2857745591228671,-0.28292281462466234
tmax_mean,2002,5,Amazonia,27.845392755591877,2002-05-01,27.959824008297936,-0.11443125270605847,-0.2895313686374923
tmax_mean,2002,6,Amazonia,26.720181916314623,2002-06-01,27.25495311223691,-0.5347711959222892,-0.24030769526342155
tmax_mean,2002,7,Amazonia,26.833639743329073,2002-07-01,27.161807131231647,-0.3281673879025746,-0.24493773559579482
tmax_mean,2002,8,Amazonia,27.8526853743189,2002-08-01,28.154010203096036,-0.30132482877713684,-0.23123812893653106
tmax_mean,2002,9,Amazonia,28.84829877196511,2002-09-01,28.986233613194692,-0.13793484122958333,-0.18634332675798326
tmax_mean,2002,10,Amazonia,28.960185125603786,2002-10-01,29.209709816093255,-0.24952469048946924,-0.2011806117459131
tmax_mean,2002,11,Amazonia,28.383504077969565,2002-11-01,28.95903877427365,-0.5755346963040857,-0.25999981279904666
tmax_mean,2002,12,Amazonia,28.80542055947579,2002-12-01,28.972249361142097,-0.16682880166630554,-0.2220947633745324
tmax_mean,2003,1,Amazonia,30.567880965243713,2003-01-01,29.602677572630366,0.965203392613347,-0.16207346957567026
tmax_mean,2003,2,Amazonia,29.776737562719784,2003-02-01,29.682604781023183,0.09413278169660089,-0.15155760968762225
tmax_mean,2003,3,Amazonia,29.114238239698167,2003-03-01,29.235361397029138,-0.12112315733097034,-0.14633993642844936
tmax_mean,2003,4,Amazonia,28.32295183616209,2003-04-01,28.620637297298824,-0.29768546113673366,-0.1473325115962716
tmax_mean,2003,5,Amazonia,27.3517002697108,2003-05-01,27.959824008297936,-0.6081237385871354,-0.18847355208636132
tmax_mean,2003,6,Amazonia,27.36584287568479,2003-06-01,27.25495311223691,0.11088976344787937,-0.13466847213884728
tmax_mean,2003,7,Amazonia,26.661825204732562,2003-07-01,27.161807131231647,-0.49998192649908546,-0.1489863503552232
tmax_mean,2003,8,Amazonia,27.438753192469846,2003-08-01,28.154010203096036,-0.7152570106261891,-0.1834806988426442
tmax_mean,2003,9,Amazonia,28.21289822952121,2003-09-01,28.986233613194692,-0.7733353836734835,-0.23643074404630257
tmax_mean,2003,10,Amazonia,28.898491610365806,2003-10-01,29.209709816093255,-0.3112182057274495,-0.24157187031613425
tmax_mean,2003,11,Amazonia,28.853922725521887,2003-11-01,28.95903877427365,-0.10511604875176417,-0.2023703163534408
tmax_mean,2003,12,Amazonia,28.69091676375395,2003-12-01,28.972249361142097,-0.28133259738814687,-0.2119122993302609
tmax_mean,2004,1,Amazonia,30.558623516703186,2004-01-01,29.602677572630366,0.9559459440728197,-0.21268375337530485
tmax_mean,2004,2,Amazonia,30.890921034369107,2004-02-01,29.682604781023183,1.2083162533459237,-0.11983513073786127
tmax_mean,2004,3,Amazonia,29.105339080176908,2004-03-01,29.235361397029138,-0.1300223168522301,-0.12057672736463292
tmax_mean,2004,4,Amazonia,29.30838792796705,2004-04-01,28.620637297298824,0.6877506306682264,-0.038457053047552904
tmax_mean,2004,5,Amazonia,27.414666353186806,2004-05-01,27.959824008297936,-0.5451576551111295,-0.03320987942455241
tmax_mean,2004,6,Amazonia,26.788110618415008,2004-06-01,27.25495311223691,-0.466842493821904,-0.08135423419703436
tmax_mean,2004,7,Amazonia,27.02978955156913,2004-07-01,27.161807131231647,-0.13201757966251648,-0.05069053862732028
tmax_mean,2004,8,Amazonia,27.495565848422597,2004-08-01,28.154010203096036,-0.6584443546734384,-0.04595615063125772
tmax_mean,2004,9,Amazonia,28.547466633727538,2004-09-01,28.986233613194692,-0.4387669794671538,-0.018075450280730248
tmax_mean,2004,10,Amazonia,29.216598214036207,2004-10-01,29.209709816093255,0.006888397942951485,0.008433433358469836
tmax_mean,2004,11,Amazonia,28.72435705856711,2004-11-01,28.95903877427365,-0.2346817157065395,-0.0023637055544281083
tmax_mean,2004,12,Amazonia,29.183756032639216,2004-12-01,28.972249361142097,0.21150667149711921,0.03870623351934407
tmax_mean,2005,1,Amazonia,29.763438760901078,2005-01-01,29.602677572630366,0.16076118827071184,-0.02755916279749826
tmax_mean,2005,2,Amazonia,29.22947702259347,2005-02-01,29.682604781023183,-0.4531277584297122,-0.1660128304454679
tmax_mean,2005,3,Amazonia,29.843115541347494,2005-03-01,29.235361397029138,0.6077541443183563,-0.1045314586812524
tmax_mean,2005,4,Amazonia,28.655765945292437,2005-04-01,28.620637297298824,0.035128647993612816,-0.15891662390413686
tmax_mean,2005,5,Amazonia,28.68136846564,2005-05-01,27.959824008297936,0.7215444573420626,-0.053358114533037515
tmax_mean,2005,6,Amazonia,27.76215295470912,2005-06-01,27.25495311223691,0.5071998424722075,0.027812080158138446
tmax_mean,2005,7,Amazonia,27.60108483710214,2005-07-01,27.161807131231647,0.43927770587049153,0.07542002061922244
tmax_mean,2005,8,Amazonia,28.720518465026377,2005-08-01,28.154010203096036,0.5665082619303412,0.1774994053362041
tmax_mean,2005,9,Amazonia,29.10572403338926,2005-09-01,28.986233613194692,0.11949042019456968,0.22402085530801438
tmax_mean,2005,10,Amazonia,29.40942559201459,2005-10-01,29.209709816093255,0.19971577592133372,0.24008980347287956
tmax_mean,2005,11,Amazonia,29.23527740994925,2005-11-01,28.95903877427365,0.27623863567560036,0.2826664994213912
tmax_mean,2005,12,Amazonia,29.036039243531608,2005-12-01,28.972249361142097,0.06378988238951067,0.27035676699575717
tmax_mean,2006,1,Amazonia,28.479817936465874,2006-01-01,29.602677572630366,-1.1228596361644918,0.1633883649594902
tmax_mean,2006,2,Amazonia,29.651417778891844,2006-02-01,29.682604781023183,-0.031187002131339625,0.19855009465102125
tmax_mean,2006,3,Amazonia,29.078397811387806,2006-03-01,29.235361397029138,-0.15696358564133206,0.13482361715438054
tmax_mean,2006,4,Amazonia,28.82603555185556,2006-04-01,28.620637297298824,0.20539825455673721,0.14901275103464093
tmax_mean,2006,5,Amazonia,27.209364273004407,2006-05-01,27.959824008297936,-0.7504597352935285,0.02634573498167499
tmax_mean,2006,6,Amazonia,27.57064225931214,2006-06-01,27.25495311223691,0.3156891470752292,0.010386510365260134
tmax_mean,2006,7,Amazonia,27.39245101467701,2006-07-01,27.161807131231647,0.23064388344536368,-0.00699964150350052
tmax_mean,2006,8,Amazonia,28.740514848528857,2006-08-01,28.154010203096036,0.5865046454328215,-0.005333276211627158
tmax_mean,2006,9,Amazonia,29.151844245255763,2006-09-01,28.986233613194692,0.16561063206107107,-0.001489925222752042
tmax_mean,2006,10,Amazonia,29.69986560475989,2006-10-01,29.209709816093255,0.4901557886666339,0.02271340917268964
tmax_mean,2006,11,Amazonia,28.92807210932517,2006-11-01,28.95903877427365,-0.03096666494847966,-0.0028870325459836956
tmax_mean,2006,12,Amazonia,28.677044152408975,2006-12-01,28.972249361142097,-0.2952052087331225,-0.03280329013953646
tmax_mean,2007,1,Amazonia,29.616061440436077,2007-01-01,29.602677572630366,0.013383867805710992,0.061883668524647106
tmax_mean,2007,2,Amazonia,32.869824326620574,2007-02-01,29.682604781023183,3.18721954559739,0.3300842141687079
tmax_mean,2007,3,Amazonia,29.290787317509807,2007-03-01,29.235361397029138,0.05542592048066908,0.3477833396788747
tmax_mean,2007,4,Amazonia,28.717696051803323,2007-04-01,28.620637297298824,0.09705875450449852,0.3387550480078548
tmax_mean,2007,5,Amazonia,27.857785940653116,2007-05-01,27.959824008297936,-0.10203806764481982,0.39279018697858054
tmax_mean,2007,6,Amazonia,26.64640495069773,2007-06-01,27.25495311223691,-0.6085481615391828,0.31577041126071287
tmax_mean,2007,7,Amazonia,27.79543660518866,2007-07-01,27.161807131231647,0.6336294739570114,0.3493525438033502
tmax_mean,2007,8,Amazonia,28.28701867406628,2007-08-01,28.154010203096036,0.13300847097024615,0.31156119593146886
tmax_mean,2007,9,Amazonia,28.84629643919874,2007-09-01,28.986233613194692,-0.1399371739959534,0.2860988787600502
tmax_mean,2007,10,Amazonia,29.07161298116918,2007-10-01,29.209709816093255,-0.13809683492407387,0.23374449346082452
tmax_mean,2007,11,Amazonia,28.821484954224022,2007-11-01,28.95903877427365,-0.13755382004962868,0.22486223053572876
tmax_mean,2007,12,Amazonia,29.078266582843344,2007-12-01,28.972249361142097,0.10601722170124717,0.25829743307192626
tmax_mean,2008,1,Amazonia,29.212127520380612,2008-01-01,29.602677572630366,-0.39055005224975403,0.22463627306730416
tmax_mean,2008,2,Amazonia,29.157672711785395,2008-02-01,29.682604781023183,-0.5249320692377886,-0.0847096948356274
tmax_mean,2008,3,Amazonia,29.301424851865214,2008-03-01,29.235361397029138,0.06606345483607612,-0.08382323363934348
tmax_mean,2008,4,Amazonia,29.11031682529628,2008-04-01,28.620637297298824,0.4896795279974562,-0.051104835848263676
tmax_mean,2008,5,Amazonia,27.409439712233148,2008-05-01,27.959824008297936,-0.550384296064788,-0.0884670215499277
tmax_mean,2008,6,Amazonia,27.05759163509477,2008-06-01,27.25495311223691,-0.1973614771421417,-0.054201464516840936
tmax_mean,2008,7,Amazonia,27.378101384376794,2008-07-01,27.161807131231647,0.21629425314514705,-0.0889793995844963
tmax_mean,2008,8,Amazonia,28.816385841740164,2008-08-01,28.154010203096036,0.6623756386441286,-0.04486546894500609
tmax_mean,2008,9,Amazonia,28.978078808806682,2008-09-01,28.986233613194692,-0.008154804388009751,-0.03388360481101079
tmax_mean,2008,10,Amazonia,29.28748585904909,2008-10-01,29.209709816093255,0.07777604295583629,-0.015894198321018276
tmax_mean,2008,11,Amazonia,28.89761127705473,2008-11-01,28.95903877427365,-0.061427497218922156,-0.009550338085126064
tmax_mean,2008,12,Amazonia,29.28840030729009,2008-12-01,28.972249361142097,0.31615094614799233,0.007960805618769365
tmax_mean,2009,1,Amazonia,28.336005756723917,2009-01-01,29.602677572630366,-1.2666718159064487,-0.06504934135262186
tmax_mean,2009,2,Amazonia,28.868106845485855,2009-02-01,29.682604781023183,-0.8144979355373287,-0.08917983021091687
tmax_mean,2009,3,Amazonia,28.86500220557408,2009-03-01,29.235361397029138,-0.3703591914550586,-0.12554838406851143
tmax_mean,2009,4,Amazonia,28.556136516022637,2009-04-01,28.620637297298824,-0.06450078127618752,-0.17173007650798175
tmax_mean,2009,5,Amazonia,28.696643883661356,2009-05-01,27.959824008297936,0.7368198753634196,-0.06446306222229777
tmax_mean,2009,6,Amazonia,27.167493032518774,2009-06-01,27.25495311223691,-0.08746007971813796,-0.05530461243696413
tmax_mean,2009,7,Amazonia,27.586297075208385,2009-07-01,27.161807131231647,0.424489943976738,-0.03795497153433155
tmax_mean,2009,8,Amazonia,28.458693019318478,2009-08-01,28.154010203096036,0.3046828162224422,-0.06776270673613875
tmax_mean,2009,9,Amazonia,29.438188485613157,2009-09-01,28.986233613194692,0.4519548724184652,-0.0294202336689325
tmax_mean,2009,10,Amazonia,29.602140169792143,2009-10-01,29.209709816093255,0.392430353698888,-0.0031990411070115243
tmax_mean,2009,11,Amazonia,29.875461226592098,2009-11-01,28.95903877427365,0.9164224523184465,0.0782884546877692
tmax_mean,2009,12,Amazonia,29.629363841020968,2009-12-01,28.972249361142097,0.6571144798788708,0.10670208249867574
tmax_mean,2010,1,Amazonia,30.702864607728838,2010-01-01,29.602677572630366,1.1001870350984717,0.3039403200824191
tmax_mean,2010,2,Amazonia,30.505563253356538,2010-02-01,29.682604781023183,0.8229584723333545,0.4403950207383094
tmax_mean,2010,3,Amazonia,30.412801454800363,2010-03-01,29.235361397029138,1.177440057771225,0.5693782915071663
tmax_mean,2010,4,Amazonia,29.119908488141373,2010-04-01,28.620637297298824,0.4992711908425491,0.6163592891837277
tmax_mean,2010,5,Amazonia,28.53689704651802,2010-05-01,27.959824008297936,0.5770730382200853,0.6030470527551165
tmax_mean,2010,6,Amazonia,27.851386602149816,2010-06-01,27.25495311223691,0.5964334899129042,0.6600381835577034
tmax_mean,2010,7,Amazonia,27.70014694886323,2010-07-01,27.161807131231647,0.5383398176315843,0.6695256730289406
tmax_mean,2010,8,Amazonia,28.55542060845286,2010-08-01,28.154010203096036,0.40141040535682393,0.6775863054568058
tmax_mean,2010,9,Amazonia,29.768704572433833,2010-09-01,28.986233613194692,0.7824709592391415,0.7051293126918621
tmax_mean,2010,10,Amazonia,29.87008743959832,2010-10-01,29.209709816093255,0.6603776235050631,0.7274582518423767
tmax_mean,2010,11,Amazonia,28.869395451632627,2010-11-01,28.95903877427365,-0.08964332264102381,0.6436194372624208
tmax_mean,2010,12,Amazonia,29.0320651380776,2010-12-01,28.972249361142097,0.05981577693550122,0.5938445453504734
tmax_mean,2011,1,Amazonia,29.4334925381581,2011-01-01,29.602677572630366,-0.1691850344722674,0.48806353955291176
tmax_mean,2011,2,Amazonia,29.414531209325897,2011-02-01,29.682604781023183,-0.2680735716972862,0.39714420255035837
tmax_mean,2011,3,Amazonia,29.022349408182297,2011-03-01,29.235361397029138,-0.2130119888468407,0.28127319866551953
tmax_mean,2011,4,Amazonia,28.30944899691972,2011-04-01,28.620637297298824,-0.3111883003791043,0.21373490773038176
tmax_mean,2011,5,Amazonia,27.298011234189527,2011-05-01,27.959824008297936,-0.6618127741084088,0.11049442336967392
tmax_mean,2011,6,Amazonia,27.507009963020156,2011-06-01,27.25495311223691,0.25205685078324436,0.08179637010886893
tmax_mean,2011,7,Amazonia,27.653620717563165,2011-07-01,27.161807131231647,0.49181358633151717,0.07791918416719668
tmax_mean,2011,8,Amazonia,28.762205155487113,2011-08-01,28.154010203096036,0.6081949523910772,0.09515122975338446
tmax_mean,2011,9,Amazonia,29.074594285338993,2011-09-01,28.986233613194692,0.08836067214430088,0.037308705828814404
tmax_mean,2011,10,Amazonia,29.341217471360054,2011-10-01,29.209709816093255,0.1315076552667982,-0.006763791524374341
tmax_mean,2011,11,Amazonia,28.96841896784152,2011-11-01,28.95903877427365,0.009380193567867678,0.0014881681596999503
tmax_mean,2011,12,Amazonia,28.301371935050717,2011-12-01,28.972249361142097,-0.6708774260913799,-0.05940293209254014
tmax_mean,2012,1,Amazonia,28.827359494836525,2012-01-01,29.602677572630366,-0.7753180777938411,-0.10991401903600462
tmax_mean,2012,2,Amazonia,28.633227167038168,2012-02-01,29.682604781023183,-1.0493776139850155,-0.17502268922664874
tmax_mean,2012,3,Amazonia,27.81161312615508,2012-03-01,29.235361397029138,-1.4237482708740572,-0.2759173793955834
tmax_mean,2012,4,Amazonia,28.580444672221557,2012-04-01,28.620637297298824,-0.04019262507726751,-0.2533344064537637
tmax_mean,2012,5,Amazonia,27.793145506273035,2012-05-01,27.959824008297936,-0.16667850202490087,-0.21207321711347138
tmax_mean,2012,6,Amazonia,27.59431499071874,2012-06-01,27.25495311223691,0.33936187848182797,-0.20479779813858942
tmax_mean,2012,7,Amazonia,26.941979957322914,2012-07-01,27.161807131231647,-0.2198271739087332,-0.26410119482527694
tmax_mean,2012,8,Amazonia,28.166356771692755,2012-08-01,28.154010203096036,0.01234656859671901,-0.3137552268081401
tmax_mean,2012,9,Amazonia,29.09796878055721,2012-09-01,28.986233613194692,0.11173516736251798,-0.31180735220662203
tmax_mean,2012,10,Amazonia,29.34528437586738,2012-10-01,29.209709816093255,0.13557455977412403,-0.3114684434976782
tmax_mean,2012,11,Amazonia,29.681366075486608,2012-11-01,28.95903877427365,0.7223273012129567,-0.25205618452725415
tmax_mean,2012,12,Amazonia,29.314224919416638,2012-12-01,28.972249361142097,0.34197555827454096,-0.1676517691634274
tmax_mean,2013,1,Amazonia,29.850506047431956,2013-01-01,29.602677572630366,0.2478284748015902,-0.08238955644714145
tmax_mean,2013,2,Amazonia,28.895039837439967,2013-02-01,29.682604781023183,-0.7875649435832166,-0.0605718339136582
tmax_mean,2013,3,Amazonia,29.1684803455165,2013-03-01,29.235361397029138,-0.06688105151263812,0.05250043436646005
tmax_mean,2013,4,Amazonia,29.134929123681793,2013-04-01,28.620637297298824,0.5142918263829692,0.09870747198814644
tmax_mean,2013,5,Amazonia,28.238777783218744,2013-05-01,27.959824008297936,0.278953774920808,0.1358434950669555
tmax_mean,2013,6,Amazonia,28.06258217197969,2013-06-01,27.25495311223691,0.80762905974278,0.17486576017203484
tmax_mean,2013,7,Amazonia,26.928443238554692,2013-07-01,27.161807131231647,-0.23336389267695523,0.17373770027468302
tmax_mean,2013,8,Amazonia,27.330632313721665,2013-08-01,28.154010203096036,-0.8233778893743704,0.1040939954437589
tmax_mean,2013,9,Amazonia,28.866250435476264,2013-09-01,28.986233613194692,-0.11998317771842792,0.08478413335368007
tmax_mean,2013,10,Amazonia,29.46092446119047,2013-10-01,29.209709816093255,0.2512146450972139,0.09442080713060423
tmax_mean,2013,11,Amazonia,28.90236063488835,2013-11-01,28.95903877427365,-0.05667813938530131,0.02950368708074939
tmax_mean,2013,12,Amazonia,29.06625023056028,2013-12-01,28.972249361142097,0.09400086941818131,0.008839129676052751
tmax_mean,2014,1,Amazonia,29.343615529456518,2014-01-01,29.602677572630366,-0.2590620431738486,-0.03340174682190048
tmax_mean,2014,2,Amazonia,29.574983321494596,2014-02-01,29.682604781023183,-0.10762145952858759,0.023260210182651935
tmax_mean,2014,3,Amazonia,29.188970131134774,2014-03-01,29.235361397029138,-0.04639126589436415,0.0249676923175081
tmax_mean,2014,4,Amazonia,28.516959349853305,2014-04-01,28.620637297298824,-0.10367794744551873,-0.026529788834865897
tmax_mean,2014,5,Amazonia,28.346197541410096,2014-05-01,27.959824008297936,0.3863735331121596,-0.017578142318919927
tmax_mean,2014,6,Amazonia,26.99021258832433,2014-06-01,27.25495311223691,-0.2647405239125824,-0.10694227429020013
tmax_mean,2014,7,Amazonia,26.866351525835807,2014-07-01,27.161807131231647,-0.2954556053958406,-0.11211658368344057
tmax_mean,2014,8,Amazonia,28.014632509137165,2014-08-01,28.154010203096036,-0.13937769395887045,-0.055116567398815576
tmax_mean,2014,9,Amazonia,29.361141408079543,2014-09-01,28.986233613194692,0.3749077948848516,-0.013875653015208952
tmax_mean,2014,10,Amazonia,28.940482821406313,2014-10-01,29.209709816093255,-0.26922699468694233,-0.05724578966388864
tmax_mean,2014,11,Amazonia,28.782523437284027,2014-11-01,28.95903877427365,-0.17651533698962396,-0.06723222279758219
tmax_mean,2014,12,Amazonia,29.08849114605594,2014-12-01,28.972249361142097,0.11624178491384285,-0.06537881317294374
tmax_mean,2015,1,Amazonia,28.09553505697013,2015-01-01,29.602677572630366,-1.5071425156602345,-0.1693855192134759
tmax_mean,2015,2,Amazonia,29.52806011802709,2015-02-01,29.682604781023183,-0.15454466299609493,-0.1732957861691015
tmax_mean,2015,3,Amazonia,28.836773139429777,2015-03-01,29.235361397029138,-0.3985882575993607,-0.20264553547785122
tmax_mean,2015,4,Amazonia,28.523088276729823,2015-04-01,28.620637297298824,-0.0975490205690015,-0.20213479157147476
tmax_mean,2015,5,Amazonia,28.29693436279495,2015-05-01,27.959824008297936,0.337110354497014,-0.20624005645607024
tmax_mean,2015,6,Amazonia,27.10211768267346,2015-06-01,27.25495311223691,-0.15283542956345286,-0.1969146319269761
tmax_mean,2015,7,Amazonia,27.614843825876005,2015-07-01,27.161807131231647,0.45303669464435714,-0.13454027359029297
tmax_mean,2015,8,Amazonia,28.67767763393913,2015-08-01,28.154010203096036,0.5236674308430942,-0.07928651319012925
tmax_mean,2015,9,Amazonia,30.51581594858295,2015-09-01,28.986233613194692,1.529582335388259,0.016936365185154695
tmax_mean,2015,10,Amazonia,30.05846856474036,2015-10-01,29.209709816093255,0.8487587486471035,0.11010184379632519
tmax_mean,2015,11,Amazonia,29.32506279657643,2015-11-01,28.95903877427365,0.36602402230277775,0.155313457070692
tmax_mean,2015,12,Amazonia,29.195680695130164,2015-12-01,28.972249361142097,0.22343133398806714,0.16424591949354403
tmax_mean,2016,1,Amazonia,32.39153543006093,2016-01-01,29.602677572630366,2.7888578574305605,0.5222459505844436
tmax_mean,2016,2,Amazonia,29.96750506428245,2016-02-01,29.682604781023183,0.2849002832592653,0.5588663627723903
tmax_mean,2016,3,Amazonia,29.918060117796365,2016-03-01,29.235361397029138,0.6826987207672275,0.6489736109696059
tmax_mean,2016,4,Amazonia,29.054582374945507,2016-04-01,28.620637297298824,0.43394507764668333,0.693264785820913
tmax_mean,2016,5,Amazonia,28.206502694781523,2016-05-01,27.959824008297936,0.24667868648358748,0.6857288134864609
tmax_mean,2016,6,Amazonia,27.288433643780674,2016-06-01,27.25495311223691,0.03348053154376274,0.7012551435787288
tmax_mean,2016,7,Amazonia,27.27802204469535,2016-07-01,27.161807131231647,0.11621491346370405,0.6731866618136744
tmax_mean,2016,8,Amazonia,28.77735175814833,2016-08-01,28.154010203096036,0.6233415550522956,0.6814928388311078
tmax_mean,2016,9,Amazonia,29.076606638403504,2016-09-01,28.986233613194692,0.09037302520881241,0.5615587296494873
tmax_mean,2016,10,Amazonia,29.562258377221365,2016-10-01,29.209709816093255,0.35254856112810984,0.5202078806895711
tmax_mean,2016,11,Amazonia,29.48204255403427,2016-11-01,28.95903877427365,0.523003779760618,0.5332895271443912
tmax_mean,2016,12,Amazonia,28.514834313778366,2016-12-01,28.972249361142097,-0.45741504736373173,0.4765523286984079
tmax_mean,2017,1,Amazonia,28.64108580146497,2017-01-01,29.602677572630366,-0.961591771165395,0.16401485964874496
tmax_mean,2017,2,Amazonia,29.886064400337734,2017-02-01,29.682604781023183,0.20345961931455037,0.15722813765335206
tmax_mean,2017,3,Amazonia,29.02574351526109,2017-03-01,29.235361397029138,-0.20961788176804674,0.08286842077541252
tmax_mean,2017,4,Amazonia,29.310546372181165,2017-04-01,28.620637297298824,0.6899090748823404,0.10419875387838395
tmax_mean,2017,5,Amazonia,29.113270566982052,2017-05-01,27.959824008297936,1.1534465586841165,0.17976274322842803
tmax_mean,2017,6,Amazonia,28.07478113527498,2017-06-01,27.25495311223691,0.8198280230380668,0.24529170085295338
tmax_mean,2017,7,Amazonia,27.396693320267854,2017-07-01,27.161807131231647,0.23488618903620662,0.25518097381732857
tmax_mean,2017,8,Amazonia,29.761377168438816,2017-08-01,28.154010203096036,1.6073669653427807,0.3371830913415357
tmax_mean,2017,9,Amazonia,29.793641860324257,2017-09-01,28.986233613194692,0.8074082471295654,0.3969360265015984
tmax_mean,2017,10,Amazonia,29.3852429339554,2017-10-01,29.209709816093255,0.17553311786214465,0.382184739562768
tmax_mean,2017,11,Amazonia,29.27123748600537,2017-11-01,28.95903877427365,0.31219871173171754,0.3646176505603596
tmax_mean,2017,12,Amazonia,29.851337619748058,2017-12-01,28.972249361142097,0.879088258605961,0.475992926057834
tmax_mean,2018,1,Amazonia,28.76449529787175,2018-01-01,29.602677572630366,-0.8381822747586156,0.48627705075839894
tmax_mean,2018,2,Amazonia,30.8568555186522,2018-02-01,29.682604781023183,1.1742507376290163,0.5671763106179378
tmax_mean,2018,3,Amazonia,29.806065958875916,2018-03-01,29.235361397029138,0.5707045618467781,0.6322031809191732
tmax_mean,2018,4,Amazonia,28.32524522153965,2018-04-01,28.620637297298824,-0.2953920757591746,0.550094751699047
tmax_mean,2018,5,Amazonia,27.76374171105844,2018-05-01,27.959824008297936,-0.19608229723949577,0.4376340137054126
tmax_mean,2018,6,Amazonia,26.845493456089994,2018-06-01,27.25495311223691,-0.40945965614691815,0.3351933737733305
tmax_mean,2018,7,Amazonia,27.49841759063906,2018-07-01,27.161807131231647,0.33661045940741374,0.34367039630426444
tmax_mean,2018,8,Amazonia,28.27032958116953,2018-08-01,28.154010203096036,0.11631937807349502,0.21941643069849062
tmax_mean,2018,9,Amazonia,29.663651559477902,2018-09-01,28.986233613194692,0.6774179462832102,0.20858390562796103
tmax_mean,2018,10,Amazonia,29.35188157801126,2018-10-01,29.209709816093255,0.14217176191800363,0.20580379263261595
tmax_mean,2018,11,Amazonia,29.00382146869758,2018-11-01,28.95903877427365,0.04478269442392957,0.18351912452363361
tmax_mean,2018,12,Amazonia,28.76085185316894,2018-12-01,28.972249361142097,-0.2113975079731567,0.09264531064204047
tmax_mean,2019,1,Amazonia,28.9503420795395,2019-01-01,29.602677572630366,-0.6523354930908667,0.10813254244768622
tmax_mean,2019,2,Amazonia,29.580200713342812,2019-02-01,29.682604781023183,-0.10240406768037147,0.0017446420052372365
tmax_mean,2019,3,Amazonia,29.28471225501308,2019-03-01,29.235361397029138,0.04935085798394212,-0.041701499983332425
tmax_mean,2019,4,Amazonia,29.55497350916778,2019-04-01,28.620637297298824,0.9343362118689562,0.060775857319011806
tmax_mean,2019,5,Amazonia,28.619844357394577,2019-05-01,27.959824008297936,0.6600203490966408,0.13211774451368985
tmax_mean,2019,6,Amazonia,27.427438284006616,2019-06-01,27.25495311223691,0.17248517176970424,0.18061314684007504
tmax_mean,2019,7,Amazonia,27.546767020990472,2019-07-01,27.161807131231647,0.3849598897588251,0.184642266036026
tmax_mean,2019,8,Amazonia,28.509594850978853,2019-08-01,28.154010203096036,0.35558464788281796,0.20458103852013623
tmax_mean,2019,9,Amazonia,30.295927571559105,2019-09-01,28.986233613194692,1.309693958364413,0.2572707061935698
tmax_mean,2019,10,Amazonia,29.15910961578861,2019-10-01,29.209709816093255,-0.05060020030464685,0.24120637600834893
tmax_mean,2019,11,Amazonia,29.283888085162413,2019-11-01,28.95903877427365,0.32484931088876223,0.2645452607137517
tmax_mean,2019,12,Amazonia,28.823553297848363,2019-12-01,28.972249361142097,-0.14869606329373397,0.26977038110370355
tmax_mean,2020,1,Amazonia,30.628655550066867,2020-01-01,29.602677572630366,1.0259779774365008,0.40962983698098415
tmax_mean,2020,2,Amazonia,30.969727008737188,2020-02-01,29.682604781023183,1.2871222277140042,0.5254236949305154
tmax_mean,2020,3,Amazonia,30.689886594701452,2020-03-01,29.235361397029138,1.4545251976723144,0.6425215565712131
tmax_mean,2020,4,Amazonia,29.60218595555342,2020-04-01,28.620637297298824,0.9815486582545958,0.6464559271033498
tmax_mean,2020,5,Amazonia,28.29526855366601,2020-05-01,27.959824008297936,0.3354445453680732,0.6194079434593025
tmax_mean,2020,6,Amazonia,28.562671650004486,2020-06-01,27.25495311223691,1.307718537767574,0.714010723959125
tmax_mean,2020,7,Amazonia,28.332635910788984,2020-07-01,27.161807131231647,1.1708287795573362,0.7794997981090009
tmax_mean,2020,8,Amazonia,28.72080155455587,2020-08-01,28.154010203096036,0.566791351459834,0.7971003567404189
tmax_mean,2020,9,Amazonia,29.86422075356461,2020-09-01,28.986233613194692,0.8779871403699175,0.761124788574211
tmax_mean,2020,10,Amazonia,30.219798016870488,2020-10-01,29.209709816093255,1.0100882007772327,0.8495154886643675
tmax_mean,2020,11,Amazonia,29.27069855437759,2020-11-01,28.95903877427365,0.3116597801039376,0.8484163610989656
tmax_mean,2020,12,Amazonia,28.892364147685907,2020-12-01,28.972249361142097,-0.07988521345619048,0.8541505985854275
tmax_mean,2021,1,Amazonia,28.977338071153696,2021-01-01,29.602677572630366,-0.6253395014766703,0.7165408086759966
tmax_mean,2021,2,Amazonia,30.19290602021578,2021-02-01,29.682604781023183,0.5103012391925965,0.6518057262992126
tmax_mean,2021,3,Amazonia,28.717725782324614,2021-03-01,29.235361397029138,-0.517635614704524,0.48745899193447606
tmax_mean,2021,4,Amazonia,28.63650974619539,2021-04-01,28.620637297298824,0.015872448896566027,0.4069859744879736
tmax_mean,2021,5,Amazonia,27.92518011990052,2021-05-01,27.959824008297936,-0.03464388839741517,0.3761452716741829
tmax_mean,2021,6,Amazonia,27.98016203698062,2021-06-01,27.25495311223691,0.7252089247437077,0.32760280392219404
tmax_mean,2021,7,Amazonia,27.238637235962376,2021-07-01,27.161807131231647,0.07683010473072827,0.23643624768664337
tmax_mean,2021,8,Amazonia,28.96120331547191,2021-08-01,28.154010203096036,0.8071931123758738,0.25646972776298
tmax_mean,2021,9,Amazonia,29.53126124952776,2021-09-01,28.986233613194692,0.5450276363330673,0.22872310242657581
tmax_mean,2021,10,Amazonia,29.748348584372877,2021-10-01,29.209709816093255,0.5386387682796219,0.1894356497184416
tmax_mean,2021,11,Amazonia,29.679885724067432,2021-11-01,28.95903877427365,0.7208469497937813,0.22353458052592856
tmax_mean,2021,12,Amazonia,29.875465297952363,2021-12-01,28.972249361142097,0.9032159368102661,0.3054596763814666
tmax_mean,2022,1,Amazonia,30.94755914683497,2022-01-01,29.602677572630366,1.344881574204603,0.46964476602157273
tmax_mean,2022,2,Amazonia,29.725512061804988,2022-02-01,29.682604781023183,0.0429072807818045,0.43069526948734005
tmax_mean,2022,3,Amazonia,28.739609270629426,2022-03-01,29.235361397029138,-0.49575212639971156,0.4325188935127411
tmax_mean,2022,4,Amazonia,28.819976173528335,2022-04-01,28.620637297298824,0.19933887622951119,0.4478077624571532
tmax_mean,2022,5,Amazonia,27.792225942574134,2022-05-01,27.959824008297936,-0.16759806572380143,0.43672824767995433
tmax_mean,2022,6,Amazonia,27.52444826743544,2022-06-01,27.25495311223691,0.26949515519852696,0.39875210021785595
tmax_mean,2022,7,Amazonia,28.010053508196837,2022-07-01,27.161807131231647,0.8482463769651893,0.4630367895707277
tmax_mean,2022,8,Amazonia,28.646170643885583,2022-08-01,28.154010203096036,0.49216044078954724,0.43678406693853383
tmax_mean,2022,9,Amazonia,30.162436432201467,2022-09-01,28.986233613194692,1.1762028190067753,0.4893819988280095
tmax_mean,2022,10,Amazonia,29.655351322230526,2022-10-01,29.209709816093255,0.44564150613727094,0.48163222698281355
tmax_mean,2022,11,Amazonia,29.07334499038581,2022-11-01,28.95903877427365,0.11430621611215841,0.4310871658426783
tmax_mean,2022,12,Amazonia,30.207380031203822,2022-12-01,28.972249361142097,1.235130670061725,0.45874672694696655
tmax_mean,2023,1,Amazonia,29.11323310121469,2023-01-01,29.602677572630366,-0.48944447141567693,0.3058862231452766
tmax_mean,2023,2,Amazonia,29.70110874036463,2023-02-01,29.682604781023183,0.018503959341447995,0.30385261302524685
tmax_mean,2023,3,Amazonia,29.64442377877168,2023-03-01,29.235361397029138,0.40906238174254383,0.3792538220371015
tmax_mean,2023,4,Amazonia,29.059011863289467,2023-04-01,28.620637297298824,0.4383745659906424,0.39917346285052907
tmax_mean,2023,5,Amazonia,29.221261539250825,2023-05-01,27.959824008297936,1.2614375309528896,0.5182597625735866
tmax_mean,2023,6,Amazonia,28.104379755840444,2023-06-01,27.25495311223691,0.8494266436035325,0.5665873866073371
tmax_mean,2023,7,Amazonia,28.46894293316472,2023-07-01,27.161807131231647,1.3071358019330717,0.6048281720213273
tmax_mean,2023,8,Amazonia,30.3196586389084,2023-08-01,28.154010203096036,2.165648435812365,0.7442855049398954
tmax_mean,2023,9,Amazonia,31.32686469377742,2023-09-01,28.986233613194692,2.340631080582728,0.8413211934045582
tmax_mean,2023,10,Amazonia,32.16877462211497,2023-10-01,29.209709816093255,2.9590648060217113,1.050773135061595
tmax_mean,2023,11,Amazonia,30.630096474504093,2023-11-01,28.95903877427365,1.6710577002304419,1.1805024254047851
tmax_mean,2023,12,Amazonia,29.7233261325379,2023-12-01,28.972249361142097,0.7510767713958018,1.1401646005159582
tmax_mean,2024,1,Amazonia,31.300646770593428,2024-01-01,29.602677572630366,1.6979691979630616,1.3224490729641865
tmax_mean,2024,2,Amazonia,31.08836766999237,2024-02-01,29.682604781023183,1.4057628889691856,1.4380539837664978
tmax_mean,2024,3,Amazonia,31.074152041220337,2024-03-01,29.235361397029138,1.8387906441911994,1.5571980056372192
tmax_mean,2024,4,Amazonia,30.550568584573163,2024-04-01,28.620637297298824,1.9299312872743393,1.6814943990775273
tmax_mean,2024,5,Amazonia,29.14602960519765,2024-05-01,27.959824008297936,1.1862055968997147,1.6752250712397627
tmax_mean,2024,6,Amazonia,28.946555296948468,2024-06-01,27.25495311223691,1.6916021847115559,1.745406366332098
tmax_mean,2024,7,Amazonia,28.2395900843472,2024-07-01,27.161807131231647,1.0777829531155518,1.726293628930638
tmax_mean,2024,8,Amazonia,30.154237502795677,2024-08-01,28.154010203096036,2.0002272996996417,1.7125085342545778
tmax_mean,2024,9,Amazonia,32.03546442819827,2024-09-01,28.986233613194692,3.0492308150035754,1.7715585121229818
tmax_mean,2024,10,Amazonia,31.59087492249714,2024-10-01,29.209709816093255,2.381165106403884,1.7234002038214962
tmax_mean,2024,11,Amazonia,30.363865108795526,2024-11-01,28.95903877427365,1.404826334521875,1.7012142566791155
tmax_mean,2024,12,Amazonia,29.65853584297655,2024-12-01,28.972249361142097,0.6862864818344541,1.6958150658823365
tmax_mean,2025,1,Amazonia,30.066977620779088,2025-01-01,29.602677572630366,0.46430004814872206,1.5930093033978083
tmax_mean,2025,2,Amazonia,29.161569246450355,2025-02-01,29.682604781023183,-0.5210355345728281,1.4324427681026404
tmax_mean,2025,3,Amazonia,29.625537453207407,2025-03-01,29.235361397029138,0.39017605617826945,1.3117248857682295
tmax_mean,2025,4,Amazonia,29.186490414871948,2025-04-01,28.620637297298824,0.5658531175731234,1.198051704959795
tmax_mean,2025,5,Amazonia,28.136094292596407,2025-05-01,27.959824008297936,0.17627028429847158,1.1138904289096914
tmax_mean,2025,6,Amazonia,27.606647497685486,2025-06-01,27.25495311223691,0.35169438544857456,1.0022314456377763
tmax_mean,2025,7,Amazonia,26.872683365332183,2025-07-01,27.161807131231647,-0.28912376589946476,0.8883225523865249
tmax_mean,2025,8,Amazonia,28.42611108657374,2025-08-01,28.154010203096036,0.2721008834777052,0.7443120177013635
tmax_mean,2025,9,Amazonia,29.419071525623306,2025-09-01,28.986233613194692,0.4328379124286137,0.5262792758201167
tmax_mean,2025,10,Amazonia,29.56132894399087,2025-10-01,29.209709816093255,0.35161912789761374,0.35715044427792747
tmax_mean,2025,11,Amazonia,29.111209464193983,2025-11-01,28.95903877427365,0.15217068992033234,0.2527624738944656
tmax_mean,2025,12,Amazonia,30.314517823427803,2025-12-01,28.972249361142097,1.3422684622857055,0.30742763893206987
tmax_mean,2026,1,Amazonia,29.072065631940124,2026-01-01,29.602677572630366,-0.5306119406902425,0.22451830652882285
tmax_mean,2026,2,Amazonia,30.024032697188836,2026-02-01,29.682604781023183,0.34142791616565304,0.2963902607570296
tmax_mean,2026,3,Amazonia,30.77787493496365,2026-03-01,29.235361397029138,1.5425135379345107,0.3924183842367164
tmax_mean,1991,1,Andina,23.428751525494807,1991-01-01,23.624339812707376,-0.19558828721256916,
tmax_mean,1991,2,Andina,24.070184404081846,1991-02-01,24.223562754304364,-0.15337835022251767,
tmax_mean,1991,3,Andina,23.615478266908152,1991-03-01,24.1532379563675,-0.5377596894593495,
tmax_mean,1991,4,Andina,23.02663496033987,1991-04-01,23.60808864832724,-0.58145368798737,
tmax_mean,1991,5,Andina,22.81849298553683,1991-05-01,23.34782291057833,-0.5293299250414982,
tmax_mean,1991,6,Andina,22.930775772800633,1991-06-01,23.404992985676017,-0.4742172128753843,
tmax_mean,1991,7,Andina,22.98171415477656,1991-07-01,23.584999876436363,-0.6032857216598018,
tmax_mean,1991,8,Andina,23.652844947154538,1991-08-01,24.10160021982959,-0.4487552726750508,
tmax_mean,1991,9,Andina,23.5644821997857,1991-09-01,24.027345535668434,-0.46286333588273365,
tmax_mean,1991,10,Andina,23.082683013867143,1991-10-01,23.322704459251824,-0.24002144538468073,
tmax_mean,1991,11,Andina,22.42309542528747,1991-11-01,22.775866487409598,-0.3527710621221267,
tmax_mean,1991,12,Andina,22.558370694165774,1991-12-01,23.078873776522823,-0.5205030823570489,-0.42499392274001097
tmax_mean,1992,1,Andina,23.44656658006287,1992-01-01,23.624339812707376,-0.17777323264450473,-0.4235093348593389
tmax_mean,1992,2,Andina,23.654000664804617,1992-02-01,24.223562754304364,-0.5695620894997475,-0.4581913131324414
tmax_mean,1992,3,Andina,24.738230031978173,1992-03-01,24.1532379563675,0.5849920756106712,-0.364628666043273
tmax_mean,1992,4,Andina,23.90345561081227,1992-04-01,23.60808864832724,0.2953669624850299,-0.29156027850390637
tmax_mean,1992,5,Andina,23.290155263983277,1992-05-01,23.34782291057833,-0.05766764659505341,-0.25225508863336926
tmax_mean,1992,6,Andina,23.59210562136942,1992-06-01,23.404992985676017,0.18711263569340275,-0.1971442679193037
tmax_mean,1992,7,Andina,22.922653794138203,1992-07-01,23.584999876436363,-0.6623460822981606,-0.20206596463916693
tmax_mean,1992,8,Andina,23.646638520803968,1992-08-01,24.10160021982959,-0.45496169902562045,-0.20258316683504773
tmax_mean,1992,9,Andina,23.35594077315391,1992-09-01,24.027345535668434,-0.6714047625145234,-0.21996161905436354
tmax_mean,1992,10,Andina,23.29182998245639,1992-10-01,23.322704459251824,-0.030874476795432315,-0.20253270500525952
tmax_mean,1992,11,Andina,22.520092913964483,1992-11-01,22.775866487409598,-0.255773573445115,-0.19444958094884188
tmax_mean,1992,12,Andina,22.462961344912255,1992-12-01,23.078873776522823,-0.6159124316105675,-0.20240036005330175
tmax_mean,1993,1,Andina,22.7028969390726,1993-01-01,23.624339812707376,-0.9214428736347777,-0.2643728301358245
tmax_mean,1993,2,Andina,23.346973801243507,1993-02-01,24.223562754304364,-0.8765889530608568,-0.2899584020992503
tmax_mean,1993,3,Andina,23.2789289054605,1993-03-01,24.1532379563675,-0.8743090509070015,-0.41156682930905636
tmax_mean,1993,4,Andina,23.085585799171714,1993-04-01,23.60808864832724,-0.5225028491555257,-0.4797226469457693
tmax_mean,1993,5,Andina,22.869285650381215,1993-05-01,23.34782291057833,-0.47853726019711473,-0.5147951147459411
tmax_mean,1993,6,Andina,23.472969525024418,1993-06-01,23.404992985676017,0.06797653934840042,-0.5247231227746912
tmax_mean,1993,7,Andina,23.529388948629453,1993-07-01,23.584999876436363,-0.055610927806910126,-0.4741618599004204
tmax_mean,1993,8,Andina,24.007715098629888,1993-08-01,24.10160021982959,-0.09388512119970116,-0.4440721450815938
tmax_mean,1993,9,Andina,23.246033374435235,1993-09-01,24.027345535668434,-0.781312161233199,-0.4532310949748168
tmax_mean,1993,10,Andina,23.417484477623493,1993-10-01,23.322704459251824,0.09478001837166872,-0.44275988704422503
tmax_mean,1993,11,Andina,22.24490940511024,1993-11-01,22.775866487409598,-0.5309570822993592,-0.46569184611541203
tmax_mean,1993,12,Andina,22.92626151169438,1993-12-01,23.078873776522823,-0.15261226482844137,-0.42708349888356817
tmax_mean,1994,1,Andina,22.83644549664693,1994-01-01,23.624339812707376,-0.787894316060445,-0.41595445241904044
tmax_mean,1994,2,Andina,22.968595653460923,1994-02-01,24.223562754304364,-1.2549671008434409,-0.4474859647342558
tmax_mean,1994,3,Andina,22.942047082662683,1994-03-01,24.1532379563675,-1.211190873704819,-0.47555944996740723
tmax_mean,1994,4,Andina,22.756635724223333,1994-04-01,23.60808864832724,-0.8514529241039064,-0.5029719562131056
tmax_mean,1994,5,Andina,22.893999924314997,1994-05-01,23.34782291057833,-0.45382298626333295,-0.5009124333852905
tmax_mean,1994,6,Andina,22.964597691652507,1994-06-01,23.404992985676017,-0.4403952940235101,-0.5432767528329497
tmax_mean,1994,7,Andina,23.292818588764565,1994-07-01,23.584999876436363,-0.29218128767179863,-0.562990949488357
tmax_mean,1994,8,Andina,23.67648996212261,1994-08-01,24.10160021982959,-0.4251102577069794,-0.590593044197297
tmax_mean,1994,9,Andina,23.88893248020608,1994-09-01,24.027345535668434,-0.1384130554623546,-0.5370181187163933
tmax_mean,1994,10,Andina,22.6014307732586,1994-10-01,23.322704459251824,-0.7212736859932249,-0.6050225940801344
tmax_mean,1994,11,Andina,22.38694395062463,1994-11-01,22.775866487409598,-0.3889225367849676,-0.593186381953935
tmax_mean,1994,12,Andina,23.07632836584612,1994-12-01,23.078873776522823,-0.002545410676702886,-0.5806808107746235
tmax_mean,1995,1,Andina,24.30588603088279,1995-01-01,23.624339812707376,0.6815462181754128,-0.45822743292163537
tmax_mean,1995,2,Andina,25.23039020190254,1995-02-01,24.223562754304364,1.0068274475981767,-0.2697445538848339
tmax_mean,1995,3,Andina,23.95499523431977,1995-03-01,24.1532379563675,-0.19824272204773052,-0.18533220791340987
tmax_mean,1995,4,Andina,23.704094775634193,1995-04-01,23.60808864832724,0.09600612730695346,-0.10637728696250488
tmax_mean,1995,5,Andina,23.280745221748834,1995-05-01,23.34782291057833,-0.06707768882949594,-0.07414851217635181
tmax_mean,1995,6,Andina,23.073995656690936,1995-06-01,23.404992985676017,-0.33099732898508094,-0.06503201508981604
tmax_mean,1995,7,Andina,23.127775282161178,1995-07-01,23.584999876436363,-0.4572245942751856,-0.07878562397343163
tmax_mean,1995,8,Andina,23.3104850767956,1995-08-01,24.10160021982959,-0.7911151430339878,-0.10928603108401565
tmax_mean,1995,9,Andina,23.670186193941248,1995-09-01,24.027345535668434,-0.35715934172718633,-0.12751488827275162
tmax_mean,1995,10,Andina,22.605149577645513,1995-10-01,23.322704459251824,-0.7175548816063113,-0.1272049879071755
tmax_mean,1995,11,Andina,22.521346390140508,1995-11-01,22.775866487409598,-0.25452009726909,-0.11600478461418569
tmax_mean,1995,12,Andina,22.42166547448862,1995-12-01,23.078873776522823,-0.6572083020342028,-0.170560025560644
tmax_mean,1996,1,Andina,22.69347676161146,1996-01-01,23.624339812707376,-0.9308630510959155,-0.30492746466658804
tmax_mean,1996,2,Andina,22.928882937809796,1996-02-01,24.223562754304364,-1.2946798164945683,-0.4967197366743168
tmax_mean,1996,3,Andina,23.11741419539335,1996-03-01,24.1532379563675,-1.03582376097415,-0.5665181565848517
tmax_mean,1996,4,Andina,23.256001705975834,1996-04-01,23.60808864832724,-0.3520869423514057,-0.6038592457230484
tmax_mean,1996,5,Andina,22.615499402611505,1996-05-01,23.34782291057833,-0.7323235079668251,-0.6592963973178257
tmax_mean,1996,6,Andina,22.76044488655795,1996-06-01,23.404992985676017,-0.6445480991180688,-0.6854256281622414
tmax_mean,1996,7,Andina,22.650403178480037,1996-07-01,23.584999876436363,-0.9345966979563265,-0.7252066368023365
tmax_mean,1996,8,Andina,23.491827522850098,1996-08-01,24.10160021982959,-0.6097726969794905,-0.7100947662977951
tmax_mean,1996,9,Andina,23.841829005197248,1996-09-01,24.027345535668434,-0.18551653047118677,-0.6957911986931284
tmax_mean,1996,10,Andina,22.9902705128905,1996-10-01,23.322704459251824,-0.3324339463613235,-0.6636977874227128
tmax_mean,1996,11,Andina,22.726953805702333,1996-11-01,22.775866487409598,-0.04891268170726448,-0.646563836125894
tmax_mean,1996,12,Andina,22.745933212112828,1996-12-01,23.078873776522823,-0.332940564409995,-0.61954152465721
tmax_mean,1997,1,Andina,22.41614456294275,1997-01-01,23.624339812707376,-1.208195249764625,-0.6426525412129358
tmax_mean,1997,2,Andina,23.308098657672772,1997-02-01,24.223562754304364,-0.9154640966315917,-0.6110512312243545
tmax_mean,1997,3,Andina,24.160635794625094,1997-03-01,24.1532379563675,0.007397838257592326,-0.5241160979550425
tmax_mean,1997,4,Andina,23.57664028055467,1997-04-01,23.60808864832724,-0.031448367772568986,-0.4973962167401395
tmax_mean,1997,5,Andina,23.73111666660256,1997-05-01,23.34782291057833,0.38329375602423,-0.4044281114075516
tmax_mean,1997,6,Andina,23.322520845131287,1997-06-01,23.404992985676017,-0.08247214054473062,-0.3575884481931067
tmax_mean,1997,7,Andina,24.471371460763116,1997-07-01,23.584999876436363,0.8863715843267528,-0.20584109133618345
tmax_mean,1997,8,Andina,25.274288210126528,1997-08-01,24.10160021982959,1.1726879902969394,-0.057302700729814283
tmax_mean,1997,9,Andina,24.16725103919591,1997-09-01,24.027345535668434,0.13990550352747633,-0.030184197896592362
tmax_mean,1997,10,Andina,24.11649484542422,1997-10-01,23.322704459251824,0.7937903861723967,0.06366782981455099
tmax_mean,1997,11,Andina,23.23523946742563,1997-11-01,22.775866487409598,0.4593729800160311,0.10602496829149229
tmax_mean,1997,12,Andina,24.89842826579694,1997-12-01,23.078873776522823,1.8195544892741182,0.2853995560985017
tmax_mean,1998,1,Andina,25.913764212291724,1998-01-01,23.624339812707376,2.289424399584348,0.5768678602109162
tmax_mean,1998,2,Andina,25.480388569907326,1998-02-01,24.223562754304364,1.2568258156029621,0.7578920195637956
tmax_mean,1998,3,Andina,25.344144057577846,1998-03-01,24.1532379563675,1.190906101210345,0.8565177081431917
tmax_mean,1998,4,Andina,24.400735894902738,1998-04-01,23.60808864832724,0.7926472465754983,0.9251923426721973
tmax_mean,1998,5,Andina,23.844557164247423,1998-05-01,23.34782291057833,0.49673425366909285,0.9346457174759358
tmax_mean,1998,6,Andina,23.736156555404786,1998-06-01,23.404992985676017,0.33116356972876915,0.9691153599987276
tmax_mean,1998,7,Andina,23.585253860344825,1998-07-01,23.584999876436363,0.00025398390846120833,0.8952722266305365
tmax_mean,1998,8,Andina,24.055419123231825,1998-08-01,24.10160021982959,-0.04618109659776337,0.7936998027226446
tmax_mean,1998,9,Andina,23.93871202908542,1998-09-01,24.027345535668434,-0.08863350658301528,0.7746548852134371
tmax_mean,1998,10,Andina,23.65186977992755,1998-10-01,23.322704459251824,0.32916532067572746,0.7359361297553813
tmax_mean,1998,11,Andina,22.473131589014802,1998-11-01,22.775866487409598,-0.30273489839479595,0.6724271398878123
tmax_mean,1998,12,Andina,22.39676869913343,1998-12-01,23.078873776522823,-0.6821050773893944,0.4639555093325196
tmax_mean,1999,1,Andina,22.450612844341478,1999-01-01,23.624339812707376,-1.173726968365898,0.17535956200333244
tmax_mean,1999,2,Andina,22.222089964560148,1999-02-01,24.223562754304364,-2.0014727897442164,-0.09616532177559911
tmax_mean,1999,3,Andina,23.00314833828556,1999-03-01,24.1532379563675,-1.1500896180819424,-0.29124829838328975
tmax_mean,1999,4,Andina,22.94055688680781,1999-04-01,23.60808864832724,-0.6675317615194309,-0.4129298823912005
tmax_mean,1999,5,Andina,22.920869994401297,1999-05-01,23.34782291057833,-0.4269529161770329,-0.489903813211711
tmax_mean,1999,6,Andina,22.759540010342967,1999-06-01,23.404992985676017,-0.6454529753330505,-0.5712885253001959
tmax_mean,1999,7,Andina,23.24614087654878,1999-07-01,23.584999876436363,-0.3388589998875844,-0.599547940616533
tmax_mean,1999,8,Andina,23.370686599712183,1999-08-01,24.10160021982959,-0.7309136201174056,-0.6566089842431699
tmax_mean,1999,9,Andina,22.85184219734074,1999-09-01,24.027345535668434,-1.1755033383276938,-0.7471814702218932
tmax_mean,1999,10,Andina,22.637299391727115,1999-10-01,23.322704459251824,-0.6854050675247088,-0.8317290025719295
tmax_mean,1999,11,Andina,22.147001363769014,1999-11-01,22.775866487409598,-0.6288651236405833,-0.8589065213424117
tmax_mean,1999,12,Andina,21.83623437792911,1999-12-01,23.078873776522823,-1.2426393985937132,-0.905617714776105
tmax_mean,2000,1,Andina,21.82764075984922,2000-01-01,23.624339812707376,-1.7966990528581555,-0.9575320551504598
tmax_mean,2000,2,Andina,22.546534951352864,2000-02-01,24.223562754304364,-1.6770278029514998,-0.9304949729177334
tmax_mean,2000,3,Andina,23.09176608269696,2000-03-01,24.1532379563675,-1.0614718736705413,-0.92311016088345
tmax_mean,2000,4,Andina,23.051776886396024,2000-04-01,23.60808864832724,-0.5563117619312159,-0.9138418275844321
tmax_mean,2000,5,Andina,22.790592895260687,2000-05-01,23.34782291057833,-0.5572300153176428,-0.9246982525128162
tmax_mean,2000,6,Andina,22.86793105243351,2000-06-01,23.404992985676017,-0.5370619332425086,-0.9156656656719377
tmax_mean,2000,7,Andina,22.936941974878653,2000-07-01,23.584999876436363,-0.6480579015577099,-0.9414322408111149
tmax_mean,2000,8,Andina,23.859695210293978,2000-08-01,24.10160021982959,-0.24190500953561056,-0.900681523262632
tmax_mean,2000,9,Andina,22.954902212289362,2000-09-01,24.027345535668434,-1.0724433233790727,-0.8920931886835802
tmax_mean,2000,10,Andina,23.045902269190265,2000-10-01,23.322704459251824,-0.27680219006155937,-0.8580429488949844
tmax_mean,2000,11,Andina,22.367565720463237,2000-11-01,22.775866487409598,-0.4083007669463612,-0.8396625858371326
tmax_mean,2000,12,Andina,22.59080875072136,2000-12-01,23.078873776522823,-0.48806502580146116,-0.7767813881044449
tmax_mean,2001,1,Andina,23.237866021173616,2001-01-01,23.624339812707376,-0.38647379153375994,-0.6592626163274119
tmax_mean,2001,2,Andina,24.411923821443438,2001-02-01,24.223562754304364,0.1883610671390734,-0.5038135438198642
tmax_mean,2001,3,Andina,23.750168495749033,2001-03-01,24.1532379563675,-0.40306946061846816,-0.44894667606552474
tmax_mean,2001,4,Andina,24.04709179692198,2001-04-01,23.60808864832724,0.43900314859473966,-0.36600376685502845
tmax_mean,2001,5,Andina,23.30939621258427,2001-05-01,23.34782291057833,-0.0384266979940584,-0.32277015707806306
tmax_mean,2001,6,Andina,23.24461566598791,2001-06-01,23.404992985676017,-0.16037731968810576,-0.29137977261519615
tmax_mean,2001,7,Andina,23.46664106948352,2001-07-01,23.584999876436363,-0.11835880695284473,-0.24723818139812406
tmax_mean,2001,8,Andina,24.670863170902454,2001-08-01,24.10160021982959,0.5692629510728651,-0.17964085134741778
tmax_mean,2001,9,Andina,23.544851020483588,2001-09-01,24.027345535668434,-0.48249451518484676,-0.13047845066456562
tmax_mean,2001,10,Andina,23.537872308797713,2001-10-01,23.322704459251824,0.21516784954588886,-0.08948094736394492
tmax_mean,2001,11,Andina,22.702215615982066,2001-11-01,22.775866487409598,-0.07365087142753168,-0.06159345607070913
tmax_mean,2001,12,Andina,22.963523817345735,2001-12-01,23.078873776522823,-0.11534995917708812,-0.030533867185344715
tmax_mean,2002,1,Andina,23.797005841793684,2002-01-01,23.624339812707376,0.17266602908630801,0.016061117866327617
tmax_mean,2002,2,Andina,24.50378335269774,2002-02-01,24.223562754304364,0.28022059839337743,0.023716078804186285
tmax_mean,2002,3,Andina,24.813699725893287,2002-03-01,24.1532379563675,0.6604617695257851,0.11234368131620738
tmax_mean,2002,4,Andina,23.092211841164502,2002-04-01,23.60808864832724,-0.5158768071627371,0.03277035166975099
tmax_mean,2002,5,Andina,23.619482539848295,2002-05-01,23.34782291057833,0.27165962926996556,0.058610878941752986
tmax_mean,2002,6,Andina,23.270172474242724,2002-06-01,23.404992985676017,-0.13482051143329343,0.06074061296298735
tmax_mean,2002,7,Andina,23.883106611397086,2002-07-01,23.584999876436363,0.29810673496072226,0.09544607478911793
tmax_mean,2002,8,Andina,24.441843031766492,2002-08-01,24.10160021982959,0.3402428119369034,0.07636106319445446
tmax_mean,2002,9,Andina,24.171265325907957,2002-09-01,24.027345535668434,0.14391979023952217,0.12856225531315188
tmax_mean,2002,10,Andina,23.839732739618718,2002-10-01,23.322704459251824,0.517028280366894,0.1537172912149023
tmax_mean,2002,11,Andina,23.438831891436774,2002-11-01,22.775866487409598,0.662965404027176,0.21510198083612794
tmax_mean,2002,12,Andina,23.907434201745698,2002-12-01,23.078873776522823,0.8285604252228751,0.29376117953612485
tmax_mean,2003,1,Andina,25.14385603195673,2003-01-01,23.624339812707376,1.519516219249354,0.4059986953830454
tmax_mean,2003,2,Andina,25.43196056459672,2003-02-01,24.223562754304364,1.2083978102923574,0.483346796374627
tmax_mean,2003,3,Andina,24.959599807006054,2003-03-01,24.1532379563675,0.8063618506385524,0.49550513646735767
tmax_mean,2003,4,Andina,23.7083990682414,2003-04-01,23.60808864832724,0.1003104199141589,0.546854072057099
tmax_mean,2003,5,Andina,23.92395314190631,2003-05-01,23.34782291057833,0.5761302313279799,0.5722266222286002
tmax_mean,2003,6,Andina,23.106932029507533,2003-06-01,23.404992985676017,-0.2980609561684844,0.558623251834001
tmax_mean,2003,7,Andina,23.577601914842543,2003-07-01,23.584999876436363,-0.007397961593820668,0.5331645271211224
tmax_mean,2003,8,Andina,24.042355056948963,2003-08-01,24.10160021982959,-0.0592451628806252,0.499873862552995
tmax_mean,2003,9,Andina,23.77593149036286,2003-09-01,24.027345535668434,-0.2514140453055731,0.46692937625757036
tmax_mean,2003,10,Andina,23.031457185230305,2003-10-01,23.322704459251824,-0.2912472740215186,0.399573080058536
tmax_mean,2003,11,Andina,22.996474075871358,2003-11-01,22.775866487409598,0.22060758846176043,0.362709928761418
tmax_mean,2003,12,Andina,23.01913745530358,2003-12-01,23.078873776522823,-0.059736321219244104,0.2886851998912414
tmax_mean,2004,1,Andina,23.355901439483965,2004-01-01,23.624339812707376,-0.268438373223411,0.13968898385184433
tmax_mean,2004,2,Andina,25.156035242573697,2004-02-01,24.223562754304364,0.9324724882693332,0.1166952070165923
tmax_mean,2004,3,Andina,25.193696534771092,2004-03-01,24.1532379563675,1.040458578403591,0.13620326766367885
tmax_mean,2004,4,Andina,23.628286124731652,2004-04-01,23.60808864832724,0.020197476404412384,0.12952718903786664
tmax_mean,2004,5,Andina,23.21475674209074,2004-05-01,23.34782291057833,-0.13306616848759134,0.0704274890532357
tmax_mean,2004,6,Andina,23.676972011745484,2004-06-01,23.404992985676017,0.27197902606946656,0.11793082090639828
tmax_mean,2004,7,Andina,23.255484524923677,2004-07-01,23.584999876436363,-0.3295153515126863,0.09108770507982615
tmax_mean,2004,8,Andina,24.421070220567408,2004-08-01,24.10160021982959,0.3194700007378195,0.12264730204802987
tmax_mean,2004,9,Andina,23.673369310022917,2004-09-01,24.027345535668434,-0.3539762256455177,0.11410045368636783
tmax_mean,2004,10,Andina,23.14715899402788,2004-10-01,23.322704459251824,-0.17554546522394432,0.12374227108616569
tmax_mean,2004,11,Andina,22.767164905562325,2004-11-01,22.775866487409598,-0.008701581847272877,0.1046331735604129
tmax_mean,2004,12,Andina,22.94560719210939,2004-12-01,23.078873776522823,-0.13326658441343397,0.09850565162756375
tmax_mean,2005,1,Andina,23.251398954378285,2005-01-01,23.624339812707376,-0.3729408583290912,0.0897971112020904
tmax_mean,2005,2,Andina,24.13470925825486,2005-02-01,24.223562754304364,-0.08885349604950576,0.004686612508853827
tmax_mean,2005,3,Andina,25.022452409552308,2005-03-01,24.1532379563675,0.8692144531848065,-0.009583731259378206
tmax_mean,2005,4,Andina,24.13972410322079,2005-04-01,23.60808864832724,0.53163545489355,0.03303610028138326
tmax_mean,2005,5,Andina,23.423969919783897,2005-05-01,23.34782291057833,0.07614700920556672,0.0504705317558131
tmax_mean,2005,6,Andina,23.57246772606223,2005-06-01,23.404992985676017,0.16747474038621135,0.0417618412822085
tmax_mean,2005,7,Andina,24.050375806893317,2005-07-01,23.584999876436363,0.465375930456954,0.10800278144634519
tmax_mean,2005,8,Andina,24.09395690091505,2005-08-01,24.10160021982959,-0.007643318914539066,0.08074333814198198
tmax_mean,2005,9,Andina,24.409779848586503,2005-09-01,24.027345535668434,0.3824343129180683,0.1421108830222808
tmax_mean,2005,10,Andina,23.09835409846161,2005-10-01,23.322704459251824,-0.22435036079021486,0.13804380839175825
tmax_mean,2005,11,Andina,22.412193741708684,2005-11-01,22.775866487409598,-0.3636727457009137,0.10846287807062154
tmax_mean,2005,12,Andina,22.56704553180841,2005-12-01,23.078873776522823,-0.5118282447144118,0.07691607304554005
tmax_mean,2006,1,Andina,22.977806319488643,2006-01-01,23.624339812707376,-0.6465334932187332,0.054116686804736545
tmax_mean,2006,2,Andina,23.957236039348295,2006-02-01,24.223562754304364,-0.26632671495606886,0.039327251895856286
tmax_mean,2006,3,Andina,23.230982245934946,2006-03-01,24.1532379563675,-0.9222557104325553,-0.10996192840559053
tmax_mean,2006,4,Andina,22.76440275521322,2006-04-01,23.60808864832724,-0.8436858931140208,-0.22457204073955475
tmax_mean,2006,5,Andina,23.126199474150678,2006-05-01,23.34782291057833,-0.22162343642765236,-0.24938624454232303
tmax_mean,2006,6,Andina,23.09413761419033,2006-06-01,23.404992985676017,-0.31085537148568676,-0.28924708719831455
tmax_mean,2006,7,Andina,23.600553741749795,2006-07-01,23.584999876436363,0.01555386531343217,-0.326732259293608
tmax_mean,2006,8,Andina,24.436047427359426,2006-08-01,24.10160021982959,0.3344472075298377,-0.2982247154232433
tmax_mean,2006,9,Andina,24.398854551637598,2006-09-01,24.027345535668434,0.3715090159691634,-0.299135156835652
tmax_mean,2006,10,Andina,23.4130104552921,2006-10-01,23.322704459251824,0.090305996040275,-0.27291379376644453
tmax_mean,2006,11,Andina,22.69964832404393,2006-11-01,22.775866487409598,-0.07621816336566667,-0.2489592452385073
tmax_mean,2006,12,Andina,23.024575680663627,2006-12-01,23.078873776522823,-0.05429809585919543,-0.2108317328339059
tmax_mean,2007,1,Andina,24.25070478609337,2007-01-01,23.624339812707376,0.6263649733859928,-0.10475686061684542
tmax_mean,2007,2,Andina,25.59564044459327,2007-02-01,24.223562754304364,1.3720776902889043,0.03177683982023568
tmax_mean,2007,3,Andina,24.26658642119298,2007-03-01,24.1532379563675,0.11334846482547789,0.1180771877584051
tmax_mean,2007,4,Andina,23.34684547554722,2007-04-01,23.60808864832724,-0.26124317278001996,0.16661408111957185
tmax_mean,2007,5,Andina,23.067644828805403,2007-05-01,23.34782291057833,-0.28017808177292736,0.16173452734079893
tmax_mean,2007,6,Andina,23.129337626292713,2007-06-01,23.404992985676017,-0.275655359383304,0.16466786168266415
tmax_mean,2007,7,Andina,23.59963449051638,2007-07-01,23.584999876436363,0.014634614080016206,0.16459125741321282
tmax_mean,2007,8,Andina,23.24237932689347,2007-08-01,24.10160021982959,-0.8592208929361185,0.06511891570771648
tmax_mean,2007,9,Andina,23.92987799928398,2007-09-01,24.027345535668434,-0.09746753638445327,0.026037536344915086
tmax_mean,2007,10,Andina,22.78471354238701,2007-10-01,23.322704459251824,-0.537990916864814,-0.026320539730509
tmax_mean,2007,11,Andina,22.66846540578831,2007-11-01,22.775866487409598,-0.10740108162128692,-0.02891911625181069
tmax_mean,2007,12,Andina,22.101175933036323,2007-12-01,23.078873776522823,-0.9776978434864994,-0.10586909522075268
tmax_mean,2008,1,Andina,22.704659066693644,2008-01-01,23.624339812707376,-0.9196807460137322,-0.2347062385040631
tmax_mean,2008,2,Andina,23.034050392972492,2008-02-01,24.223562754304364,-1.1895123613318717,-0.44817207613912774
tmax_mean,2008,3,Andina,23.23082939277718,2008-03-01,24.1532379563675,-0.9224085635903201,-0.5344851618404443
tmax_mean,2008,4,Andina,23.11089219582843,2008-04-01,23.60808864832724,-0.49719645249880884,-0.5541479351503433
tmax_mean,2008,5,Andina,22.477599740060338,2008-05-01,23.34782291057833,-0.8702231705179919,-0.603318359212432
tmax_mean,2008,6,Andina,22.798979217586012,2008-06-01,23.404992985676017,-0.6060137680900048,-0.6308482266046571
tmax_mean,2008,7,Andina,22.68006197309839,2008-07-01,23.584999876436363,-0.9049379033379736,-0.7074792697228229
tmax_mean,2008,8,Andina,23.228476614344036,2008-08-01,24.10160021982959,-0.8731236054855529,-0.7086378291019425
tmax_mean,2008,9,Andina,23.730391924878766,2008-09-01,24.027345535668434,-0.296953610789668,-0.7252616686357104
tmax_mean,2008,10,Andina,23.077417696519724,2008-10-01,23.322704459251824,-0.24528676273209982,-0.7008696557913175
tmax_mean,2008,11,Andina,22.163383896061763,2008-11-01,22.775866487409598,-0.6124825913478347,-0.7429597816018632
tmax_mean,2008,12,Andina,22.29462537950877,2008-12-01,23.078873776522823,-0.7842483970140535,-0.726838994395826
tmax_mean,2009,1,Andina,22.597547376836708,2009-01-01,23.624339812707376,-1.026792435870668,-0.7357649685505706
tmax_mean,2009,2,Andina,23.16415558198318,2009-02-01,24.223562754304364,-1.0594071723211833,-0.7249228694663467
tmax_mean,2009,3,Andina,23.10329710421032,2009-03-01,24.1532379563675,-1.0499408521571816,-0.7355505601802518
tmax_mean,2009,4,Andina,23.497439203272318,2009-04-01,23.60808864832724,-0.11064944505492136,-0.7033383095599278
tmax_mean,2009,5,Andina,23.365733239578695,2009-05-01,23.34782291057833,0.017910329000365266,-0.6293271846000646
tmax_mean,2009,6,Andina,23.25191768250904,2009-06-01,23.404992985676017,-0.15307530316697893,-0.5915823125231459
tmax_mean,2009,7,Andina,23.947681675234666,2009-07-01,23.584999876436363,0.3626817987983024,-0.48594733734512285
tmax_mean,2009,8,Andina,24.045889079082976,2009-08-01,24.10160021982959,-0.0557111407466131,-0.4178296319502112
tmax_mean,2009,9,Andina,24.90178273665098,2009-09-01,24.027345535668434,0.8744372009825447,-0.3202137309691935
tmax_mean,2009,10,Andina,23.731871194187477,2009-10-01,23.322704459251824,0.4091667349356527,-0.2656759394968808
tmax_mean,2009,11,Andina,23.333514010514843,2009-11-01,22.775866487409598,0.5576475231052456,-0.16816509662579074
tmax_mean,2009,12,Andina,23.765460481697264,2009-12-01,23.078873776522823,0.6865867051744416,-0.045595504776749486
tmax_mean,2010,1,Andina,25.222211466361706,2010-01-01,23.624339812707376,1.5978716536543303,0.17312650268366703
tmax_mean,2010,2,Andina,25.77866388009698,2010-02-01,24.223562754304364,1.5551011257926142,0.39100219419315013
tmax_mean,2010,3,Andina,25.350643940230828,2010-03-01,24.1532379563675,1.1974059838633266,0.5782810971948592
tmax_mean,2010,4,Andina,23.870170141153267,2010-04-01,23.60808864832724,0.26208149282602733,0.6093420086849383
tmax_mean,2010,5,Andina,23.60782846928624,2010-05-01,23.34782291057833,0.26000555870790976,0.6295166111605669
tmax_mean,2010,6,Andina,23.096471638429257,2010-06-01,23.404992985676017,-0.30852134724676006,0.6165627741539185
tmax_mean,2010,7,Andina,22.677223657041036,2010-07-01,23.584999876436363,-0.9077762193953269,0.5106912726377827
tmax_mean,2010,8,Andina,23.425766800372976,2010-08-01,24.10160021982959,-0.6758334194566125,0.4590144160786161
tmax_mean,2010,9,Andina,23.173579708242322,2010-09-01,24.027345535668434,-0.8537658274261126,0.3149974970445613
tmax_mean,2010,10,Andina,22.903182476284137,2010-10-01,23.322704459251824,-0.4195219829676873,0.24594010388594967
tmax_mean,2010,11,Andina,21.73438105975642,2010-11-01,22.775866487409598,-1.0414854276531784,0.112679024656081
tmax_mean,2010,12,Andina,21.73995826951004,2010-12-01,23.078873776522823,-1.338915507012782,-0.05611282635952097
tmax_mean,2011,1,Andina,22.839329771088476,2011-01-01,23.624339812707376,-0.7850100416189001,-0.2546863009656235
tmax_mean,2011,2,Andina,23.02555707159985,2011-02-01,24.223562754304364,-1.1980056827045154,-0.4841118683403843
tmax_mean,2011,3,Andina,22.53515659196166,2011-03-01,24.1532379563675,-1.6180813644058425,-0.7187358140294817
tmax_mean,2011,4,Andina,22.517874889190512,2011-04-01,23.60808864832724,-1.0902137591367271,-0.831427085026378
tmax_mean,2011,5,Andina,22.815414157688387,2011-05-01,23.34782291057833,-0.5324087528899426,-0.8974616109928656
tmax_mean,2011,6,Andina,23.122417009753132,2011-06-01,23.404992985676017,-0.2825759759228852,-0.895299496715876
tmax_mean,2011,7,Andina,23.229931576464377,2011-07-01,23.584999876436363,-0.3550682999719861,-0.8492405034305976
tmax_mean,2011,8,Andina,23.870250239675357,2011-08-01,24.10160021982959,-0.23134998015423136,-0.8122002168220659
tmax_mean,2011,9,Andina,23.880793909448528,2011-09-01,24.027345535668434,-0.1465516262199067,-0.753265700054882
tmax_mean,2011,10,Andina,22.1364318513418,2011-10-01,23.322704459251824,-1.1862726079100234,-0.8171615854667434
tmax_mean,2011,11,Andina,22.009617264915345,2011-11-01,22.775866487409598,-0.7662492224942525,-0.794225235036833
tmax_mean,2011,12,Andina,22.209294035642785,2011-12-01,23.078873776522823,-0.8695797408800381,-0.7551139211924376
tmax_mean,2012,1,Andina,22.61998524810176,2012-01-01,23.624339812707376,-1.0043545646056167,-0.7733926314413306
tmax_mean,2012,2,Andina,23.446429135951814,2012-02-01,24.223562754304364,-0.7771336183525506,-0.7383199594120002
tmax_mean,2012,3,Andina,23.787336683125012,2012-03-01,24.1532379563675,-0.3659012732424891,-0.6339716184817208
tmax_mean,2012,4,Andina,22.674016660395278,2012-04-01,23.60808864832724,-0.9340719879319614,-0.620959804214657
tmax_mean,2012,5,Andina,23.16824958000508,2012-05-01,23.34782291057833,-0.1795733305732483,-0.5915568523549325
tmax_mean,2012,6,Andina,23.843912916351197,2012-06-01,23.404992985676017,0.43891993067517987,-0.5314321934717604
tmax_mean,2012,7,Andina,23.948249863340134,2012-07-01,23.584999876436363,0.36324998690377086,-0.471572336232114
tmax_mean,2012,8,Andina,23.987055949260622,2012-08-01,24.10160021982959,-0.11454427056896677,-0.46183852710000856
tmax_mean,2012,9,Andina,24.52955763203729,2012-09-01,24.027345535668434,0.5022120963688543,-0.40777488355094516
tmax_mean,2012,10,Andina,23.0978041919925,2012-10-01,23.322704459251824,-0.22490026725932566,-0.3276605218300537
tmax_mean,2012,11,Andina,23.204630505930012,2012-11-01,22.775866487409598,0.4287640185204147,-0.2280760850788314
tmax_mean,2012,12,Andina,23.152137430562693,2012-12-01,23.078873776522823,0.07326365403987012,-0.14950580216883905
tmax_mean,2013,1,Andina,24.639481324764393,2013-01-01,23.624339812707376,1.015141512057017,0.01878553755304709
tmax_mean,2013,2,Andina,23.84093369936923,2013-02-01,24.223562754304364,-0.38262905493513344,0.05166091783783185
tmax_mean,2013,3,Andina,24.16778723324453,2013-03-01,24.1532379563675,0.014549276877026784,0.08336513034779151
tmax_mean,2013,4,Andina,24.181852654741114,2013-04-01,23.60808864832724,0.5737640064138745,0.20901812987661117
tmax_mean,2013,5,Andina,22.912344938383672,2013-05-01,23.34782291057833,-0.4354779721946578,0.18769274307482706
tmax_mean,2013,6,Andina,23.63385342296727,2013-06-01,23.404992985676017,0.22886043729125305,0.17018778529283315
tmax_mean,2013,7,Andina,23.720308798491658,2013-07-01,23.584999876436363,0.13530892205529454,0.1511926965554601
tmax_mean,2013,8,Andina,23.444407468602563,2013-08-01,24.10160021982959,-0.6571927512270257,0.10597198983395521
tmax_mean,2013,9,Andina,24.03753444745491,2013-09-01,24.027345535668434,0.010188911786475074,0.0649700577854236
tmax_mean,2013,10,Andina,23.60325645484575,2013-10-01,23.322704459251824,0.28055199559392463,0.10709107968986113
tmax_mean,2013,11,Andina,22.5801615877804,2013-11-01,22.775866487409598,-0.1957048996291988,0.05505200317739334
tmax_mean,2013,12,Andina,22.814620103246387,2013-12-01,23.078873776522823,-0.26425367327643556,0.026925559234367864
tmax_mean,2014,1,Andina,23.57201255709274,2014-01-01,23.624339812707376,-0.05232725561463525,-0.062030171404936496
tmax_mean,2014,2,Andina,24.121130459182663,2014-02-01,24.223562754304364,-0.1024322951217016,-0.038680441420483845
tmax_mean,2014,3,Andina,24.00892548133099,2014-03-01,24.1532379563675,-0.1443124750365108,-0.051918920746611974
tmax_mean,2014,4,Andina,24.429534083971248,2014-04-01,23.60808864832724,0.8214454356440086,-0.031278801644100795
tmax_mean,2014,5,Andina,23.335742108046535,2014-05-01,23.34782291057833,-0.012080802531794887,0.004004295827804445
tmax_mean,2014,6,Andina,24.015097769528463,2014-06-01,23.404992985676017,0.6101047838524458,0.035774658041237174
tmax_mean,2014,7,Andina,24.5939148624478,2014-07-01,23.584999876436363,1.0089149860114368,0.1085751633709157
tmax_mean,2014,8,Andina,24.24938799249165,2014-08-01,24.10160021982959,0.14778777266205978,0.17565687369500615
tmax_mean,2014,9,Andina,24.29480899192413,2014-09-01,24.027345535668434,0.2674634562556939,0.19709641906744105
tmax_mean,2014,10,Andina,23.334195539580087,2014-10-01,23.322704459251824,0.011491080328262626,0.17467467612863588
tmax_mean,2014,11,Andina,22.901341727638968,2014-11-01,22.775866487409598,0.1254752402293704,0.20143968778351665
tmax_mean,2014,12,Andina,23.484679300482565,2014-12-01,23.078873776522823,0.40580552395974223,0.2572779542198648
tmax_mean,2015,1,Andina,24.12586910583458,2015-01-01,23.624339812707376,0.5015292931272057,0.3034326666150182
tmax_mean,2015,2,Andina,24.108628861197232,2015-02-01,24.223562754304364,-0.11493389310713198,0.302390866782899
tmax_mean,2015,3,Andina,24.160294113556738,2015-03-01,24.1532379563675,0.007056157189236245,0.31500491946837794
tmax_mean,2015,4,Andina,23.940429201473258,2015-04-01,23.60808864832724,0.3323405531460182,0.27424617926021205
tmax_mean,2015,5,Andina,24.219346830968647,2015-05-01,23.34782291057833,0.8715239203903167,0.34787990617038805
tmax_mean,2015,6,Andina,24.235489406742634,2015-06-01,23.404992985676017,0.8304964210666164,0.3662458759382356
tmax_mean,2015,7,Andina,24.212906016600705,2015-07-01,23.584999876436363,0.6279061401643418,0.334495138784311
tmax_mean,2015,8,Andina,24.935070098910092,2015-08-01,24.10160021982959,0.8334698790805035,0.3916353143191813
tmax_mean,2015,9,Andina,25.464969543681022,2015-09-01,24.027345535668434,1.4376240080125875,0.48914869363225577
tmax_mean,2015,10,Andina,24.496379860034082,2015-10-01,23.322704459251824,1.1736754007822583,0.5859973870034221
tmax_mean,2015,11,Andina,23.46169426820977,2015-11-01,22.775866487409598,0.6858277808001709,0.6326934320509888
tmax_mean,2015,12,Andina,24.963664714446306,2015-12-01,23.078873776522823,1.8847909379234835,0.7559422165479672
tmax_mean,2016,1,Andina,25.416435364005327,2016-01-01,23.624339812707376,1.792095551297951,0.8634894047288627
tmax_mean,2016,2,Andina,25.947596587285467,2016-02-01,24.223562754304364,1.7240338329811031,1.0167367152362157
tmax_mean,2016,3,Andina,26.053999331330886,2016-03-01,24.1532379563675,1.900761374963384,1.1745454833840612
tmax_mean,2016,4,Andina,24.524481694478265,2016-04-01,23.60808864832724,0.9163930461510255,1.223216524467812
tmax_mean,2016,5,Andina,24.108301037079634,2016-05-01,23.34782291057833,0.7604781265013045,1.213962708310394
tmax_mean,2016,6,Andina,23.89012290781485,2016-06-01,23.404992985676017,0.48512992213883166,1.1851821667330789
tmax_mean,2016,7,Andina,23.780732028665387,2016-07-01,23.584999876436363,0.19573215222902363,1.149167667738469
tmax_mean,2016,8,Andina,24.987344284845694,2016-08-01,24.10160021982959,0.8857440650161053,1.153523849899769
tmax_mean,2016,9,Andina,24.394143583993575,2016-09-01,24.027345535668434,0.3667980483251405,1.0642883532591485
tmax_mean,2016,10,Andina,23.560170769989334,2016-10-01,23.322704459251824,0.2374663107375099,0.9862709290887528
tmax_mean,2016,11,Andina,23.129122152883568,2016-11-01,22.775866487409598,0.35325566547397,0.9585565861449027
tmax_mean,2016,12,Andina,23.079305230863337,2016-12-01,23.078873776522823,0.00043145434051439224,0.8015266291796553
tmax_mean,2017,1,Andina,23.21635391058179,2017-01-01,23.624339812707376,-0.40798590212558494,0.6181865080610273
tmax_mean,2017,2,Andina,24.894851273746838,2017-02-01,24.223562754304364,0.6712885194424736,0.5304577319328082
tmax_mean,2017,3,Andina,23.697461560923742,2017-03-01,24.1532379563675,-0.4557763954437597,0.3340795843988795
tmax_mean,2017,4,Andina,24.39592376555372,2017-04-01,23.60808864832724,0.7878351172264821,0.3233664236551676
tmax_mean,2017,5,Andina,23.798872545817257,2017-05-01,23.34782291057833,0.4510496352389275,0.2975807160499695
tmax_mean,2017,6,Andina,23.83011840149365,2017-06-01,23.404992985676017,0.4251254158176323,0.29258034052320286
tmax_mean,2017,7,Andina,24.096535452565984,2017-07-01,23.584999876436363,0.5115355761296208,0.31889729251491933
tmax_mean,2017,8,Andina,24.7448041731003,2017-08-01,24.10160021982959,0.6432039532707101,0.2986856165361364
tmax_mean,2017,9,Andina,24.834830241132675,2017-09-01,24.027345535668434,0.8074847054642404,0.3354095046310614
tmax_mean,2017,10,Andina,24.19853311396834,2017-10-01,23.322704459251824,0.8758286547165177,0.38860636662931203
tmax_mean,2017,11,Andina,23.46004117275407,2017-11-01,22.775866487409598,0.6841746853444732,0.41618295161852065
tmax_mean,2017,12,Andina,24.015230308568135,2017-12-01,23.078873776522823,0.9363565320453127,0.4941767080939205
tmax_mean,2018,1,Andina,23.571025683070307,2018-01-01,23.624339812707376,-0.053314129637069385,0.5237326891346301
tmax_mean,2018,2,Andina,24.631075343828005,2018-02-01,24.223562754304364,0.4075125895236411,0.5017513616413941
tmax_mean,2018,3,Andina,25.117012063812194,2018-03-01,24.1532379563675,0.9637741074446922,0.6200472368820984
tmax_mean,2018,4,Andina,23.347603259971553,2018-04-01,23.60808864832724,-0.26048538835568635,0.5326871947502511
tmax_mean,2018,5,Andina,23.24065998337091,2018-05-01,23.34782291057833,-0.10716292720741905,0.4861694812130555
tmax_mean,2018,6,Andina,23.80211099822571,2018-06-01,23.404992985676017,0.3971180125496936,0.48383553094072723
tmax_mean,2018,7,Andina,24.14501934269555,2018-07-01,23.584999876436363,0.5600194662591882,0.4878758551181912
tmax_mean,2018,8,Andina,24.862963636205432,2018-08-01,24.10160021982959,0.7613634163758434,0.497722477043619
tmax_mean,2018,9,Andina,24.59461722372891,2018-09-01,24.027345535668434,0.567271688060476,0.4777047255933053
tmax_mean,2018,10,Andina,23.359196543007346,2018-10-01,23.322704459251824,0.036492083755522486,0.40776001134655565
tmax_mean,2018,11,Andina,23.521453453385867,2018-11-01,22.775866487409598,0.7455869659762691,0.4128777013992053
tmax_mean,2018,12,Andina,24.474739453042652,2018-12-01,23.078873776522823,1.3958656765198292,0.451170130105415
tmax_mean,2019,1,Andina,25.042627669763455,2019-01-01,23.624339812707376,1.4182878570560788,0.5738036289965107
tmax_mean,2019,2,Andina,25.489737064944077,2019-02-01,24.223562754304364,1.2661743106397125,0.64535877242285
tmax_mean,2019,3,Andina,24.94502042470597,2019-03-01,24.1532379563675,0.791782468338468,0.6310261358306647
tmax_mean,2019,4,Andina,24.36779447346947,2019-04-01,23.60808864832724,0.7597058251422304,0.7160420702888244
tmax_mean,2019,5,Andina,23.993275021951728,2019-05-01,23.34782291057833,0.6454521113733982,0.7787599901705592
tmax_mean,2019,6,Andina,24.085544826249553,2019-06-01,23.404992985676017,0.6805518405735356,0.8023794758392127
tmax_mean,2019,7,Andina,24.62482609214155,2019-07-01,23.584999876436363,1.0398262157051867,0.8423633716263792
tmax_mean,2019,8,Andina,25.40030121870111,2019-08-01,24.10160021982959,1.2987009988715208,0.887141503501019
tmax_mean,2019,9,Andina,25.306552659628014,2019-09-01,24.027345535668434,1.27920712395958,0.9464694564926109
tmax_mean,2019,10,Andina,23.846884073680418,2019-10-01,23.322704459251824,0.5241796144285935,0.9871100840487003
tmax_mean,2019,11,Andina,23.805032830168706,2019-11-01,22.775866487409598,1.0291663427591082,1.0107416987806035
tmax_mean,2019,12,Andina,24.34048597360692,2019-12-01,23.078873776522823,1.2616121970840979,0.9995539088276258
tmax_mean,2020,1,Andina,25.12593072946143,2020-01-01,23.624339812707376,1.5015909167540542,1.0064958304691238
tmax_mean,2020,2,Andina,26.27664474666877,2020-02-01,24.223562754304364,2.0530819923644046,1.0720714706128482
tmax_mean,2020,3,Andina,25.95540113980727,2020-03-01,24.1532379563675,1.8021631834397702,1.1562698635379567
tmax_mean,2020,4,Andina,24.95556753645955,2020-04-01,23.60808864832724,1.3474788881323114,1.2052509521204635
tmax_mean,2020,5,Andina,24.65060163685458,2020-05-01,23.34782291057833,1.3027787262762516,1.2600281700290346
tmax_mean,2020,6,Andina,23.968080607192462,2020-06-01,23.404992985676017,0.5630876215164449,1.2502394851076104
tmax_mean,2020,7,Andina,23.714744675012007,2020-07-01,23.584999876436363,0.12974479857564347,1.1743993670134818
tmax_mean,2020,8,Andina,24.17168363222036,2020-08-01,24.10160021982959,0.07008341239077254,1.072014568140086
tmax_mean,2020,9,Andina,24.292762416335695,2020-09-01,24.027345535668434,0.2654168806672601,0.987532047865726
tmax_mean,2020,10,Andina,24.04309606429762,2020-10-01,23.322704459251824,0.7203916050457977,1.0038830470838265
tmax_mean,2020,11,Andina,23.240346700392383,2020-11-01,22.775866487409598,0.4644802129827852,0.9568258696024662
tmax_mean,2020,12,Andina,23.589752105693297,2020-12-01,23.078873776522823,0.5108783291704739,0.8942647139429974
tmax_mean,2021,1,Andina,24.52341531674513,2021-01-01,23.624339812707376,0.8990755040377536,0.8440550962166391
tmax_mean,2021,2,Andina,25.152770907463427,2021-02-01,24.223562754304364,0.9292081531590632,0.7503989429495274
tmax_mean,2021,3,Andina,23.803968586127308,2021-03-01,24.1532379563675,-0.34926937024019367,0.5711128968095304
tmax_mean,2021,4,Andina,23.8006112825845,2021-04-01,23.60808864832724,0.19252263425726213,0.4748665423199429
tmax_mean,2021,5,Andina,23.32424428893052,2021-05-01,23.34782291057833,-0.023578621647811104,0.364336763326271
tmax_mean,2021,6,Andina,23.02911682390477,2021-06-01,23.404992985676017,-0.3758761617712487,0.28608978138562985
tmax_mean,2021,7,Andina,23.719946482051768,2021-07-01,23.584999876436363,0.13494660561540428,0.28652326530560995
tmax_mean,2021,8,Andina,23.500471944759497,2021-08-01,24.10160021982959,-0.6011282750700921,0.23058895801720455
tmax_mean,2021,9,Andina,24.001494885394354,2021-09-01,24.027345535668434,-0.025850650274080067,0.20631666377209287
tmax_mean,2021,10,Andina,23.67829046650346,2021-10-01,23.322704459251824,0.3555860072516346,0.17591619728924593
tmax_mean,2021,11,Andina,22.991736925142725,2021-11-01,22.775866487409598,0.21587043773312686,0.15519871601844107
tmax_mean,2021,12,Andina,23.52202936393794,2021-12-01,23.078873776522823,0.4431555874151165,0.14955515420549462
tmax_mean,2022,1,Andina,23.604667995396692,2022-01-01,23.624339812707376,-0.019671817310683792,0.07299287742645817
tmax_mean,2022,2,Andina,23.7234390659786,2022-02-01,24.223562754304364,-0.5001236883257647,-0.04611810936394415
tmax_mean,2022,3,Andina,23.528612623697114,2022-03-01,24.1532379563675,-0.6246253326703872,-0.06906443956646029
tmax_mean,2022,4,Andina,23.418883514127888,2022-04-01,23.60808864832724,-0.18920513419935148,-0.10087508693784475
tmax_mean,2022,5,Andina,23.302852710437225,2022-05-01,23.34782291057833,-0.044970200141104755,-0.10265771847895255
tmax_mean,2022,6,Andina,22.437875510407153,2022-06-01,23.404992985676017,-0.9671174752688643,-0.15192782793708717
tmax_mean,2022,7,Andina,23.353233076523203,2022-07-01,23.584999876436363,-0.23176679991316007,-0.18248727839780088
tmax_mean,2022,8,Andina,23.676979647588915,2022-08-01,24.10160021982959,-0.4246205722406735,-0.167778303162016
tmax_mean,2022,9,Andina,23.956552195522615,2022-09-01,24.027345535668434,-0.07079334014581917,-0.17152352731799425
tmax_mean,2022,10,Andina,23.08398850343102,2022-10-01,23.322704459251824,-0.23871595582080474,-0.2210486909073642
tmax_mean,2022,11,Andina,22.582746238081544,2022-11-01,22.775866487409598,-0.19312024932805372,-0.2551312481624626
tmax_mean,2022,12,Andina,23.041187392070615,2022-12-01,23.078873776522823,-0.03768638445220773,-0.2952014124847396
tmax_mean,2023,1,Andina,23.02842472642704,2023-01-01,23.624339812707376,-0.5959150862803355,-0.3432216848988772
tmax_mean,2023,2,Andina,24.71653856320795,2023-02-01,24.223562754304364,0.49297580890358716,-0.26046339346309794
tmax_mean,2023,3,Andina,23.36613962053952,2023-03-01,24.1532379563675,-0.7870983358279808,-0.27400281039289737
tmax_mean,2023,4,Andina,23.525046018014987,2023-04-01,23.60808864832724,-0.0830426303122529,-0.2651559350689725
tmax_mean,2023,5,Andina,24.32326673538169,2023-05-01,23.34782291057833,0.9754438248033601,-0.1801214329902671
tmax_mean,2023,6,Andina,24.173850784364323,2023-06-01,23.404992985676017,0.7688577986883054,-0.03545682682716963
tmax_mean,2023,7,Andina,24.571053732988783,2023-07-01,23.584999876436363,0.9860538565524202,0.06602822787829539
tmax_mean,2023,8,Andina,25.180808925155166,2023-08-01,24.10160021982959,1.079208705325577,0.1913473343421496
tmax_mean,2023,9,Andina,25.689971950941914,2023-09-01,24.027345535668434,1.662626415273479,0.3357989806270911
tmax_mean,2023,10,Andina,24.512499184601047,2023-10-01,23.322704459251824,1.1897947253492234,0.45484153739126015
tmax_mean,2023,11,Andina,23.986574509208637,2023-11-01,22.775866487409598,1.2107080217990394,0.5718272266518513
tmax_mean,2023,12,Andina,24.63705179007837,2023-12-01,23.078873776522823,1.5581780135555476,0.7048159264858308
tmax_mean,2024,1,Andina,26.150540271935693,2024-01-01,23.624339812707376,2.526200459228317,0.9649922219448852
tmax_mean,2024,2,Andina,25.261722419814777,2024-02-01,24.223562754304364,1.0381596655104133,1.0104242099954541
tmax_mean,2024,3,Andina,26.278618644639664,2024-03-01,24.1532379563675,2.1253806882721626,1.2531307953371327
tmax_mean,2024,4,Andina,25.030129063408147,2024-04-01,23.60808864832724,1.4220404150809074,1.3785543824532294
tmax_mean,2024,5,Andina,24.144451261243923,2024-05-01,23.34782291057833,0.7966283506655927,1.3636530929417487
tmax_mean,2024,6,Andina,23.66869905150002,2024-06-01,23.404992985676017,0.26370606582400313,1.321557115203057
tmax_mean,2024,7,Andina,24.271093337211042,2024-07-01,23.584999876436363,0.6860934607746785,1.2965604155549117
tmax_mean,2024,8,Andina,24.87829047732653,2024-08-01,24.10160021982959,0.7766902574969414,1.2713505449025255
tmax_mean,2024,9,Andina,25.434705462514927,2024-09-01,24.027345535668434,1.4073599268464925,1.25007833753361
tmax_mean,2024,10,Andina,24.288864388144678,2024-10-01,23.322704459251824,0.9661599288928535,1.231442104495579
tmax_mean,2024,11,Andina,22.794215701735816,2024-11-01,22.775866487409598,0.018349214326217833,1.1320788705395106
tmax_mean,2024,12,Andina,23.479464164939316,2024-12-01,23.078873776522823,0.40059038841649297,1.0356132351112561
tmax_mean,2025,1,Andina,23.88474129687953,2025-01-01,23.624339812707376,0.2604014841721529,0.8467966538565758
tmax_mean,2025,2,Andina,23.720303679991098,2025-02-01,24.223562754304364,-0.5032590743132666,0.7183450922046024
tmax_mean,2025,3,Andina,23.873215676539587,2025-03-01,24.1532379563675,-0.2800222798279144,0.5178948448629294
tmax_mean,2025,4,Andina,23.67017075142114,2025-04-01,23.60808864832724,0.06208210309389983,0.4045649855306787
tmax_mean,2025,5,Andina,23.249726608680987,2025-05-01,23.34782291057833,-0.09809630189734264,0.33000459781710073
tmax_mean,2025,6,Andina,23.101681913388113,2025-06-01,23.404992985676017,-0.30331107228790444,0.28275316964110847
tmax_mean,2025,7,Andina,23.71219843045732,2025-07-01,23.584999876436363,0.12719855402095703,0.23617859407829833
tmax_mean,2025,8,Andina,23.940697287982164,2025-08-01,24.10160021982959,-0.1609029318474242,0.1580458282996012
tmax_mean,2025,9,Andina,24.129435188814842,2025-09-01,24.027345535668434,0.1020896531464075,0.04927330549126078
tmax_mean,2025,10,Andina,23.304731578225205,2025-10-01,23.322704459251824,-0.017972881026619092,-0.0327377620020286
tmax_mean,2025,11,Andina,23.012289255788968,2025-11-01,22.775866487409598,0.23642276837937004,-0.014564965830932586
tmax_mean,2025,12,Andina,22.90826443877099,2025-12-01,23.078873776522823,-0.1706093377518343,-0.062164943011626526
tmax_mean,2026,1,Andina,22.52185194397083,2026-01-01,23.624339812707376,-1.1024878687365458,-0.17573905575401808
tmax_mean,2026,2,Andina,22.931775711262933,2026-02-01,24.223562754304364,-1.291787043041431,-0.24144971981469845
tmax_mean,2026,3,Andina,23.657017003858314,2026-03-01,24.1532379563675,-0.4962209525091872,-0.2594662758714712
tmax_mean,1991,1,Caribe,29.992941141061372,1991-01-01,30.079890834807877,-0.08694969374650441,
tmax_mean,1991,2,Caribe,31.278552549001912,1991-02-01,31.335329989776998,-0.05677744077508606,
tmax_mean,1991,3,Caribe,30.965908932400843,1991-03-01,31.17120337851442,-0.2052944461135766,
tmax_mean,1991,4,Caribe,29.71181919906516,1991-04-01,29.976473688334675,-0.26465448926951396,
tmax_mean,1991,5,Caribe,28.516114742085165,1991-05-01,29.134100981733482,-0.6179862396483173,
tmax_mean,1991,6,Caribe,28.925920622324007,1991-06-01,29.368963217748224,-0.44304259542421676,
tmax_mean,1991,7,Caribe,29.342591599477867,1991-07-01,29.6635621256415,-0.3209705261636344,
tmax_mean,1991,8,Caribe,29.640499324114117,1991-08-01,29.660148907125198,-0.01964958301108055,
tmax_mean,1991,9,Caribe,28.91843745983482,1991-09-01,29.033751616121204,-0.11531415628638442,
tmax_mean,1991,10,Caribe,28.17268944360651,1991-10-01,28.400810886369904,-0.22812144276339197,
tmax_mean,1991,11,Caribe,27.770310105151967,1991-11-01,28.101452982679763,-0.33114287752779603,
tmax_mean,1991,12,Caribe,28.372458347048884,1991-12-01,28.806539111952628,-0.4340807649037437,-0.2603320213027705
tmax_mean,1992,1,Caribe,29.50154709498206,1992-01-01,30.079890834807877,-0.5783437398258151,-0.30128152514271306
tmax_mean,1992,2,Caribe,30.329896623010104,1992-02-01,31.335329989776998,-1.0054333667668942,-0.3803361856420304
tmax_mean,1992,3,Caribe,31.699209869248428,1992-03-01,31.17120337851442,0.5280064907340076,-0.3192277742380651
tmax_mean,1992,4,Caribe,30.151680181173038,1992-04-01,29.976473688334675,0.1752064928383632,-0.28257269239574195
tmax_mean,1992,5,Caribe,28.606692100422407,1992-05-01,29.134100981733482,-0.5274088813110751,-0.2750245792009718
tmax_mean,1992,6,Caribe,29.28333841526959,1992-06-01,29.368963217748224,-0.08562480247863391,-0.24523976312217322
tmax_mean,1992,7,Caribe,28.929957662105718,1992-07-01,29.6635621256415,-0.7336044635357837,-0.2796259245698523
tmax_mean,1992,8,Caribe,29.151270350428923,1992-08-01,29.660148907125198,-0.5088785566962741,-0.3203950057102851
tmax_mean,1992,9,Caribe,28.349854603994057,1992-09-01,29.033751616121204,-0.6838970121271473,-0.36777691036368204
tmax_mean,1992,10,Caribe,28.203539419922876,1992-10-01,28.400810886369904,-0.19727146644702742,-0.365206079003985
tmax_mean,1992,11,Caribe,27.800290574821698,1992-11-01,28.101452982679763,-0.30116240785806525,-0.3627077065315074
tmax_mean,1992,12,Caribe,28.268590093441606,1992-12-01,28.806539111952628,-0.5379490185110214,-0.3713633943321139
tmax_mean,1993,1,Caribe,28.836423576926272,1993-01-01,30.079890834807877,-1.2434672578816048,-0.42679035417009636
tmax_mean,1993,2,Caribe,30.274031672571553,1993-02-01,31.335329989776998,-1.0612983172054449,-0.43144576670664225
tmax_mean,1993,3,Caribe,30.186589654640393,1993-03-01,31.17120337851442,-0.9846137238740269,-0.5574974512573118
tmax_mean,1993,4,Caribe,28.9114828068469,1993-04-01,29.976473688334675,-1.0649908814877733,-0.6608472324511565
tmax_mean,1993,5,Caribe,28.21057213423579,1993-05-01,29.134100981733482,-0.9235288474976926,-0.6938572296333746
tmax_mean,1993,6,Caribe,29.518670736708508,1993-06-01,29.368963217748224,0.1497075189602839,-0.6742462028467981
tmax_mean,1993,7,Caribe,29.534614796155136,1993-07-01,29.6635621256415,-0.12894732948636545,-0.62385810834268
tmax_mean,1993,8,Caribe,29.495073732030114,1993-08-01,29.660148907125198,-0.16507517509508318,-0.5952078265425808
tmax_mean,1993,9,Caribe,28.202694358087033,1993-09-01,29.033751616121204,-0.8310572580341713,-0.607471180368166
tmax_mean,1993,10,Caribe,28.6482841118697,1993-10-01,28.400810886369904,0.247473225499796,-0.5704091227059308
tmax_mean,1993,11,Caribe,27.869458599417317,1993-11-01,28.101452982679763,-0.23199438326244604,-0.5646451206562958
tmax_mean,1993,12,Caribe,28.503550221679955,1993-12-01,28.806539111952628,-0.3029888902726725,-0.5450651099697668
tmax_mean,1994,1,Caribe,29.40136233872599,1994-01-01,30.079890834807877,-0.6785284960818885,-0.4979868798197904
tmax_mean,1994,2,Caribe,30.469591767278406,1994-02-01,31.335329989776998,-0.8657382224985923,-0.481690205260886
tmax_mean,1994,3,Caribe,29.58248404407109,1994-03-01,31.17120337851442,-1.5887193344433292,-0.5320323394749945
tmax_mean,1994,4,Caribe,29.021363450743372,1994-04-01,29.976473688334675,-0.9551102375913025,-0.5228756191502887
tmax_mean,1994,5,Caribe,28.83773002848154,1994-05-01,29.134100981733482,-0.29637095325194096,-0.470612461296476
tmax_mean,1994,6,Caribe,29.298480983825566,1994-06-01,29.368963217748224,-0.0704822339226574,-0.48896160737005445
tmax_mean,1994,7,Caribe,29.679089184360596,1994-07-01,29.6635621256415,0.0155270587190941,-0.4769220750195995
tmax_mean,1994,8,Caribe,29.23419159573029,1994-08-01,29.660148907125198,-0.42595731139490667,-0.4986622530445848
tmax_mean,1994,9,Caribe,29.16616821639794,1994-09-01,29.033751616121204,0.1324166002767342,-0.4183727648520093
tmax_mean,1994,10,Caribe,27.924842531760625,1994-10-01,28.400810886369904,-0.4759683546092788,-0.4786595631944322
tmax_mean,1994,11,Caribe,27.802046840042106,1994-11-01,28.101452982679763,-0.2994061426376575,-0.48427720980903316
tmax_mean,1994,12,Caribe,28.97689971851243,1994-12-01,28.806539111952628,0.17036060655980378,-0.44483141840632684
tmax_mean,1995,1,Caribe,31.13403651810734,1995-01-01,30.079890834807877,1.0541456832994633,-0.30044190345788085
tmax_mean,1995,2,Caribe,32.278063533512196,1995-02-01,31.335329989776998,0.9427335437351978,-0.14973592293839832
tmax_mean,1995,3,Caribe,31.278290778594503,1995-03-01,31.17120337851442,0.10708740008008277,-0.008418695061447323
tmax_mean,1995,4,Caribe,30.216701259901594,1995-04-01,29.976473688334675,0.2402275715669191,0.09119278903507115
tmax_mean,1995,5,Caribe,28.993579075411432,1995-05-01,29.134100981733482,-0.14052190632204997,0.10418020961256207
tmax_mean,1995,6,Caribe,29.016776074295983,1995-06-01,29.368963217748224,-0.352187143452241,0.08070480048509676
tmax_mean,1995,7,Caribe,28.928377123560114,1995-07-01,29.6635621256415,-0.735185002081387,0.018145462085056668
tmax_mean,1995,8,Caribe,28.431239195451838,1995-08-01,29.660148907125198,-1.22890971167336,-0.04876723793814778
tmax_mean,1995,9,Caribe,28.885147841866683,1995-09-01,29.033751616121204,-0.14860377425452143,-0.07218560248241908
tmax_mean,1995,10,Caribe,27.686690617776303,1995-10-01,28.400810886369904,-0.7141202685936001,-0.09203159531444587
tmax_mean,1995,11,Caribe,28.20235990714342,1995-11-01,28.101452982679763,0.10090692446365779,-0.05867217305600292
tmax_mean,1995,12,Caribe,28.178723707709906,1995-12-01,28.806539111952628,-0.6278154042427211,-0.12518684062288
tmax_mean,1996,1,Caribe,28.854125737302617,1996-01-01,30.079890834807877,-1.2257650975052599,-0.31517940568994024
tmax_mean,1996,2,Caribe,29.688763972087976,1996-02-01,31.335329989776998,-1.6465660176890218,-0.5309543691419586
tmax_mean,1996,3,Caribe,29.631871393938333,1996-03-01,31.17120337851442,-1.539331984576087,-0.6681559845299727
tmax_mean,1996,4,Caribe,29.693955694285755,1996-04-01,29.976473688334675,-0.28251799404892,-0.7117181149979593
tmax_mean,1996,5,Caribe,28.41790224087652,1996-05-01,29.134100981733482,-0.7161987408569637,-0.7596911845425355
tmax_mean,1996,6,Caribe,28.773314082298686,1996-06-01,29.368963217748224,-0.5956491354495377,-0.7799796838756435
tmax_mean,1996,7,Caribe,28.79183518747475,1996-07-01,29.6635621256415,-0.8717269381667521,-0.7913581785494239
tmax_mean,1996,8,Caribe,29.036549551629957,1996-08-01,29.660148907125198,-0.6235993554952408,-0.740915648867914
tmax_mean,1996,9,Caribe,28.674352203410734,1996-09-01,29.033751616121204,-0.35939941271047005,-0.7584819520725764
tmax_mean,1996,10,Caribe,28.08976229747464,1996-10-01,28.400810886369904,-0.31104858889526454,-0.7248926454310484
tmax_mean,1996,11,Caribe,27.940122358712514,1996-11-01,28.101452982679763,-0.16133062396724895,-0.7467457744669573
tmax_mean,1996,12,Caribe,28.608967752960933,1996-12-01,28.806539111952628,-0.19757135899169498,-0.7108921040293718
tmax_mean,1997,1,Caribe,29.291990115960164,1997-01-01,30.079890834807877,-0.7879007188477125,-0.6744034058079095
tmax_mean,1997,2,Caribe,30.48356057881675,1997-02-01,31.335329989776998,-0.851769410960248,-0.6081703552471783
tmax_mean,1997,3,Caribe,31.463832997806335,1997-03-01,31.17120337851442,0.29262961929191533,-0.45550688825817814
tmax_mean,1997,4,Caribe,30.091197936350923,1997-04-01,29.976473688334675,0.11472424801624825,-0.4224033680860808
tmax_mean,1997,5,Caribe,30.058558031174666,1997-05-01,29.134100981733482,0.9244570494411839,-0.28568205222790183
tmax_mean,1997,6,Caribe,29.17806331666665,1997-06-01,29.368963217748224,-0.1908999010815755,-0.251952949363905
tmax_mean,1997,7,Caribe,31.17789945479944,1997-07-01,29.6635621256415,1.5143373291579394,-0.05311426042018071
tmax_mean,1997,8,Caribe,31.576362444553414,1997-08-01,29.660148907125198,1.9162135374282165,0.1585368139901074
tmax_mean,1997,9,Caribe,29.631539508630393,1997-09-01,29.033751616121204,0.5977878925091886,0.2383024227584123
tmax_mean,1997,10,Caribe,29.25640107202041,1997-10-01,28.400810886369904,0.8555901856505059,0.3355223206372265
tmax_mean,1997,11,Caribe,28.908519784924877,1997-11-01,28.101452982679763,0.8070668022451137,0.4162221061549234
tmax_mean,1997,12,Caribe,30.673935698049284,1997-12-01,28.806539111952628,1.8673965860966568,0.5883027682456193
tmax_mean,1998,1,Caribe,32.361129694714705,1998-01-01,30.079890834807877,2.2812388599068285,0.8440643998084978
tmax_mean,1998,2,Caribe,31.811230351947184,1998-02-01,31.335329989776998,0.4759003621701865,0.9547035475693674
tmax_mean,1998,3,Caribe,32.245389252409794,1998-03-01,31.17120337851442,1.0741858738953738,1.0198332354529889
tmax_mean,1998,4,Caribe,30.289474744689425,1998-04-01,29.976473688334675,0.31300105635475006,1.0363563028145306
tmax_mean,1998,5,Caribe,29.533384337315095,1998-05-01,29.134100981733482,0.39928335558161265,0.992591828326233
tmax_mean,1998,6,Caribe,29.609477616231846,1998-06-01,29.368963217748224,0.24051439848362222,1.0285430199566663
tmax_mean,1998,7,Caribe,29.46143302833983,1998-07-01,29.6635621256415,-0.20212909730167183,0.885504151085032
tmax_mean,1998,8,Caribe,29.671587835754572,1998-08-01,29.660148907125198,0.011438928629374345,0.7267729336851284
tmax_mean,1998,9,Caribe,28.764840130600607,1998-09-01,29.033751616121204,-0.2689114855205972,0.6545479855159796
tmax_mean,1998,10,Caribe,28.494950707493302,1998-10-01,28.400810886369904,0.0941398211233988,0.5910937884720541
tmax_mean,1998,11,Caribe,28.128284982924658,1998-11-01,28.101452982679763,0.026832000244894516,0.5260742216387024
tmax_mean,1998,12,Caribe,27.84222837746816,1998-12-01,28.806539111952628,-0.9643107344844672,0.29009861159027545
tmax_mean,1999,1,Caribe,28.89211454261653,1999-01-01,30.079890834807877,-1.187776292191348,0.001014015582094056
tmax_mean,1999,2,Caribe,28.798250218158437,1999-02-01,31.335329989776998,-2.5370797716185614,-0.2500676622336349
tmax_mean,1999,3,Caribe,29.600647698853784,1999-03-01,31.17120337851442,-1.570555679660636,-0.47046279169663574
tmax_mean,1999,4,Caribe,29.395802997407475,1999-04-01,29.976473688334675,-0.5806706909271995,-0.5449354373034648
tmax_mean,1999,5,Caribe,28.713332242269377,1999-05-01,29.134100981733482,-0.42076873946410487,-0.613273111890608
tmax_mean,1999,6,Caribe,28.65653250258787,1999-06-01,29.368963217748224,-0.7124307151603553,-0.6926852046942727
tmax_mean,1999,7,Caribe,29.35923736367267,1999-07-01,29.6635621256415,-0.3043247619688323,-0.7012015100832029
tmax_mean,1999,8,Caribe,28.800480604798505,1999-08-01,29.660148907125198,-0.8596683023266927,-0.7737937793295417
tmax_mean,1999,9,Caribe,27.86356683556651,1999-09-01,29.033751616121204,-1.1701847805546954,-0.84889988724905
tmax_mean,1999,10,Caribe,27.617872370223385,1999-10-01,28.400810886369904,-0.782938516146519,-0.9219897486882097
tmax_mean,1999,11,Caribe,27.200706854859654,1999-11-01,28.101452982679763,-0.9007461278201099,-0.9992879260269601
tmax_mean,1999,12,Caribe,27.106822648990185,1999-12-01,28.806539111952628,-1.6997164629624422,-1.060571736733458
tmax_mean,2000,1,Caribe,28.130238586161887,2000-01-01,30.079890834807877,-1.9496522486459895,-1.124061399771345
tmax_mean,2000,2,Caribe,29.416473115065948,2000-02-01,31.335329989776998,-1.9188568747110502,-1.0725428250290523
tmax_mean,2000,3,Caribe,30.066074741317223,2000-03-01,31.17120337851442,-1.105128637197197,-1.033757238157099
tmax_mean,2000,4,Caribe,29.731419683924173,2000-04-01,29.976473688334675,-0.24505400441050185,-1.0057891809473742
tmax_mean,2000,5,Caribe,28.782434021010513,2000-05-01,29.134100981733482,-0.35166696072296943,-1.000030699385613
tmax_mean,2000,6,Caribe,29.003379644748847,2000-06-01,29.368963217748224,-0.3655835729993768,-0.971126770872198
tmax_mean,2000,7,Caribe,29.274053735447808,2000-07-01,29.6635621256415,-0.38950839019369354,-0.9782254065576031
tmax_mean,2000,8,Caribe,29.750397491903687,2000-08-01,29.660148907125198,0.09024858477848952,-0.8990656659655046
tmax_mean,2000,9,Caribe,28.0724248367076,2000-09-01,29.033751616121204,-0.9613267794136036,-0.8816608325370803
tmax_mean,2000,10,Caribe,28.34617517825259,2000-10-01,28.400810886369904,-0.05463570811731344,-0.8209689318679798
tmax_mean,2000,11,Caribe,27.85640343095106,2000-11-01,28.101452982679763,-0.2450495517287017,-0.7663275505270292
tmax_mean,2000,12,Caribe,28.307891253031443,2000-12-01,28.806539111952628,-0.4986478589211849,-0.6662385001902577
tmax_mean,2001,1,Caribe,29.279358970589044,2001-01-01,30.079890834807877,-0.8005318642188328,-0.5704784681546613
tmax_mean,2001,2,Caribe,31.500503942090898,2001-02-01,31.335329989776998,0.16517395231389997,-0.39680923256924877
tmax_mean,2001,3,Caribe,29.92519242107633,2001-03-01,31.17120337851442,-1.2460109574380915,-0.4085494259226567
tmax_mean,2001,4,Caribe,30.156538607653744,2001-04-01,29.976473688334675,0.18006491931906865,-0.3731228489451925
tmax_mean,2001,5,Caribe,28.851796096950224,2001-05-01,29.134100981733482,-0.2823048847832581,-0.3673426759502165
tmax_mean,2001,6,Caribe,29.586009905081273,2001-06-01,29.368963217748224,0.217046687333049,-0.3187901542558477
tmax_mean,2001,7,Caribe,29.51921001466195,2001-07-01,29.6635621256415,-0.14435211097955047,-0.2983604643213358
tmax_mean,2001,8,Caribe,30.539914053767262,2001-08-01,29.660148907125198,0.8797651466420646,-0.23256741749937118
tmax_mean,2001,9,Caribe,28.90036330451502,2001-09-01,29.033751616121204,-0.1333883116061827,-0.1635725451820861
tmax_mean,2001,10,Caribe,28.634581208954042,2001-10-01,28.400810886369904,0.23377032258413877,-0.13953870929029843
tmax_mean,2001,11,Caribe,27.991732465162958,2001-11-01,28.101452982679763,-0.10972051751680567,-0.12826128977264042
tmax_mean,2001,12,Caribe,28.219646465629445,2001-12-01,28.806539111952628,-0.5868926463231823,-0.1356150220561402
tmax_mean,2002,1,Caribe,29.903708651298118,2002-01-01,30.079890834807877,-0.17618218350975923,-0.08358588199705075
tmax_mean,2002,2,Caribe,31.30689138202205,2002-02-01,31.335329989776998,-0.028438607754946332,-0.09972026200278794
tmax_mean,2002,3,Caribe,31.982982003286626,2002-03-01,31.17120337851442,0.8117786247722059,0.07176220318140351
tmax_mean,2002,4,Caribe,29.800270905280378,2002-04-01,29.976473688334675,-0.17620278305429693,0.04207322798362304
tmax_mean,2002,5,Caribe,30.125137600929293,2002-05-01,29.134100981733482,0.9910366191958104,0.14818501998187875
tmax_mean,2002,6,Caribe,29.348294445900535,2002-06-01,29.368963217748224,-0.02066877184768856,0.12837539838348397
tmax_mean,2002,7,Caribe,30.240705007261035,2002-07-01,29.6635621256415,0.5771428816195332,0.18849998110007427
tmax_mean,2002,8,Caribe,30.436549602100197,2002-08-01,29.660148907125198,0.7764006949749991,0.17988627679448546
tmax_mean,2002,9,Caribe,29.001197121876693,2002-09-01,29.033751616121204,-0.03255449424451129,0.1882890949079581
tmax_mean,2002,10,Caribe,28.88187091053974,2002-10-01,28.400810886369904,0.4810600241698353,0.20889657004009946
tmax_mean,2002,11,Caribe,29.258576226456093,2002-11-01,28.101452982679763,1.1571232437763292,0.31446688348119406
tmax_mean,2002,12,Caribe,29.92320109237646,2002-12-01,28.806539111952628,1.1166619804238316,0.4564297690434452
tmax_mean,2003,1,Caribe,31.49901667373532,2003-01-01,30.079890834807877,1.4191258389274424,0.5893721042465453
tmax_mean,2003,2,Caribe,32.82281511213635,2003-02-01,31.335329989776998,1.4874851223593488,0.7156990817560699
tmax_mean,2003,3,Caribe,32.3533425476282,2003-03-01,31.17120337851442,1.182139169113782,0.7465624604512012
tmax_mean,2003,4,Caribe,29.938313869168013,2003-04-01,29.976473688334675,-0.03815981916666189,0.7580660407751708
tmax_mean,2003,5,Caribe,29.51324190965474,2003-05-01,29.134100981733482,0.3791409279212594,0.7070747331689583
tmax_mean,2003,6,Caribe,28.62222883388856,2003-06-01,29.368963217748224,-0.7467343838596641,0.6465692655012937
tmax_mean,2003,7,Caribe,29.53348924021078,2003-07-01,29.6635621256415,-0.13007288543072093,0.5876346182471058
tmax_mean,2003,8,Caribe,29.502318057747875,2003-08-01,29.660148907125198,-0.15783084937732283,0.509781989551079
tmax_mean,2003,9,Caribe,28.945573321027563,2003-09-01,29.033751616121204,-0.08817829509364117,0.5051466728136514
tmax_mean,2003,10,Caribe,28.14458752323357,2003-10-01,28.400810886369904,-0.256223363136332,0.44370639053813754
tmax_mean,2003,11,Caribe,28.06932956256072,2003-11-01,28.101452982679763,-0.03212342011904212,0.3446025018801899
tmax_mean,2003,12,Caribe,28.22337442984396,2003-12-01,28.806539111952628,-0.5831646821086665,0.20295028000248175
tmax_mean,2004,1,Caribe,29.368809540622596,2004-01-01,30.079890834807877,-0.7110812941852807,0.02543301890975484
tmax_mean,2004,2,Caribe,31.91382394810981,2004-02-01,31.335329989776998,0.5784939583328104,-0.050316244759123364
tmax_mean,2004,3,Caribe,32.80034911227106,2004-03-01,31.17120337851442,1.629145733756637,-0.013065697705552104
tmax_mean,2004,4,Caribe,29.55079462011857,2004-04-01,29.976473688334675,-0.42567906821610535,-0.04535896845967239
tmax_mean,2004,5,Caribe,29.05791338879478,2004-05-01,29.134100981733482,-0.0761875929387017,-0.08330301186466915
tmax_mean,2004,6,Caribe,29.827959060547492,2004-06-01,29.368963217748224,0.4589958427992684,0.01717450702357522
tmax_mean,2004,7,Caribe,29.0180015713425,2004-07-01,29.6635621256415,-0.6455605542990028,-0.02578279871544827
tmax_mean,2004,8,Caribe,30.08886957458305,2004-08-01,29.660148907125198,0.42872066745785276,0.023096494354149694
tmax_mean,2004,9,Caribe,28.52427481328732,2004-09-01,29.033751616121204,-0.5094768028338841,-0.012011714624203881
tmax_mean,2004,10,Caribe,28.08207330649604,2004-10-01,28.400810886369904,-0.318737579873865,-0.017221232685664962
tmax_mean,2004,11,Caribe,27.762047709334414,2004-11-01,28.101452982679763,-0.3394052733453492,-0.04282805378785722
tmax_mean,2004,12,Caribe,28.660035979411646,2004-12-01,28.806539111952628,-0.1465031325409818,-0.006439591323883498
tmax_mean,2005,1,Caribe,29.527215081525284,2005-01-01,30.079890834807877,-0.5526757532825926,0.006760870418007177
tmax_mean,2005,2,Caribe,31.05027276130422,2005-02-01,31.335329989776998,-0.2850572284727768,-0.06520172848245842
tmax_mean,2005,3,Caribe,31.805291013890702,2005-03-01,31.17120337851442,0.6340876353762823,-0.1481232366808213
tmax_mean,2005,4,Caribe,30.127802081271074,2005-04-01,29.976473688334675,0.15132839293639933,-0.10003928158477926
tmax_mean,2005,5,Caribe,29.010090736417386,2005-05-01,29.134100981733482,-0.1240102453160965,-0.10402450261622882
tmax_mean,2005,6,Caribe,28.978460159048037,2005-06-01,29.368963217748224,-0.39050305870018676,-0.17481607774118343
tmax_mean,2005,7,Caribe,29.53846820590935,2005-07-01,29.6635621256415,-0.12509391973215145,-0.1314438581939458
tmax_mean,2005,8,Caribe,29.207060928442413,2005-08-01,29.660148907125198,-0.4530879786827846,-0.20492791203899893
tmax_mean,2005,9,Caribe,29.18566535268953,2005-09-01,29.033751616121204,0.15191373656832496,-0.1498120337554815
tmax_mean,2005,10,Caribe,28.210923538233065,2005-10-01,28.400810886369904,-0.18988734813683905,-0.13907451444406269
tmax_mean,2005,11,Caribe,27.36089425702133,2005-11-01,28.101452982679763,-0.7405587256584347,-0.17250396880348648
tmax_mean,2005,12,Caribe,28.313130173316964,2005-12-01,28.806539111952628,-0.49340893863566393,-0.20141278597804332
tmax_mean,2006,1,Caribe,29.496614746851673,2006-01-01,30.079890834807877,-0.5832760879562038,-0.20396281386751092
tmax_mean,2006,2,Caribe,30.868987032317577,2006-02-01,31.335329989776998,-0.4663429574594211,-0.21906995794973128
tmax_mean,2006,3,Caribe,30.45185766535654,2006-03-01,31.17120337851442,-0.7193457131578818,-0.3318560703275783
tmax_mean,2006,4,Caribe,28.772115328735158,2006-04-01,29.976473688334675,-1.2043583595995173,-0.444829966372238
tmax_mean,2006,5,Caribe,28.787536590650195,2006-05-01,29.134100981733482,-0.3465643910832874,-0.4633761451861706
tmax_mean,2006,6,Caribe,28.988028326715277,2006-06-01,29.368963217748224,-0.38093489103294687,-0.46257879788056727
tmax_mean,2006,7,Caribe,29.58048261105305,2006-07-01,29.6635621256415,-0.08307951458845153,-0.4590775974519256
tmax_mean,2006,8,Caribe,29.6801226181398,2006-08-01,29.660148907125198,0.01997371101460388,-0.4196557899771432
tmax_mean,2006,9,Caribe,29.39619739479699,2006-09-01,29.033751616121204,0.3624457786757844,-0.4021114531348549
tmax_mean,2006,10,Caribe,28.558797976988686,2006-10-01,28.400810886369904,0.15798709061878213,-0.3731219165718865
tmax_mean,2006,11,Caribe,28.151003836730325,2006-11-01,28.101452982679763,0.04955085405056181,-0.3072794515961368
tmax_mean,2006,12,Caribe,28.85198604530206,2006-12-01,28.806539111952628,0.04544693334943162,-0.2623747955973788
tmax_mean,2007,1,Caribe,30.810731568353695,2007-01-01,30.079890834807877,0.7308407335458185,-0.1528650604722103
tmax_mean,2007,2,Caribe,32.534851318868434,2007-02-01,31.335329989776998,1.1995213290914357,-0.014043036592972236
tmax_mean,2007,3,Caribe,31.31845221800547,2007-03-01,31.17120337851442,0.1472488394910485,0.05817317612777195
tmax_mean,2007,4,Caribe,28.969050065346785,2007-04-01,29.976473688334675,-1.00742362298789,0.0745844041787409
tmax_mean,2007,5,Caribe,28.32542022338248,2007-05-01,29.134100981733482,-0.8086807583510023,0.03607470690643133
tmax_mean,2007,6,Caribe,29.31222393068612,2007-06-01,29.368963217748224,-0.05673928706210418,0.06309100723733489
tmax_mean,2007,7,Caribe,29.3949338832568,2007-07-01,29.6635621256415,-0.2686282423847004,0.047628613254314146
tmax_mean,2007,8,Caribe,28.388092004946184,2007-08-01,29.660148907125198,-1.2720569021790133,-0.06004060451182062
tmax_mean,2007,9,Caribe,28.7053175632323,2007-09-01,29.033751616121204,-0.32843405288890537,-0.1176139238088781
tmax_mean,2007,10,Caribe,27.611511808060875,2007-10-01,28.400810886369904,-0.7892990783090283,-0.19655443788619564
tmax_mean,2007,11,Caribe,28.06005699649053,2007-11-01,28.101452982679763,-0.041395986189233014,-0.20413334123951188
tmax_mean,2007,12,Caribe,27.787447938837293,2007-12-01,28.806539111952628,-1.019091173115335,-0.29284485011157574
tmax_mean,2008,1,Caribe,29.62862334426399,2008-01-01,30.079890834807877,-0.4512674905438878,-0.39135386878571793
tmax_mean,2008,2,Caribe,30.3457461738811,2008-02-01,31.335329989776998,-0.9895838158958981,-0.5737792975346624
tmax_mean,2008,3,Caribe,30.352172124078656,2008-03-01,31.17120337851442,-0.8190312544357639,-0.6543026386952301
tmax_mean,2008,4,Caribe,29.726887280343515,2008-04-01,29.976473688334675,-0.24958640799115983,-0.5911495374455026
tmax_mean,2008,5,Caribe,28.310457777902357,2008-05-01,29.134100981733482,-0.823643203831125,-0.5923964079021795
tmax_mean,2008,6,Caribe,28.79781990809618,2008-06-01,29.368963217748224,-0.5711433096520437,-0.6352634097846744
tmax_mean,2008,7,Caribe,28.63619521953006,2008-07-01,29.6635621256415,-1.0273669061114425,-0.698491631761903
tmax_mean,2008,8,Caribe,28.568915804926615,2008-08-01,29.660148907125198,-1.0912331021985828,-0.6834229817635338
tmax_mean,2008,9,Caribe,28.739203213074177,2008-09-01,29.033751616121204,-0.29454840304702756,-0.680599177610044
tmax_mean,2008,10,Caribe,28.0285165161555,2008-10-01,28.400810886369904,-0.37229437021440503,-0.6458487852688254
tmax_mean,2008,11,Caribe,27.211306401563878,2008-11-01,28.101452982679763,-0.8901465811158857,-0.7165780015127131
tmax_mean,2008,12,Caribe,28.245206454494866,2008-12-01,28.806539111952628,-0.5613326574577613,-0.6784314585412486
tmax_mean,2009,1,Caribe,29.41153567473491,2009-01-01,30.079890834807877,-0.6683551600729665,-0.6965220976686718
tmax_mean,2009,2,Caribe,30.521799566888024,2009-02-01,31.335329989776998,-0.8135304228889737,-0.6818509815847614
tmax_mean,2009,3,Caribe,29.90608563166409,2009-03-01,31.17120337851442,-1.2651177468503292,-0.7190248559526419
tmax_mean,2009,4,Caribe,30.374264450299215,2009-04-01,29.976473688334675,0.39779076196454,-0.6650767584563336
tmax_mean,2009,5,Caribe,28.83867712405886,2009-05-01,29.134100981733482,-0.29542385767462065,-0.6210584796099582
tmax_mean,2009,6,Caribe,28.911146251635234,2009-06-01,29.368963217748224,-0.45781696611298983,-0.6116146176483704
tmax_mean,2009,7,Caribe,29.85378523705303,2009-07-01,29.6635621256415,0.19022311141153025,-0.5101487828547894
tmax_mean,2009,8,Caribe,29.597359338904763,2009-08-01,29.660148907125198,-0.06278956822043469,-0.424445155023277
tmax_mean,2009,9,Caribe,29.919352141071656,2009-09-01,29.033751616121204,0.8856005249504513,-0.3260994110234871
tmax_mean,2009,10,Caribe,28.943190595278086,2009-10-01,28.400810886369904,0.5423797089081823,-0.2498765710966048
tmax_mean,2009,11,Caribe,28.43699073905266,2009-11-01,28.101452982679763,0.3355377563728972,-0.14773620963920622
tmax_mean,2009,12,Caribe,29.530817900612917,2009-12-01,28.806539111952628,0.724278788660289,-0.040601922462702035
tmax_mean,2010,1,Caribe,31.225243376512655,2010-01-01,30.079890834807877,1.1453525417047778,0.11054038601877665
tmax_mean,2010,2,Caribe,32.02898717535634,2010-02-01,31.335329989776998,0.6936571855793439,0.23613935339113645
tmax_mean,2010,3,Caribe,30.603758344336434,2010-03-01,31.17120337851442,-0.567445034177986,0.2942787461138317
tmax_mean,2010,4,Caribe,29.976624657823518,2010-04-01,29.976473688334675,0.00015096948884263384,0.2611420967408569
tmax_mean,2010,5,Caribe,29.539807258656865,2010-05-01,29.134100981733482,0.40570627692338235,0.31956960795735717
tmax_mean,2010,6,Caribe,28.71875534839487,2010-06-01,29.368963217748224,-0.6502078693533555,0.30353703268732674
tmax_mean,2010,7,Caribe,28.355412337450982,2010-07-01,29.6635621256415,-1.3081497881905193,0.17867262438715592
tmax_mean,2010,8,Caribe,28.579215093858892,2010-08-01,29.660148907125198,-1.0809338132663058,0.09382727063333333
tmax_mean,2010,9,Caribe,28.186867154808176,2010-09-01,29.033751616121204,-0.846884461313028,-0.050546478221956605
tmax_mean,2010,10,Caribe,28.028328335211473,2010-10-01,28.400810886369904,-0.37248255115843065,-0.12678499989417436
tmax_mean,2010,11,Caribe,26.8240249418934,2010-11-01,28.101452982679763,-1.277428040786365,-0.26119881632411285
tmax_mean,2010,12,Caribe,26.77019965158971,2010-12-01,28.806539111952628,-2.0363394603629175,-0.49125033707604676
tmax_mean,2011,1,Caribe,28.908255876800585,2011-01-01,30.079890834807877,-1.1716349580072922,-0.6843326287187192
tmax_mean,2011,2,Caribe,30.179810936886625,2011-02-01,31.335329989776998,-1.155519052890373,-0.8384306485911956
tmax_mean,2011,3,Caribe,28.99667067136669,2011-03-01,31.17120337851442,-2.17453270714773,-0.9723546213386743
tmax_mean,2011,4,Caribe,28.598576961752215,2011-04-01,29.976473688334675,-1.3778967265824598,-1.0871919293446162
tmax_mean,2011,5,Caribe,28.536600488347663,2011-05-01,29.134100981733482,-0.5975004933858195,-1.1707924935370497
tmax_mean,2011,6,Caribe,28.88719333850929,2011-06-01,29.368963217748224,-0.4817698792389322,-1.1567559943608476
tmax_mean,2011,7,Caribe,28.828986349665854,2011-07-01,29.6635621256415,-0.8345757759756474,-1.1172914933429416
tmax_mean,2011,8,Caribe,29.04766409756162,2011-08-01,29.660148907125198,-0.6124848095635791,-1.0782540763677144
tmax_mean,2011,9,Caribe,28.696867010179744,2011-09-01,29.033751616121204,-0.3368846059414601,-1.0357540884200838
tmax_mean,2011,10,Caribe,27.211232390844813,2011-10-01,28.400810886369904,-1.1895784955250903,-1.1038454171173055
tmax_mean,2011,11,Caribe,27.15899368854868,2011-11-01,28.101452982679763,-0.9424592941310834,-1.075931354896032
tmax_mean,2011,12,Caribe,27.641488939954606,2011-12-01,28.806539111952628,-1.165050171998022,-1.0033239141989574
tmax_mean,2012,1,Caribe,29.25292861581849,2012-01-01,30.079890834807877,-0.8269622189893866,-0.9746011859474653
tmax_mean,2012,2,Caribe,31.175960803270048,2012-02-01,31.335329989776998,-0.1593691865069502,-0.89158869708218
tmax_mean,2012,3,Caribe,31.326271141218257,2012-03-01,31.17120337851442,0.15506776270383682,-0.6974553245945495
tmax_mean,2012,4,Caribe,28.382179699830772,2012-04-01,29.976473688334675,-1.5942939885039031,-0.7154884297546698
tmax_mean,2012,5,Caribe,28.981123681642796,2012-05-01,29.134100981733482,-0.15297730009068644,-0.6784448303134086
tmax_mean,2012,6,Caribe,29.594346706788695,2012-06-01,29.368963217748224,0.22538348904047112,-0.6195153829567918
tmax_mean,2012,7,Caribe,29.903199182405533,2012-07-01,29.6635621256415,0.2396370567640318,-0.5299976468951518
tmax_mean,2012,8,Caribe,29.367583451540806,2012-08-01,29.660148907125198,-0.2925654555843913,-0.5033377007302194
tmax_mean,2012,9,Caribe,29.649401758337564,2012-09-01,29.033751616121204,0.61565014221636,-0.42395980505040115
tmax_mean,2012,10,Caribe,28.07037769236026,2012-10-01,28.400810886369904,-0.3304331940096432,-0.3523643632574472
tmax_mean,2012,11,Caribe,28.481599342880344,2012-11-01,28.101452982679763,0.38014636020058035,-0.24214722539647524
tmax_mean,2012,12,Caribe,28.909992629283252,2012-12-01,28.806539111952628,0.10345351733062458,-0.136438584619088
tmax_mean,2013,1,Caribe,31.33995305090053,2013-01-01,30.079890834807877,1.2600622160926527,0.03748011830441526
tmax_mean,2013,2,Caribe,31.501502280735302,2013-02-01,31.335329989776998,0.1661722909583041,0.06460857475985311
tmax_mean,2013,3,Caribe,30.083911126504102,2013-03-01,31.17120337851442,-1.087292252010318,-0.03892142646632646
tmax_mean,2013,4,Caribe,30.210427061392327,2013-04-01,29.976473688334675,0.23395337305765196,0.1134325203304698
tmax_mean,2013,5,Caribe,28.847895707235153,2013-05-01,29.134100981733482,-0.2862052744983288,0.10233018912983294
tmax_mean,2013,6,Caribe,29.395962917138505,2013-06-01,29.368963217748224,0.026999699390280796,0.08579820665898374
tmax_mean,2013,7,Caribe,29.786225058430443,2013-07-01,29.6635621256415,0.12266293278894125,0.07605036299439287
tmax_mean,2013,8,Caribe,29.133172563142573,2013-08-01,29.660148907125198,-0.5269763439826249,0.05651612229454006
tmax_mean,2013,9,Caribe,28.738012880736267,2013-09-01,29.033751616121204,-0.295738735384937,-0.01943295083890136
tmax_mean,2013,10,Caribe,28.729803498715356,2013-10-01,28.400810886369904,0.3289926123454521,0.035519199690689916
tmax_mean,2013,11,Caribe,28.136353321873642,2013-11-01,28.101452982679763,0.03490033919387869,0.006748697940131443
tmax_mean,2013,12,Caribe,29.181339569041906,2013-12-01,28.806539111952628,0.3748004570892789,0.0293609429200193
tmax_mean,2014,1,Caribe,30.544696797269776,2014-01-01,30.079890834807877,0.46480596246189876,-0.03691041154921019
tmax_mean,2014,2,Caribe,31.862774505141868,2014-02-01,31.335329989776998,0.5274445153648699,-0.006804392848663039
tmax_mean,2014,3,Caribe,31.240642786519548,2014-03-01,31.17120337851442,0.06943940800512749,0.08958991215262409
tmax_mean,2014,4,Caribe,31.04116609820085,2014-04-01,29.976473688334675,1.0646924098661756,0.15881816522000106
tmax_mean,2014,5,Caribe,29.321638892022357,2014-05-01,29.134100981733482,0.18753791028887434,0.198296763952268
tmax_mean,2014,6,Caribe,30.421273185316256,2014-06-01,29.368963217748224,1.052309967568032,0.28373928630041395
tmax_mean,2014,7,Caribe,31.278832882113722,2014-07-01,29.6635621256415,1.6152707564722206,0.4081232716073539
tmax_mean,2014,8,Caribe,29.900170297908637,2014-08-01,29.660148907125198,0.24002139078343987,0.47203974950452593
tmax_mean,2014,9,Caribe,29.25958840527435,2014-09-01,29.033751616121204,0.22583678915314565,0.5155043765493662
tmax_mean,2014,10,Caribe,28.448079240877803,2014-10-01,28.400810886369904,0.047268354507899346,0.49202735506290346
tmax_mean,2014,11,Caribe,28.316002631388123,2014-11-01,28.101452982679763,0.2145496487083598,0.5069981308557768
tmax_mean,2014,12,Caribe,29.007600365537034,2014-12-01,28.806539111952628,0.20106125358440607,0.49251986389703745
tmax_mean,2015,1,Caribe,30.795428407172263,2015-01-01,30.079890834807877,0.7155375723643864,0.5134141647222448
tmax_mean,2015,2,Caribe,31.29274811248791,2015-02-01,31.335329989776998,-0.0425818772890878,0.465911965334415
tmax_mean,2015,3,Caribe,31.799592918618643,2015-03-01,31.17120337851442,0.628389540104223,0.5124911430093396
tmax_mean,2015,4,Caribe,30.715507673576262,2015-04-01,29.976473688334675,0.739033985241587,0.48535294095729054
tmax_mean,2015,5,Caribe,30.35813619094868,2015-05-01,29.134100981733482,1.2240352092151987,0.5717277158678176
tmax_mean,2015,6,Caribe,31.053726009122286,2015-06-01,29.368963217748224,1.6847627913740624,0.6244321178516534
tmax_mean,2015,7,Caribe,30.605629633814715,2015-07-01,29.6635621256415,0.9420675081732135,0.5683318471600695
tmax_mean,2015,8,Caribe,30.751099634728657,2015-08-01,29.660148907125198,1.0909507276034596,0.6392426252284045
tmax_mean,2015,9,Caribe,30.5139830273582,2015-09-01,29.033751616121204,1.4802314112369963,0.7437755104020587
tmax_mean,2015,10,Caribe,29.583509405360147,2015-10-01,28.400810886369904,1.182698518990243,0.8383946907755874
tmax_mean,2015,11,Caribe,28.80282806728205,2015-11-01,28.101452982679763,0.7013750846022866,0.8789634771000813
tmax_mean,2015,12,Caribe,30.624665262368552,2015-12-01,28.806539111952628,1.8181261504159245,1.0137188851693744
tmax_mean,2016,1,Caribe,31.161340779461536,2016-01-01,30.079890834807877,1.0814499446536594,1.0442115828601473
tmax_mean,2016,2,Caribe,33.208842084921244,2016-02-01,31.335329989776998,1.873512095144246,1.203886080562925
tmax_mean,2016,3,Caribe,33.81036958566901,2016-03-01,31.17120337851442,2.639166207154588,1.3714508028171222
tmax_mean,2016,4,Caribe,31.060512834814368,2016-04-01,29.976473688334675,1.084039146479693,1.4002012329202975
tmax_mean,2016,5,Caribe,29.794616854828647,2016-05-01,29.134100981733482,0.6605158730951644,1.353241288243628
tmax_mean,2016,6,Caribe,29.75973890409278,2016-06-01,29.368963217748224,0.3907756863445577,1.2454090294911693
tmax_mean,2016,7,Caribe,29.829788831836666,2016-07-01,29.6635621256415,0.16622670619516455,1.180755629326332
tmax_mean,2016,8,Caribe,30.434642813902308,2016-08-01,29.660148907125198,0.7744939067771099,1.1543842275908027
tmax_mean,2016,9,Caribe,29.49005627552678,2016-09-01,29.033751616121204,0.45630465940557485,1.0690569982715177
tmax_mean,2016,10,Caribe,28.319377836197024,2016-10-01,28.400810886369904,-0.08143305017287972,0.9637127008412575
tmax_mean,2016,11,Caribe,27.984847399465682,2016-11-01,28.101452982679763,-0.11660558321408132,0.8955476451898935
tmax_mean,2016,12,Caribe,28.90319865789415,2016-12-01,28.806539111952628,0.09665954594152382,0.7520920948170268
tmax_mean,2017,1,Caribe,30.4586963205347,2017-01-01,30.079890834807877,0.37880548572682216,0.693538389906457
tmax_mean,2017,2,Caribe,32.641036726367254,2017-02-01,31.335329989776998,1.3057067365902562,0.6462212766936245
tmax_mean,2017,3,Caribe,31.044911263626176,2017-03-01,31.17120337851442,-0.1262921148882441,0.41576641652338847
tmax_mean,2017,4,Caribe,31.308503391654725,2017-04-01,29.976473688334675,1.3320297033200497,0.43643229626008484
tmax_mean,2017,5,Caribe,29.440799628145342,2017-05-01,29.134100981733482,0.30669864641185995,0.4069475273698095
tmax_mean,2017,6,Caribe,29.52550142366408,2017-06-01,29.368963217748224,0.15653820591585443,0.3874277373340842
tmax_mean,2017,7,Caribe,30.278411032775075,2017-07-01,29.6635621256415,0.6148489071335739,0.4248129207456183
tmax_mean,2017,8,Caribe,29.987037575532497,2017-08-01,29.660148907125198,0.3268886684072996,0.3875124842148008
tmax_mean,2017,9,Caribe,29.6854457746187,2017-09-01,29.033751616121204,0.6516941584974951,0.4037949424724608
tmax_mean,2017,10,Caribe,29.558561206851937,2017-10-01,28.400810886369904,1.1577503204820339,0.5070602233603703
tmax_mean,2017,11,Caribe,28.687348912405447,2017-11-01,28.101452982679763,0.5858959297256838,0.5656020161053507
tmax_mean,2017,12,Caribe,29.878112364598973,2017-12-01,28.806539111952628,1.0715732526463455,0.6468448249974191
tmax_mean,2018,1,Caribe,29.941655333793697,2018-01-01,30.079890834807877,-0.13823550101417936,0.6037580761023357
tmax_mean,2018,2,Caribe,32.177422666622164,2018-02-01,31.335329989776998,0.8420926768451658,0.5651235711235781
tmax_mean,2018,3,Caribe,32.48025894810068,2018-03-01,31.17120337851442,1.3090555695862633,0.6847358781631204
tmax_mean,2018,4,Caribe,30.198787198875184,2018-04-01,29.976473688334675,0.22231351054050918,0.5922595287648255
tmax_mean,2018,5,Caribe,29.00559945269201,2018-05-01,29.134100981733482,-0.12850152904147194,0.5559928474770478
tmax_mean,2018,6,Caribe,29.954044834804357,2018-06-01,29.368963217748224,0.585081617056133,0.5917047984054044
tmax_mean,2018,7,Caribe,30.5918769116608,2018-07-01,29.6635621256415,0.9283147860192997,0.6178269549792148
tmax_mean,2018,8,Caribe,30.863944858696104,2018-08-01,29.660148907125198,1.203795951570907,0.6909025619095154
tmax_mean,2018,9,Caribe,29.5246952490953,2018-09-01,29.033751616121204,0.49094363297409416,0.6775066847825654
tmax_mean,2018,10,Caribe,28.65418581477803,2018-10-01,28.400810886369904,0.25337492840812814,0.6021420687764065
tmax_mean,2018,11,Caribe,29.26891310631371,2018-11-01,28.101452982679763,1.1674601236339477,0.6506057516020952
tmax_mean,2018,12,Caribe,30.930755427820305,2018-12-01,28.806539111952628,2.1242163158676775,0.7383260068705395
tmax_mean,2019,1,Caribe,31.906092253697274,2019-01-01,30.079890834807877,1.8262014188893971,0.9020290835291709
tmax_mean,2019,2,Caribe,32.94055718172671,2019-02-01,31.335329989776998,1.6052271919497123,0.9656236264545498
tmax_mean,2019,3,Caribe,32.39037791621335,2019-03-01,31.17120337851442,1.2191745376989331,0.958133540463939
tmax_mean,2019,4,Caribe,31.24403033926977,2019-04-01,29.976473688334675,1.267556650935095,1.045237135496821
tmax_mean,2019,5,Caribe,29.80838382451227,2019-05-01,29.134100981733482,0.674282842778787,1.1121358331485094
tmax_mean,2019,6,Caribe,30.314740696674814,2019-06-01,29.368963217748224,0.9457774789265905,1.142193821637714
tmax_mean,2019,7,Caribe,31.032793876367084,2019-07-01,29.6635621256415,1.3692317507255822,1.1789369020299043
tmax_mean,2019,8,Caribe,31.307268330612736,2019-08-01,29.660148907125198,1.6471194234875384,1.2158805246896236
tmax_mean,2019,9,Caribe,30.245052411664826,2019-09-01,29.033751616121204,1.2113007955436217,1.2759102882370843
tmax_mean,2019,10,Caribe,28.874935319060697,2019-10-01,28.400810886369904,0.4741244326907932,1.2943060802606396
tmax_mean,2019,11,Caribe,29.46401574197799,2019-11-01,28.101452982679763,1.3625627592982248,1.3105646332326628
tmax_mean,2019,12,Caribe,30.37448377249653,2019-12-01,28.806539111952628,1.5679446605439011,1.2642086619556814
tmax_mean,2020,1,Caribe,31.540910633741213,2020-01-01,30.079890834807877,1.4610197989333358,1.2337768602926762
tmax_mean,2020,2,Caribe,33.35615160072558,2020-02-01,31.335329989776998,2.020821610948584,1.2684097285425822
tmax_mean,2020,3,Caribe,33.74331255272138,2020-03-01,31.17120337851442,2.5721091742069575,1.3811542815849176
tmax_mean,2020,4,Caribe,31.926959570245916,2020-04-01,29.976473688334675,1.9504858819112414,1.4380650508329298
tmax_mean,2020,5,Caribe,30.897857070949946,2020-05-01,29.134100981733482,1.7637560892164643,1.5288544880360695
tmax_mean,2020,6,Caribe,29.807488351384485,2020-06-01,29.368963217748224,0.43852513363626144,1.4865834592618754
tmax_mean,2020,7,Caribe,29.621347547051716,2020-07-01,29.6635621256415,-0.04221457858978539,1.3689629318189283
tmax_mean,2020,8,Caribe,29.63581438631752,2020-08-01,29.660148907125198,-0.024334520807677507,1.2296751031276603
tmax_mean,2020,9,Caribe,29.176408315368548,2020-09-01,29.033751616121204,0.14265669924734325,1.1406214284363037
tmax_mean,2020,10,Caribe,29.00867471649957,2020-10-01,28.400810886369904,0.6078638301296664,1.1517663782228764
tmax_mean,2020,11,Caribe,28.13822069304174,2020-11-01,28.101452982679763,0.03676771036197479,1.0412834574781888
tmax_mean,2020,12,Caribe,29.37942241927538,2020-12-01,28.806539111952628,0.5728833073227513,0.9583616780430931
tmax_mean,2021,1,Caribe,31.102286359348668,2021-01-01,30.079890834807877,1.0223955245407907,0.9218096551770477
tmax_mean,2021,2,Caribe,32.71571490730458,2021-02-01,31.335329989776998,1.3803849175275822,0.8684399307252976
tmax_mean,2021,3,Caribe,32.10521095983244,2021-03-01,31.17120337851442,0.9340075813180206,0.7319314646512195
tmax_mean,2021,4,Caribe,29.77911163884541,2021-04-01,29.976473688334675,-0.19736204948926428,0.5529441370345106
tmax_mean,2021,5,Caribe,29.537821173833695,2021-05-01,29.134100981733482,0.4037201921002129,0.43960781227482304
tmax_mean,2021,6,Caribe,28.971267338040015,2021-06-01,29.368963217748224,-0.3976958797082091,0.3699227278294505
tmax_mean,2021,7,Caribe,29.835662064163362,2021-07-01,29.6635621256415,0.17209993852186045,0.38778227092208767
tmax_mean,2021,8,Caribe,29.066275984614357,2021-08-01,29.660148907125198,-0.5938729225108403,0.34032073744682406
tmax_mean,2021,9,Caribe,29.21692487053092,2021-09-01,29.033751616121204,0.18317325440971644,0.3436971170436885
tmax_mean,2021,10,Caribe,28.766491589403792,2021-10-01,28.400810886369904,0.3656807030338882,0.323515189785707
tmax_mean,2021,11,Caribe,28.629954115460563,2021-11-01,28.101452982679763,0.5285011327808,0.3644929749872758
tmax_mean,2021,12,Caribe,29.547496686524905,2021-12-01,28.806539111952628,0.7409575745722776,0.3784991639247363
tmax_mean,2022,1,Caribe,30.622948251221402,2022-01-01,30.079890834807877,0.5430574164135251,0.3385543215807975
tmax_mean,2022,2,Caribe,31.63465929929815,2022-02-01,31.335329989776998,0.299329309521152,0.2484663542469283
tmax_mean,2022,3,Caribe,30.832697826734435,2022-03-01,31.17120337851442,-0.33850555177998487,0.14242359315542785
tmax_mean,2022,4,Caribe,29.44931754176458,2022-04-01,29.976473688334675,-0.5271561465700962,0.11494075173202518
tmax_mean,2022,5,Caribe,29.248668698725503,2022-05-01,29.134100981733482,0.11456771699202051,0.09084471213967582
tmax_mean,2022,6,Caribe,28.259872596086694,2022-06-01,29.368963217748224,-1.1090906216615295,0.03156181697689912
tmax_mean,2022,7,Caribe,29.249431960236635,2022-07-01,29.6635621256415,-0.4141301654048668,-0.017290691683661485
tmax_mean,2022,8,Caribe,29.097501363931382,2022-08-01,29.660148907125198,-0.5626475431938154,-0.014688576740576073
tmax_mean,2022,9,Caribe,28.828926927806798,2022-09-01,29.033751616121204,-0.2048246883144067,-0.047021738634253
tmax_mean,2022,10,Caribe,28.288399140676304,2022-10-01,28.400810886369904,-0.11241174569359913,-0.08686277602821028
tmax_mean,2022,11,Caribe,27.801147002888865,2022-11-01,28.101452982679763,-0.3003059797908989,-0.15593003540918518
tmax_mean,2022,12,Caribe,29.32049320771171,2022-12-01,28.806539111952628,0.5139540957590825,-0.17484699197695144
tmax_mean,2023,1,Caribe,29.88203450239527,2023-01-01,30.079890834807877,-0.1978563324126057,-0.23658980437912902
tmax_mean,2023,2,Caribe,32.39657676626519,2023-02-01,31.335329989776998,1.0612467764881934,-0.17309668213187557
tmax_mean,2023,3,Caribe,31.20249988096584,2023-03-01,31.17120337851442,0.03129650245141846,-0.14227984427925863
tmax_mean,2023,4,Caribe,30.94474150391153,2023-04-01,29.976473688334675,0.9682678155768549,-0.01766118076701269
tmax_mean,2023,5,Caribe,30.88558531597627,2023-05-01,29.134100981733482,1.7514843342427895,0.11874853733721806
tmax_mean,2023,6,Caribe,30.241285087674992,2023-06-01,29.368963217748224,0.8723218699267683,0.2838662449695762
tmax_mean,2023,7,Caribe,30.93954416404338,2023-07-01,29.6635621256415,1.275982038401878,0.42470892862013826
tmax_mean,2023,8,Caribe,31.077890863255455,2023-08-01,29.660148907125198,1.417741956130257,0.5897413868971443
tmax_mean,2023,9,Caribe,30.899736274653574,2023-09-01,29.033751616121204,1.8659846585323692,0.762308832467709
tmax_mean,2023,10,Caribe,29.540581251782328,2023-10-01,28.400810886369904,1.1397703654124243,0.8666573417265443
tmax_mean,2023,11,Caribe,29.267649086856938,2023-11-01,28.101452982679763,1.1661961041771747,0.9888658487238837
tmax_mean,2023,12,Caribe,30.9481345031341,2023-12-01,28.806539111952628,2.141595391181472,1.1245026233424162
tmax_mean,2024,1,Caribe,32.86215010000432,2024-01-01,30.079890834807877,2.782259265196444,1.372845589809837
tmax_mean,2024,2,Caribe,31.86054886359899,2024-02-01,31.335329989776998,0.5252188738219914,1.3281765979209867
tmax_mean,2024,3,Caribe,33.47917310434657,2024-03-01,31.17120337851442,2.3079697258321517,1.5178993665360478
tmax_mean,2024,4,Caribe,32.088965793630685,2024-04-01,29.976473688334675,2.1124921052960097,1.613251390679311
tmax_mean,2024,5,Caribe,30.163909772628184,2024-05-01,29.134100981733482,1.0298087908947018,1.55311176206697
tmax_mean,2024,6,Caribe,29.570650925416167,2024-06-01,29.368963217748224,0.20168770766794353,1.4972255818787348
tmax_mean,2024,7,Caribe,30.45772959576446,2024-07-01,29.6635621256415,0.7941674701229573,1.4570743678554914
tmax_mean,2024,8,Caribe,30.249183595493793,2024-08-01,29.660148907125198,0.5890346883685957,1.388015428875353
tmax_mean,2024,9,Caribe,29.78619400315107,2024-09-01,29.033751616121204,0.7524423870298662,1.2952202395834778
tmax_mean,2024,10,Caribe,29.423033579609243,2024-10-01,28.400810886369904,1.022222693239339,1.2854246002357206
tmax_mean,2024,11,Caribe,28.01315434346678,2024-11-01,28.101452982679763,-0.08829863921298298,1.1808833716198741
tmax_mean,2024,12,Caribe,29.535117293157427,2024-12-01,28.806539111952628,0.7285781812047993,1.0631319374551513
tmax_mean,2025,1,Caribe,30.59583255317343,2025-01-01,30.079890834807877,0.5159417183655535,0.8742721418859105
tmax_mean,2025,2,Caribe,31.510578947338647,2025-02-01,31.335329989776998,0.17524895756164938,0.8451079821975487
tmax_mean,2025,3,Caribe,31.326845710311492,2025-03-01,31.17120337851442,0.15564233179707188,0.6657473660279587
tmax_mean,2025,4,Caribe,30.25192731937061,2025-04-01,29.976473688334675,0.27545363103593345,0.5126608265062856
tmax_mean,2025,5,Caribe,29.516903295614014,2025-05-01,29.134100981733482,0.3828023138805321,0.4587436200884382
tmax_mean,2025,6,Caribe,29.461932526229827,2025-06-01,29.368963217748224,0.09296930848160301,0.4496837534895765
tmax_mean,2025,7,Caribe,30.602021795307312,2025-07-01,29.6635621256415,0.9384596696658107,0.46170810345148094
tmax_mean,2025,8,Caribe,30.24161892754301,2025-08-01,29.660148907125198,0.5814700204178109,0.4610777144555822
tmax_mean,2025,9,Caribe,29.8306399644596,2025-09-01,29.033751616121204,0.7968883483383955,0.46478154456462634
tmax_mean,2025,10,Caribe,28.55357107886697,2025-10-01,28.400810886369904,0.15276019249706607,0.3923263361694369
tmax_mean,2025,11,Caribe,28.759912121665128,2025-11-01,28.101452982679763,0.6584591389853642,0.4545561510192992
tmax_mean,2025,12,Caribe,28.94186792552584,2025-12-01,28.806539111952628,0.13532881357321358,0.40511870371666703
tmax_mean,2026,1,Caribe,28.75648090472604,2026-01-01,30.079890834807877,-1.3234099300818372,0.25183939967938446
tmax_mean,2026,2,Caribe,28.773388192787532,2026-02-01,31.335329989776998,-2.5619417969894656,0.023740170133458232
tmax_mean,2026,3,Caribe,30.043658712746122,2026-03-01,31.17120337851442,-1.1275446657682977,-0.0831920796636559
tmax_mean,1991,1,Colombia,28.40293188727186,1991-01-01,28.18783249163459,0.21509939563726732,
tmax_mean,1991,2,Colombia,28.57098129968215,1991-02-01,28.688923107469236,-0.11794180778708707,
tmax_mean,1991,3,Colombia,27.969003915048525,1991-03-01,28.324168714931773,-0.3551647998832479,
tmax_mean,1991,4,Colombia,26.808074813762993,1991-04-01,27.442406759284026,-0.6343319455210334,
tmax_mean,1991,5,Colombia,26.511454852843595,1991-05-01,26.80015901383471,-0.28870416099111296,
tmax_mean,1991,6,Colombia,26.09701956246816,1991-06-01,26.38386167963741,-0.28684211716925034,
tmax_mean,1991,7,Colombia,25.766905972948994,1991-07-01,26.382576015466032,-0.6156700425170385,
tmax_mean,1991,8,Colombia,26.48198821162245,1991-08-01,27.085446492873942,-0.6034582812514913,
tmax_mean,1991,9,Colombia,26.871232213735354,1991-09-01,27.473491064621864,-0.6022588508865105,
tmax_mean,1991,10,Colombia,26.817003959426284,1991-10-01,27.342601851641692,-0.5255978922154085,
tmax_mean,1991,11,Colombia,26.670224910713078,1991-11-01,27.023911281351822,-0.3536863706387443,
tmax_mean,1991,12,Colombia,27.20621416688396,1991-12-01,27.31040940276773,-0.10419523588376833,-0.3560626757589522
tmax_mean,1992,1,Colombia,28.32585162331333,1992-01-01,28.18783249163459,0.13801913167873892,-0.36248603108882954
tmax_mean,1992,2,Colombia,29.060868285735697,1992-02-01,28.688923107469236,0.37194517826646134,-0.32166211558436714
tmax_mean,1992,3,Colombia,28.63497361698794,1992-03-01,28.324168714931773,0.31080490205616584,-0.26616464042274934
tmax_mean,1992,4,Colombia,27.671428093488167,1992-04-01,27.442406759284026,0.22902133420414117,-0.1942185337789848
tmax_mean,1992,5,Colombia,27.254616114280367,1992-05-01,26.80015901383471,0.45445710044565857,-0.13228842865925383
tmax_mean,1992,6,Colombia,26.696860412934463,1992-06-01,26.38386167963741,0.31299873329705363,-0.08230169112039516
tmax_mean,1992,7,Colombia,25.512945531971322,1992-07-01,26.382576015466032,-0.86963048349471,-0.10346506120186778
tmax_mean,1992,8,Colombia,26.4564837781454,1992-08-01,27.085446492873942,-0.6289627147285408,-0.10559043065828859
tmax_mean,1992,9,Colombia,26.668517924829203,1992-09-01,27.473491064621864,-0.8049731397926614,-0.12248328806713449
tmax_mean,1992,10,Colombia,27.158228338313197,1992-10-01,27.342601851641692,-0.18437351332849516,-0.0940479231598917
tmax_mean,1992,11,Colombia,26.54487660378302,1992-11-01,27.023911281351822,-0.47903467756880147,-0.10449361540406314
tmax_mean,1992,12,Colombia,26.868502043676237,1992-12-01,27.31040940276773,-0.44190735909149126,-0.13263629233804006
tmax_mean,1993,1,Colombia,27.178702608692102,1993-01-01,28.18783249163459,-1.0091298829424886,-0.22823204355647567
tmax_mean,1993,2,Colombia,27.79523973144495,1993-02-01,28.688923107469236,-0.8936833760242848,-0.33370108974737117
tmax_mean,1993,3,Colombia,27.055489914661656,1993-03-01,28.324168714931773,-1.2686788002701164,-0.4653247316078947
tmax_mean,1993,4,Colombia,26.85048110762767,1993-04-01,27.442406759284026,-0.5919256516563571,-0.5337369804296029
tmax_mean,1993,5,Colombia,26.7812557946335,1993-05-01,26.80015901383471,-0.018903219201209964,-0.5731836737335086
tmax_mean,1993,6,Colombia,26.346968212439172,1993-06-01,26.38386167963741,-0.03689346719823661,-0.6023413571081161
tmax_mean,1993,7,Colombia,26.40712954544088,1993-07-01,26.382576015466032,0.024553529974848942,-0.5278260226523196
tmax_mean,1993,8,Colombia,26.67852414377122,1993-08-01,27.085446492873942,-0.4069223491027216,-0.5093226588501679
tmax_mean,1993,9,Colombia,26.760718363666584,1993-09-01,27.473491064621864,-0.7127727009552807,-0.5016392889470529
tmax_mean,1993,10,Colombia,27.001110729161315,1993-10-01,27.342601851641692,-0.3414911224803774,-0.5147324230430431
tmax_mean,1993,11,Colombia,26.465582017900797,1993-11-01,27.023911281351822,-0.5583292634510251,-0.521340305199895
tmax_mean,1993,12,Colombia,27.311316340420007,1993-12-01,27.31040940276773,0.000906937652278117,-0.48443911380458093
tmax_mean,1994,1,Colombia,28.205009915672356,1994-01-01,28.18783249163459,0.01717742403776512,-0.3989135048895598
tmax_mean,1994,2,Colombia,27.719432216091594,1994-02-01,28.688923107469236,-0.9694908913776423,-0.4052307978356729
tmax_mean,1994,3,Colombia,27.225443001253208,1994-03-01,28.324168714931773,-1.098725713678565,-0.3910680406197103
tmax_mean,1994,4,Colombia,26.664149060925734,1994-04-01,27.442406759284026,-0.7782576983582921,-0.40659571117820487
tmax_mean,1994,5,Colombia,26.52881127351576,1994-05-01,26.80015901383471,-0.2713477403189479,-0.42763275460468303
tmax_mean,1994,6,Colombia,25.93087392217508,1994-06-01,26.38386167963741,-0.4529877574623278,-0.4623072787933573
tmax_mean,1994,7,Colombia,25.84593778398117,1994-07-01,26.382576015466032,-0.5366382314848614,-0.5090732589149999
tmax_mean,1994,8,Colombia,26.56813493656984,1994-08-01,27.085446492873942,-0.5173115563041009,-0.5182723595151147
tmax_mean,1994,9,Colombia,27.04819271549494,1994-09-01,27.473491064621864,-0.42529834912692266,-0.49431616352941826
tmax_mean,1994,10,Colombia,26.808850986327766,1994-10-01,27.342601851641692,-0.5337508653139267,-0.5103378087655474
tmax_mean,1994,11,Colombia,26.80353422000345,1994-11-01,27.023911281351822,-0.22037706134837265,-0.482175125256993
tmax_mean,1994,12,Colombia,27.519707897293827,1994-12-01,27.31040940276773,0.20929849452609872,-0.4648091621841746
tmax_mean,1995,1,Colombia,28.752767899759057,1995-01-01,28.18783249163459,0.564935408124466,-0.4191626635102829
tmax_mean,1995,2,Colombia,30.139323799952965,1995-02-01,28.688923107469236,1.4504006924837292,-0.21750503152183528
tmax_mean,1995,3,Colombia,28.272607873189077,1995-03-01,28.324168714931773,-0.051560841742695374,-0.13024129219384614
tmax_mean,1995,4,Colombia,27.622965279953068,1995-04-01,27.442406759284026,0.18055852066904166,-0.05033994060823499
tmax_mean,1995,5,Colombia,26.797441665634878,1995-05-01,26.80015901383471,-0.0027173481998303828,-0.027954074598308527
tmax_mean,1995,6,Colombia,26.18864423575646,1995-06-01,26.38386167963741,-0.1952174438809493,-0.006473215133193655
tmax_mean,1995,7,Colombia,26.372878779255753,1995-07-01,26.382576015466032,-0.009697236210278959,0.037438534473021555
tmax_mean,1995,8,Colombia,27.103975925608214,1995-08-01,27.085446492873942,0.018529432734272433,0.08209195022621933
tmax_mean,1995,9,Colombia,27.251869849541333,1995-09-01,27.473491064621864,-0.2216212150805319,0.09906504473008522
tmax_mean,1995,10,Colombia,26.917037751857983,1995-10-01,27.342601851641692,-0.4255640997837098,0.10808060852426997
tmax_mean,1995,11,Colombia,26.91894370783618,1995-11-01,27.023911281351822,-0.10496757351564057,0.11769806584366431
tmax_mean,1995,12,Colombia,27.140065730569486,1995-12-01,27.31040940276773,-0.17034367219824276,0.08606121861663585
tmax_mean,1996,1,Colombia,27.942145208429434,1996-01-01,28.18783249163459,-0.24568728320515731,0.018509327672500575
tmax_mean,1996,2,Colombia,27.210488610273902,1996-02-01,28.688923107469236,-1.4784344971953338,-0.22556027146742133
tmax_mean,1996,3,Colombia,28.018136646533133,1996-03-01,28.324168714931773,-0.3060320683986397,-0.24676620702208338
tmax_mean,1996,4,Colombia,27.546885745687458,1996-04-01,27.442406759284026,0.10447898640343212,-0.25310616821088416
tmax_mean,1996,5,Colombia,26.32814642880524,1996-05-01,26.80015901383471,-0.47201258502946786,-0.29221410461335395
tmax_mean,1996,6,Colombia,25.710504457925914,1996-06-01,26.38386167963741,-0.6733572217114947,-0.33205908609923274
tmax_mean,1996,7,Colombia,25.687631411225066,1996-07-01,26.382576015466032,-0.6949446042409662,-0.3891630334351233
tmax_mean,1996,8,Colombia,26.691968073262196,1996-08-01,27.085446492873942,-0.39347841961174623,-0.4234970211306249
tmax_mean,1996,9,Colombia,27.01726070804046,1996-09-01,27.473491064621864,-0.4562303565814041,-0.44304778292236424
tmax_mean,1996,10,Colombia,26.93744241670322,1996-10-01,27.342601851641692,-0.4051594349384722,-0.4413473941852611
tmax_mean,1996,11,Colombia,26.724008447629984,1996-11-01,27.023911281351822,-0.2999028337218377,-0.4575919992024442
tmax_mean,1996,12,Colombia,26.781828390377353,1996-12-01,27.31040940276773,-0.5285810123903758,-0.48744511088512193
tmax_mean,1997,1,Colombia,27.77637544294361,1997-01-01,28.18783249163459,-0.41145704869098054,-0.5012592580089406
tmax_mean,1997,2,Colombia,26.999148467643327,1997-02-01,28.688923107469236,-1.6897746398259095,-0.5188709365614885
tmax_mean,1997,3,Colombia,28.61047071543644,1997-03-01,28.324168714931773,0.2863020005046657,-0.46950976415287976
tmax_mean,1997,4,Colombia,27.299891147658627,1997-04-01,27.442406759284026,-0.14251561162539872,-0.49009264732194896
tmax_mean,1997,5,Colombia,26.50686389760948,1997-05-01,26.80015901383471,-0.2932951162252273,-0.4751995249215956
tmax_mean,1997,6,Colombia,26.77999812478262,1997-06-01,26.38386167963741,0.39613644514520985,-0.38607505268353687
tmax_mean,1997,7,Colombia,26.930393849471116,1997-07-01,26.382576015466032,0.5478178340050839,-0.2825115161630327
tmax_mean,1997,8,Colombia,27.412872188345425,1997-08-01,27.085446492873942,0.3274256954714829,-0.2224361732394303
tmax_mean,1997,9,Colombia,27.780887830416404,1997-09-01,27.473491064621864,0.30739676579453956,-0.15880057970810166
tmax_mean,1997,10,Colombia,28.156100654500197,1997-10-01,27.342601851641692,0.8134988028585042,-0.05724572655835362
tmax_mean,1997,11,Colombia,27.454131276041686,1997-11-01,27.023911281351822,0.43021999468986394,0.003597842475954849
tmax_mean,1997,12,Colombia,28.582317456646543,1997-12-01,27.31040940276773,1.2719080538788141,0.15363859799838733
tmax_mean,1998,1,Colombia,29.667929069164476,1998-01-01,28.18783249163459,1.4800965775298849,0.31126806685012615
tmax_mean,1998,2,Colombia,29.370959533104585,1998-02-01,28.688923107469236,0.6820364256353493,0.5089189889718977
tmax_mean,1998,3,Colombia,29.18985533907719,1998-03-01,28.324168714931773,0.8656866241454182,0.5572010409419604
tmax_mean,1998,4,Colombia,27.881663364289018,1998-04-01,27.442406759284026,0.4392566050049922,0.605682058994493
tmax_mean,1998,5,Colombia,27.033390058152584,1998-05-01,26.80015901383471,0.23323104431787556,0.6495592390397515
tmax_mean,1998,6,Colombia,26.36775246691388,1998-06-01,26.38386167963741,-0.016109212723527833,0.6152054342173567
tmax_mean,1998,7,Colombia,26.495390626610344,1998-07-01,26.382576015466032,0.11281461114431224,0.5789551656456258
tmax_mean,1998,8,Colombia,27.336045218099255,1998-08-01,27.085446492873942,0.2505987252253128,0.5725529181251116
tmax_mean,1998,9,Colombia,27.40301191486472,1998-09-01,27.473491064621864,-0.0704791497571442,0.5410632584958046
tmax_mean,1998,10,Colombia,27.350997820275683,1998-10-01,27.342601851641692,0.008395968633990947,0.47397135564376186
tmax_mean,1998,11,Colombia,26.775050757827884,1998-11-01,27.023911281351822,-0.24886052352393762,0.4173813124592784
tmax_mean,1998,12,Colombia,26.816664624491686,1998-12-01,27.31040940276773,-0.49374477827604224,0.2702435764463737
tmax_mean,1999,1,Colombia,26.82941246205889,1999-01-01,28.18783249163459,-1.3584200295757007,0.03370052585424155
tmax_mean,1999,2,Colombia,26.712084164516433,1999-02-01,28.688923107469236,-1.9768389429528028,-0.18787242152810446
tmax_mean,1999,3,Colombia,27.619365608111526,1999-03-01,28.324168714931773,-0.7048031068202469,-0.31874656577524324
tmax_mean,1999,4,Colombia,26.290541841147565,1999-04-01,27.442406759284026,-1.1518649181364609,-0.451340026037031
tmax_mean,1999,5,Colombia,26.36799612799257,1999-05-01,26.80015901383471,-0.43216288584213913,-0.5067895202170322
tmax_mean,1999,6,Colombia,26.046342155941765,1999-06-01,26.38386167963741,-0.33751952369564364,-0.5335737127980419
tmax_mean,1999,7,Colombia,26.039120631500822,1999-07-01,26.382576015466032,-0.34345538396521036,-0.5715962123905021
tmax_mean,1999,8,Colombia,26.36058498283424,1999-08-01,27.085446492873942,-0.7248615100397018,-0.6528845653292533
tmax_mean,1999,9,Colombia,26.753400099642654,1999-09-01,27.473491064621864,-0.7200909649792102,-0.7070188832644254
tmax_mean,1999,10,Colombia,26.76487535731115,1999-10-01,27.342601851641692,-0.5777264943305411,-0.7558624218448031
tmax_mean,1999,11,Colombia,26.70840235611433,1999-11-01,27.023911281351822,-0.3155089252374914,-0.7614164553209326
tmax_mean,1999,12,Colombia,26.637082551783596,1999-12-01,27.31040940276773,-0.6733268509841324,-0.7763816280466068
tmax_mean,2000,1,Colombia,27.57937183355447,2000-01-01,28.18783249163459,-0.6084606580801193,-0.7138850137553083
tmax_mean,2000,2,Colombia,27.964237397570134,2000-02-01,28.688923107469236,-0.7246857098991022,-0.6095389110008332
tmax_mean,2000,3,Colombia,27.896106687839836,2000-03-01,28.324168714931773,-0.4280620270919364,-0.5864771543568074
tmax_mean,2000,4,Colombia,26.706995101647138,2000-04-01,27.442406759284026,-0.7354116576368881,-0.551772715981843
tmax_mean,2000,5,Colombia,26.05660372512199,2000-05-01,26.80015901383471,-0.7435552887127166,-0.5777220828877244
tmax_mean,2000,6,Colombia,25.858915138165788,2000-06-01,26.38386167963741,-0.5249465414716212,-0.5933410010357226
tmax_mean,2000,7,Colombia,25.692997953128142,2000-07-01,26.382576015466032,-0.6895780623378904,-0.6221845575667793
tmax_mean,2000,8,Colombia,26.676287695579102,2000-08-01,27.085446492873942,-0.4091587972948396,-0.595875998171374
tmax_mean,2000,9,Colombia,26.621214659352002,2000-09-01,27.473491064621864,-0.8522764052698619,-0.6068914515289284
tmax_mean,2000,10,Colombia,26.681040669109453,2000-10-01,27.342601851641692,-0.661561182532239,-0.6138776755457366
tmax_mean,2000,11,Colombia,26.789470859263684,2000-11-01,27.023911281351822,-0.23444042208813798,-0.6071219669499571
tmax_mean,2000,12,Colombia,26.693966535037188,2000-12-01,27.31040940276773,-0.6164428677305409,-0.6023816350121578
tmax_mean,2001,1,Colombia,27.344556696387958,2001-01-01,28.18783249163459,-0.8432757952466332,-0.6219495631093673
tmax_mean,2001,2,Colombia,28.50429608418852,2001-02-01,28.688923107469236,-0.184627023280715,-0.576944672557835
tmax_mean,2001,3,Colombia,27.99709712934288,2001-03-01,28.324168714931773,-0.32707158558889304,-0.5685288024325814
tmax_mean,2001,4,Colombia,27.625860176679456,2001-04-01,27.442406759284026,0.1834534173954303,-0.4919567128465549
tmax_mean,2001,5,Colombia,26.698160823305994,2001-05-01,26.80015901383471,-0.10199819052871462,-0.4384936213312214
tmax_mean,2001,6,Colombia,25.719208694781322,2001-06-01,26.38386167963741,-0.6646529848560867,-0.4501358249465935
tmax_mean,2001,7,Colombia,26.194464063142423,2001-07-01,26.382576015466032,-0.18811195232360944,-0.4083469824454034
tmax_mean,2001,8,Colombia,27.08362145704356,2001-08-01,27.085446492873942,-0.0018250358303824044,-0.3744025023233653
tmax_mean,2001,9,Colombia,26.890068716299027,2001-09-01,27.473491064621864,-0.5834223483228378,-0.35199799757778
tmax_mean,2001,10,Colombia,27.367344826980577,2001-10-01,27.342601851641692,0.02474297533888503,-0.29480598442185296
tmax_mean,2001,11,Colombia,26.997480465782118,2001-11-01,27.023911281351822,-0.026430815569703725,-0.2774718505453168
tmax_mean,2001,12,Colombia,26.7374394525121,2001-12-01,27.31040940276773,-0.5729699502556294,-0.2738491074224075
tmax_mean,2002,1,Colombia,28.154506253016407,2002-01-01,28.18783249163459,-0.03332623861818362,-0.20635331103670337
tmax_mean,2002,2,Colombia,28.852940468014964,2002-02-01,28.688923107469236,0.1640173605457278,-0.1772996123844998
tmax_mean,2002,3,Colombia,28.46013809972402,2002-03-01,28.324168714931773,0.13596938479224718,-0.13871286485273812
tmax_mean,2002,4,Colombia,27.008470263077754,2002-04-01,27.442406759284026,-0.4339364962062717,-0.19016202431954662
tmax_mean,2002,5,Colombia,26.903800527264355,2002-05-01,26.80015901383471,0.10364151342964689,-0.17302538232301648
tmax_mean,2002,6,Colombia,26.047703831594884,2002-06-01,26.38386167963741,-0.33615784804252513,-0.14565078758855302
tmax_mean,2002,7,Colombia,26.369025616876662,2002-07-01,26.382576015466032,-0.013550398589369905,-0.13110399144403306
tmax_mean,2002,8,Colombia,27.076780119864857,2002-08-01,27.085446492873942,-0.008666373009084793,-0.1316741028755916
tmax_mean,2002,9,Colombia,27.409440447967757,2002-09-01,27.473491064621864,-0.06405061665410727,-0.08839312523653071
tmax_mean,2002,10,Colombia,27.397186796604704,2002-10-01,27.342601851641692,0.05458494496301114,-0.0859062944345202
tmax_mean,2002,11,Colombia,27.02881518589591,2002-11-01,27.023911281351822,0.0049039045440864015,-0.08329506775837103
tmax_mean,2002,12,Colombia,27.622185292826224,2002-12-01,27.31040940276773,0.31177589005849526,-0.00956624773219398
tmax_mean,2003,1,Colombia,29.411139444625245,2003-01-01,28.18783249163459,1.2233069529906544,0.09515318490187585
tmax_mean,2003,2,Colombia,29.316059189149083,2003-02-01,28.688923107469236,0.627136081679847,0.13374641166305246
tmax_mean,2003,3,Colombia,28.726320777798144,2003-03-01,28.324168714931773,0.40215206286637084,0.15592830150256276
tmax_mean,2003,4,Colombia,27.342404790332267,2003-04-01,27.442406759284026,-0.10000196895175861,0.18375617877377218
tmax_mean,2003,5,Colombia,26.618014161233788,2003-05-01,26.80015901383471,-0.18214485260092061,0.1599406482712249
tmax_mean,2003,6,Colombia,26.240369530068687,2003-06-01,26.38386167963741,-0.14349214956872203,0.1759961231440418
tmax_mean,2003,7,Colombia,26.079702495210633,2003-07-01,26.382576015466032,-0.3028735202553996,0.151885863005206
tmax_mean,2003,8,Colombia,26.70615887715971,2003-08-01,27.085446492873942,-0.3792876157142331,0.12100075944644366
tmax_mean,2003,9,Colombia,26.971886769277017,2003-09-01,27.473491064621864,-0.5016042953448476,0.08453795288888195
tmax_mean,2003,10,Colombia,27.076744345912264,2003-10-01,27.342601851641692,-0.26585750572942857,0.05783441533117865
tmax_mean,2003,11,Colombia,27.00641825904186,2003-11-01,27.023911281351822,-0.017493022309960082,0.05596800476000811
tmax_mean,2003,12,Colombia,26.987011016222887,2003-12-01,27.31040940276773,-0.32339838654484154,0.0030368150430633753
tmax_mean,2004,1,Colombia,28.408561412705208,2004-01-01,28.18783249163459,0.22072892107061648,-0.08051135428360645
tmax_mean,2004,2,Colombia,29.547186931100658,2004-02-01,28.688923107469236,0.8582638236314217,-0.06125070912097522
tmax_mean,2004,3,Colombia,28.686564491743628,2004-03-01,28.324168714931773,0.3623957768118551,-0.06456373295885154
tmax_mean,2004,4,Colombia,27.641133025683647,2004-04-01,27.442406759284026,0.1987262663996212,-0.039669713346236556
tmax_mean,2004,5,Colombia,26.38024998860532,2004-05-01,26.80015901383471,-0.4199090252293871,-0.05948339439860876
tmax_mean,2004,6,Colombia,26.218243791881367,2004-06-01,26.38386167963741,-0.16561788775604214,-0.06132720591421877
tmax_mean,2004,7,Colombia,26.145239967917085,2004-07-01,26.382576015466032,-0.237336047548947,-0.05586574985534772
tmax_mean,2004,8,Colombia,26.9004451613283,2004-08-01,27.085446492873942,-0.18500133154564224,-0.03967522617463182
tmax_mean,2004,9,Colombia,27.13073429882437,2004-09-01,27.473491064621864,-0.34275676579749614,-0.02643793204568586
tmax_mean,2004,10,Colombia,27.262309655747583,2004-10-01,27.342601851641692,-0.08029219589410985,-0.010974156226075968
tmax_mean,2004,11,Colombia,26.835645012390227,2004-11-01,27.023911281351822,-0.18826626896159482,-0.025205260113712196
tmax_mean,2004,12,Colombia,27.278414122651967,2004-12-01,27.31040940276773,-0.031995280115761915,-0.0009216679112888926
tmax_mean,2005,1,Colombia,27.959201184242406,2005-01-01,28.18783249163459,-0.22863130739218462,-0.03836835361652232
tmax_mean,2005,2,Colombia,28.29849590464889,2005-02-01,28.688923107469236,-0.3904272028203444,-0.14242593915416948
tmax_mean,2005,3,Colombia,29.018144455668043,2005-03-01,28.324168714931773,0.6939757407362706,-0.11479427549380154
tmax_mean,2005,4,Colombia,27.573703441289734,2005-04-01,27.442406759284026,0.13129668200570777,-0.12041340752662766
tmax_mean,2005,5,Colombia,27.182999108547584,2005-05-01,26.80015901383471,0.3828400947128756,-0.053517647531439096
tmax_mean,2005,6,Colombia,26.710569467664456,2005-06-01,26.38386167963741,0.32670778802704703,-0.012490507882848334
tmax_mean,2005,7,Colombia,26.78845437022975,2005-07-01,26.382576015466032,0.40587835476371836,0.04111069230987378
tmax_mean,2005,8,Colombia,27.28070735044339,2005-08-01,27.085446492873942,0.19526085756944767,0.0727992080694646
tmax_mean,2005,9,Colombia,27.66960282345558,2005-09-01,27.473491064621864,0.196111758833716,0.11770491845539895
tmax_mean,2005,10,Colombia,27.424486479232364,2005-10-01,27.342601851641692,0.0818846275906715,0.1312196537457974
tmax_mean,2005,11,Colombia,26.902196071941397,2005-11-01,27.023911281351822,-0.12171520941042502,0.13676557537506154
tmax_mean,2005,12,Colombia,27.141449269658917,2005-12-01,27.31040940276773,-0.1689601331088113,0.12535183762564076
tmax_mean,2006,1,Colombia,27.229591384235004,2006-01-01,28.18783249163459,-0.9582411073995871,0.06455102095835723
tmax_mean,2006,2,Colombia,28.48893063461832,2006-02-01,28.688923107469236,-0.1999924728509157,0.08042058178914295
tmax_mean,2006,3,Colombia,27.7696839805882,2006-03-01,28.324168714931773,-0.5544847343435713,-0.023617791134177207
tmax_mean,2006,4,Colombia,27.24153809816705,2006-04-01,27.442406759284026,-0.20086866111697432,-0.05129823639440071
tmax_mean,2006,5,Colombia,26.33683652813481,2006-05-01,26.80015901383471,-0.46332248569989787,-0.12181178476213184
tmax_mean,2006,6,Colombia,26.402020922675376,2006-06-01,26.38386167963741,0.018159243037967343,-0.1475241635112218
tmax_mean,2006,7,Colombia,26.43446289032614,2006-07-01,26.382576015466032,0.051886874860109344,-0.17702345350318924
tmax_mean,2006,8,Colombia,27.506339585035953,2006-08-01,27.085446492873942,0.4208930921620109,-0.1582207672871423
tmax_mean,2006,9,Colombia,27.69257721416649,2006-09-01,27.473491064621864,0.21908614954462635,-0.15630623472789976
tmax_mean,2006,10,Colombia,27.62431666961434,2006-10-01,27.342601851641692,0.28171481797264875,-0.139653718862735
tmax_mean,2006,11,Colombia,26.980571174875635,2006-11-01,27.023911281351822,-0.04334010647618669,-0.1331224602848818
tmax_mean,2006,12,Colombia,27.205176599641092,2006-12-01,27.31040940276773,-0.1052328031266363,-0.1278118494530339
tmax_mean,2007,1,Colombia,28.671426497917448,2007-01-01,28.18783249163459,0.483594006282857,-0.0076589233128302086
tmax_mean,2007,2,Colombia,30.91337299402023,2007-02-01,28.688923107469236,2.2244498865509925,0.19437793997066213
tmax_mean,2007,3,Colombia,28.466351756178476,2007-03-01,28.324168714931773,0.1421830412467031,0.2524335879365183
tmax_mean,2007,4,Colombia,27.270554082918753,2007-04-01,27.442406759284026,-0.17185267636527257,0.2548515866658268
tmax_mean,2007,5,Colombia,26.584959078010787,2007-05-01,26.80015901383471,-0.2151999358239216,0.2755284658221582
tmax_mean,2007,6,Colombia,25.934013368804276,2007-06-01,26.38386167963741,-0.4498483108331328,0.23652783633289984
tmax_mean,2007,7,Colombia,26.693744343650096,2007-07-01,26.382576015466032,0.31116832818406337,0.258134624109896
tmax_mean,2007,8,Colombia,26.738975563377267,2007-08-01,27.085446492873942,-0.34647092949667524,0.1941876223050055
tmax_mean,2007,9,Colombia,27.284023951701137,2007-09-01,27.473491064621864,-0.1894671129207275,0.16014151709955934
tmax_mean,2007,10,Colombia,27.011890021834567,2007-10-01,27.342601851641692,-0.3307118298071252,0.1091059631179115
tmax_mean,2007,11,Colombia,26.914662604879496,2007-11-01,27.023911281351822,-0.10924867647232617,0.10361358228489988
tmax_mean,2007,12,Colombia,26.902828537603767,2007-12-01,27.31040940276773,-0.4075808651639612,0.07841791044845614
tmax_mean,2008,1,Colombia,27.730286182034654,2008-01-01,28.18783249163459,-0.4575463095999375,-1.044920844339714e-05
tmax_mean,2008,2,Colombia,28.00910683026366,2008-02-01,28.688923107469236,-0.6798162772055747,-0.24203262952149066
tmax_mean,2008,3,Colombia,28.149855319045738,2008-03-01,28.324168714931773,-0.17431339588603478,-0.2684073326158855
tmax_mean,2008,4,Colombia,27.674715064108913,2008-04-01,27.442406759284026,0.23230830482488685,-0.23472725085003887
tmax_mean,2008,5,Colombia,26.160964110968987,2008-05-01,26.80015901383471,-0.6391949028657216,-0.27006016477018885
tmax_mean,2008,6,Colombia,26.053415240655163,2008-06-01,26.38386167963741,-0.33044643898224635,-0.260110008782615
tmax_mean,2008,7,Colombia,26.115096959093677,2008-07-01,26.382576015466032,-0.2674790563723555,-0.30833062416231655
tmax_mean,2008,8,Colombia,27.076031433253803,2008-08-01,27.085446492873942,-0.009415059620138777,-0.28024263500593855
tmax_mean,2008,9,Colombia,27.37448063813445,2008-09-01,27.473491064621864,-0.0990104264874141,-0.27270457780316243
tmax_mean,2008,10,Colombia,27.26081056804908,2008-10-01,27.342601851641692,-0.08179128359261156,-0.25196119895195296
tmax_mean,2008,11,Colombia,26.707621010065793,2008-11-01,27.023911281351822,-0.3162902712860287,-0.26921466518642817
tmax_mean,2008,12,Colombia,27.081342561147444,2008-12-01,27.31040940276773,-0.22906684162028412,-0.2543384965577884
tmax_mean,2009,1,Colombia,27.139971923260585,2009-01-01,28.18783249163459,-1.0478605683740057,-0.30353135145562743
tmax_mean,2009,2,Colombia,27.878616927750922,2009-02-01,28.688923107469236,-0.8103061797183138,-0.31440550999835565
tmax_mean,2009,3,Colombia,27.626156318340268,2009-03-01,28.324168714931773,-0.6980123965915048,-0.3580470933904782
tmax_mean,2009,4,Colombia,27.48178959591018,2009-04-01,27.442406759284026,0.03938283662615305,-0.37412421574037263
tmax_mean,2009,5,Colombia,27.190747115824518,2009-05-01,26.80015901383471,0.39058810198980964,-0.28830896533574507
tmax_mean,2009,6,Colombia,26.316186194684526,2009-06-01,26.38386167963741,-0.06767548495288267,-0.2664113858332981
tmax_mean,2009,7,Colombia,26.738086130259532,2009-07-01,26.382576015466032,0.3555101147934998,-0.2144956215694768
tmax_mean,2009,8,Colombia,27.212179981937386,2009-08-01,27.085446492873942,0.12673348906344373,-0.20314990917917827
tmax_mean,2009,9,Colombia,28.081029713926263,2009-09-01,27.473491064621864,0.6075386493043986,-0.14427081952986054
tmax_mean,2009,10,Colombia,27.757880482677148,2009-10-01,27.342601851641692,0.4152786310354557,-0.10284832664418826
tmax_mean,2009,11,Colombia,27.829573234285416,2009-11-01,27.023911281351822,0.805661952933594,-0.009352307959219708
tmax_mean,2009,12,Colombia,28.127164654559735,2009-12-01,27.31040940276773,0.8167552517920065,0.07779953315847117
tmax_mean,2010,1,Colombia,29.59756216413745,2010-01-01,28.18783249163459,1.4097296725028592,0.2825987198982099
tmax_mean,2010,2,Colombia,29.78033415123939,2010-02-01,28.688923107469236,1.0914110437701545,0.4410751551889156
tmax_mean,2010,3,Colombia,29.051454481827818,2010-03-01,28.324168714931773,0.7272857668960455,0.5598500021462115
tmax_mean,2010,4,Colombia,27.69162614225698,2010-04-01,27.442406759284026,0.24921938297295299,0.5773363810084448
tmax_mean,2010,5,Colombia,27.239397798143045,2010-05-01,26.80015901383471,0.43923878430833696,0.5813906045349887
tmax_mean,2010,6,Colombia,26.602231141969103,2010-06-01,26.38386167963741,0.21836946233169385,0.6052276834753701
tmax_mean,2010,7,Colombia,26.264430860016205,2010-07-01,26.382576015466032,-0.1181451554498274,0.5657564109550929
tmax_mean,2010,8,Colombia,26.995864821184334,2010-08-01,27.085446492873942,-0.08958167168960784,0.5477301475590052
tmax_mean,2010,9,Colombia,27.559770069806877,2010-09-01,27.473491064621864,0.08627900518501264,0.5042918438823897
tmax_mean,2010,10,Colombia,27.493163996097834,2010-10-01,27.342601851641692,0.15056214445614202,0.4822321366674469
tmax_mean,2010,11,Colombia,26.446892504062617,2010-11-01,27.023911281351822,-0.5770187772892044,0.3670087424822137
tmax_mean,2010,12,Colombia,26.553793417873056,2010-12-01,27.31040940276773,-0.7566159848946725,0.2358944727583238
tmax_mean,2011,1,Colombia,27.571629527206053,2011-01-01,28.18783249163459,-0.6162029644285383,0.06706675301404068
tmax_mean,2011,2,Colombia,28.102152033674056,2011-02-01,28.688923107469236,-0.5867710737951803,-0.07278175678307057
tmax_mean,2011,3,Colombia,27.373461191922754,2011-03-01,28.324168714931773,-0.9507075230090187,-0.21261453094182592
tmax_mean,2011,4,Colombia,26.80831306946361,2011-04-01,27.442406759284026,-0.6340936898204177,-0.2862239536746068
tmax_mean,2011,5,Colombia,26.23513978657755,2011-05-01,26.80015901383471,-0.5650192272571566,-0.3699121213050646
tmax_mean,2011,6,Colombia,26.4695740190339,2011-06-01,26.38386167963741,0.08571233939649048,-0.3809668815496649
tmax_mean,2011,7,Colombia,26.47735191968798,2011-07-01,26.382576015466032,0.09477590422194737,-0.3632234599103503
tmax_mean,2011,8,Colombia,27.303837023300694,2011-08-01,27.085446492873942,0.2183905304267526,-0.33755910973398695
tmax_mean,2011,9,Colombia,27.452896870478607,2011-09-01,27.473491064621864,-0.020594194143257027,-0.3464652096780094
tmax_mean,2011,10,Colombia,26.85763327831911,2011-10-01,27.342601851641692,-0.4849685733225826,-0.3994261028262365
tmax_mean,2011,11,Colombia,26.653867622795108,2011-11-01,27.023911281351822,-0.37004365855671395,-0.3821781762651956
tmax_mean,2011,12,Colombia,26.506393754811388,2011-12-01,27.31040940276773,-0.8040156479563407,-0.3861281481870013
tmax_mean,2012,1,Colombia,27.40894630556247,2012-01-01,28.18783249163459,-0.7788861860721212,-0.3996850833239665
tmax_mean,2012,2,Colombia,27.85457256598182,2012-02-01,28.688923107469236,-0.8343505414874173,-0.42031670563165296
tmax_mean,2012,3,Colombia,27.35237186921202,2012-03-01,28.324168714931773,-0.9717968457197514,-0.42207414919088065
tmax_mean,2012,4,Colombia,26.852658376495377,2012-04-01,27.442406759284026,-0.5897483827886489,-0.41837870693823326
tmax_mean,2012,5,Colombia,26.59734864305721,2012-05-01,26.80015901383471,-0.20281037077749886,-0.38819463556492845
tmax_mean,2012,6,Colombia,26.718669156180358,2012-06-01,26.38386167963741,0.33480747654294873,-0.3674367074693903
tmax_mean,2012,7,Colombia,26.366157725382728,2012-07-01,26.382576015466032,-0.016418290083304754,-0.3767028903281613
tmax_mean,2012,8,Colombia,26.950609353599386,2012-08-01,27.085446492873942,-0.13483713927455554,-0.40613852946993695
tmax_mean,2012,9,Colombia,27.71732897649202,2012-09-01,27.473491064621864,0.24383791187015547,-0.38410252063548594
tmax_mean,2012,10,Colombia,27.354378567557106,2012-10-01,27.342601851641692,0.011776715915413405,-0.3427070798656529
tmax_mean,2012,11,Colombia,27.641366442820452,2012-11-01,27.023911281351822,0.6174551614686301,-0.2604155115302076
tmax_mean,2012,12,Colombia,27.63464570836633,2012-12-01,27.31040940276773,0.3242363055986033,-0.1663945154006289
tmax_mean,2013,1,Colombia,28.884352733496144,2013-01-01,28.18783249163459,0.6965202418615526,-0.043443979739489436
tmax_mean,2013,2,Colombia,28.278545733274264,2013-02-01,28.688923107469236,-0.41037737419497233,-0.008112882465119023
tmax_mean,2013,3,Colombia,28.055010510997114,2013-03-01,28.324168714931773,-0.2691582039346585,0.050440337683638724
tmax_mean,2013,4,Colombia,27.884261142642337,2013-04-01,27.442406759284026,0.4418543833583115,0.1364072348625521
tmax_mean,2013,5,Colombia,26.723157940459885,2013-05-01,26.80015901383471,-0.07700107337482365,0.1468913429794417
tmax_mean,2013,6,Colombia,26.836812019566214,2013-06-01,26.38386167963741,0.4529503399288046,0.15673658159492967
tmax_mean,2013,7,Colombia,26.313989290782718,2013-07-01,26.382576015466032,-0.06858672468331406,0.15238921204492892
tmax_mean,2013,8,Colombia,26.4066506278917,2013-08-01,27.085446492873942,-0.6787958649822414,0.10705931823595509
tmax_mean,2013,9,Colombia,27.384242921218643,2013-09-01,27.473491064621864,-0.08924814340322129,0.07930214696317368
tmax_mean,2013,10,Colombia,27.552985760131747,2013-10-01,27.342601851641692,0.21038390849005495,0.09585274634439382
tmax_mean,2013,11,Colombia,26.939097904297117,2013-11-01,27.023911281351822,-0.08481337705470438,0.03733036813411594
tmax_mean,2013,12,Colombia,27.33891103650698,2013-12-01,27.31040940276773,0.028501633739249854,0.012685812145836492
tmax_mean,2014,1,Colombia,28.258010587405128,2014-01-01,28.18783249163459,0.07017809577053669,-0.0395093666950815
tmax_mean,2014,2,Colombia,28.837876664452445,2014-02-01,28.688923107469236,0.14895355698320856,0.007101544236433573
tmax_mean,2014,3,Colombia,28.39123510703275,2014-03-01,28.324168714931773,0.0670663921009762,0.03512026057273646
tmax_mean,2014,4,Colombia,27.699988997510673,2014-04-01,27.442406759284026,0.2575822382266466,0.019764248478431057
tmax_mean,2014,5,Colombia,27.100793496659506,2014-05-01,26.80015901383471,0.30063448282479754,0.051233878161732825
tmax_mean,2014,6,Colombia,26.54226966736862,2014-06-01,26.38386167963741,0.15840798773120923,0.02668868214526654
tmax_mean,2014,7,Colombia,26.793487392749352,2014-07-01,26.382576015466032,0.4109113772833197,0.0666468573091527
tmax_mean,2014,8,Colombia,27.074920476417763,2014-08-01,27.085446492873942,-0.010526016456179121,0.12233601135299121
tmax_mean,2014,9,Colombia,27.726213396047157,2014-09-01,27.473491064621864,0.2527223314252929,0.15083355092203407
tmax_mean,2014,10,Colombia,27.201742625248997,2014-10-01,27.342601851641692,-0.14085922639269555,0.12156328968180485
tmax_mean,2014,11,Colombia,27.06352397858378,2014-11-01,27.023911281351822,0.03961269723195926,0.1319321292056935
tmax_mean,2014,12,Colombia,27.644731481101278,2014-12-01,27.31040940276773,0.33432207833354965,0.15741716625521848
tmax_mean,2015,1,Colombia,27.693615671097277,2015-01-01,28.18783249163459,-0.4942168205373143,0.11038425656289756
tmax_mean,2015,2,Colombia,28.44618640991758,2015-02-01,28.688923107469236,-0.24273669755165628,0.07774340201832548
tmax_mean,2015,3,Colombia,28.315145559387968,2015-03-01,28.324168714931773,-0.009023155543804506,0.07140260638126043
tmax_mean,2015,4,Colombia,27.612059305059503,2015-04-01,27.442406759284026,0.1696525457754774,0.06407513201032966
tmax_mean,2015,5,Colombia,27.45141829439782,2015-05-01,26.80015901383471,0.6512592805631101,0.09329386515518905
tmax_mean,2015,6,Colombia,26.73545496982637,2015-06-01,26.38386167963741,0.351593290188962,0.10939264036000178
tmax_mean,2015,7,Colombia,26.90399515434426,2015-07-01,26.382576015466032,0.5214191388782261,0.11860162049291063
tmax_mean,2015,8,Colombia,27.7135438207458,2015-08-01,27.085446492873942,0.6280973278718598,0.17182023252024722
tmax_mean,2015,9,Colombia,28.832869789801858,2015-09-01,27.473491064621864,1.3593787251799938,0.2640415986664723
tmax_mean,2015,10,Colombia,28.287142700378304,2015-10-01,27.342601851641692,0.9445408487366116,0.3544916049272479
tmax_mean,2015,11,Colombia,27.509183493388097,2015-11-01,27.023911281351822,0.4852722120362749,0.39162989782760754
tmax_mean,2015,12,Colombia,28.23927928965705,2015-12-01,27.31040940276773,0.9288698868893199,0.4411755485405884
tmax_mean,2016,1,Colombia,30.298344377591484,2016-01-01,28.18783249163459,2.1105118859568925,0.6582362740817723
tmax_mean,2016,2,Colombia,29.70530249086089,2016-02-01,28.688923107469236,1.016379383391655,0.7631626141603816
tmax_mean,2016,3,Colombia,29.681875296124495,2016-03-01,28.324168714931773,1.3577065811927227,0.8770567588884255
tmax_mean,2016,4,Colombia,28.01998888237436,2016-04-01,27.442406759284026,0.577582123090334,0.9110508903313302
tmax_mean,2016,5,Colombia,27.193636134504526,2016-05-01,26.80015901383471,0.393477120669818,0.8895690436735558
tmax_mean,2016,6,Colombia,26.58574254362645,2016-06-01,26.38386167963741,0.20188086398903948,0.8770930081568956
tmax_mean,2016,7,Colombia,26.478895117664138,2016-07-01,26.382576015466032,0.09631910219810536,0.8416680051002189
tmax_mean,2016,8,Colombia,27.765655207697638,2016-08-01,27.085446492873942,0.6802087148236957,0.8460106206795386
tmax_mean,2016,9,Colombia,27.661581722429506,2016-09-01,27.473491064621864,0.188090657807642,0.7484032817318426
tmax_mean,2016,10,Colombia,27.626126597835007,2016-10-01,27.342601851641692,0.283524746193315,0.6933186065199012
tmax_mean,2016,11,Colombia,27.410313725048642,2016-11-01,27.023911281351822,0.3864024436968201,0.68507945915828
tmax_mean,2016,12,Colombia,27.05085799977157,2016-12-01,27.31040940276773,-0.2595514029961592,0.5860443516678234
tmax_mean,2017,1,Colombia,27.429977146563886,2017-01-01,28.18783249163459,-0.7578553450707055,0.34701374908219024
tmax_mean,2017,2,Colombia,29.127561858171,2017-02-01,28.688923107469236,0.43863875070176306,0.29886869635803254
tmax_mean,2017,3,Colombia,27.935268201774054,2017-03-01,28.324168714931773,-0.38890051315771856,0.15331810516216246
tmax_mean,2017,4,Colombia,28.255853479474577,2017-04-01,27.442406759284026,0.8134467201905515,0.17297348825384726
tmax_mean,2017,5,Colombia,27.493349698379372,2017-05-01,26.80015901383471,0.693190684544664,0.19794961857675109
tmax_mean,2017,6,Colombia,26.91804379499016,2017-06-01,26.38386167963741,0.5341821153527526,0.22564138952372717
tmax_mean,2017,7,Colombia,26.63061728722734,2017-07-01,26.382576015466032,0.2480412717613092,0.23828490365399416
tmax_mean,2017,8,Colombia,28.19845037363656,2017-08-01,27.085446492873942,1.1130038807626192,0.2743511674822378
tmax_mean,2017,9,Colombia,28.273257927774292,2017-09-01,27.473491064621864,0.7997668631524277,0.3253241845943033
tmax_mean,2017,10,Colombia,27.85817730829209,2017-10-01,27.342601851641692,0.5155754566503958,0.34466174379906
tmax_mean,2017,11,Colombia,27.492417193431244,2017-11-01,27.023911281351822,0.46850591207942216,0.3515036994976102
tmax_mean,2017,12,Colombia,28.275134396878368,2017-12-01,27.31040940276773,0.9647249941106395,0.4535267325898434
tmax_mean,2018,1,Colombia,27.638466121264027,2018-01-01,28.18783249163459,-0.5493663703705636,0.4709008138148552
tmax_mean,2018,2,Colombia,29.474066988263722,2018-02-01,28.688923107469236,0.7851438807944859,0.49977624132258214
tmax_mean,2018,3,Colombia,29.116394024092422,2018-03-01,28.324168714931773,0.7922253091606493,0.5982033931824461
tmax_mean,2018,4,Colombia,27.19050479337223,2018-04-01,27.442406759284026,-0.25190196591179514,0.5094243360072506
tmax_mean,2018,5,Colombia,26.637661460366783,2018-05-01,26.80015901383471,-0.16249755346792583,0.43811698283953476
tmax_mean,2018,6,Colombia,26.319211241948807,2018-06-01,26.38386167963741,-0.06465043768860212,0.3882142700860885
tmax_mean,2018,7,Colombia,26.82869504542289,2018-07-01,26.382576015466032,0.4461190299568578,0.40472074993571755
tmax_mean,2018,8,Colombia,27.55294783958368,2018-08-01,27.085446492873942,0.46750134670973864,0.3509288720979775
tmax_mean,2018,9,Colombia,28.03395169074989,2018-09-01,27.473491064621864,0.5604606261280267,0.3309866856792774
tmax_mean,2018,10,Colombia,27.517852238618712,2018-10-01,27.342601851641692,0.17525038697701945,0.30262626320649605
tmax_mean,2018,11,Colombia,27.50910128133644,2018-11-01,27.023911281351822,0.48518999998461965,0.3040166038652625
tmax_mean,2018,12,Colombia,28.07458996623589,2018-12-01,27.31040940276773,0.7641805634681624,0.28730456797838944
tmax_mean,2019,1,Colombia,28.739246590761393,2019-01-01,28.18783249163459,0.5514140991268022,0.37903627376983656
tmax_mean,2019,2,Colombia,29.35870951761595,2019-02-01,28.688923107469236,0.6697864101467133,0.3694231512158555
tmax_mean,2019,3,Colombia,28.902501159261803,2019-03-01,28.324168714931773,0.5783324443300302,0.3515987458133039
tmax_mean,2019,4,Colombia,28.328269210579734,2019-04-01,27.442406759284026,0.8858624512957078,0.44641244724726253
tmax_mean,2019,5,Colombia,27.449684003723096,2019-05-01,26.80015901383471,0.6495249898883877,0.5140809925269553
tmax_mean,2019,6,Colombia,26.837725908299507,2019-06-01,26.38386167963741,0.4538642286620984,0.5572905480561804
tmax_mean,2019,7,Colombia,27.10811090294304,2019-07-01,26.382576015466032,0.7255348874770071,0.5805752028495261
tmax_mean,2019,8,Colombia,27.864526326129344,2019-08-01,27.085446492873942,0.7790798332554019,0.6065400767283314
tmax_mean,2019,9,Colombia,28.79194590040252,2019-09-01,27.473491064621864,1.3184548357806563,0.6697062608660506
tmax_mean,2019,10,Colombia,27.55988348169094,2019-10-01,27.342601851641692,0.2172816300492464,0.6732088644554027
tmax_mean,2019,11,Colombia,27.704230759614372,2019-11-01,27.023911281351822,0.6803194782625503,0.689469654311897
tmax_mean,2019,12,Colombia,27.89933776806499,2019-12-01,27.31040940276773,0.5889283652972601,0.6748653044643218
tmax_mean,2020,1,Colombia,29.405084594667887,2020-01-01,28.18783249163459,1.217252103033296,0.730351804789863
tmax_mean,2020,2,Colombia,30.350615340854983,2020-02-01,28.688923107469236,1.6616922333857467,0.8130106233931157
tmax_mean,2020,3,Colombia,30.158578399752027,2020-03-01,28.324168714931773,1.8344096848202547,0.9176837267673011
tmax_mean,2020,4,Colombia,28.725435284936182,2020-04-01,27.442406759284026,1.2830285256521563,0.9507808996303385
tmax_mean,2020,5,Colombia,27.659871778286302,2020-05-01,26.80015901383471,0.8597127644515936,0.9682965475106057
tmax_mean,2020,6,Colombia,27.284506193999487,2020-06-01,26.38386167963741,0.900644514362078,1.0055282379856039
tmax_mean,2020,7,Colombia,27.001940845520732,2020-07-01,26.382576015466032,0.6193648300546997,0.9966807332004116
tmax_mean,2020,8,Colombia,27.388284232749808,2020-08-01,27.085446492873942,0.3028377398758657,0.9569938920854503
tmax_mean,2020,9,Colombia,28.090521820118816,2020-09-01,27.473491064621864,0.6170307554969519,0.8985418853951416
tmax_mean,2020,10,Colombia,28.193310465442067,2020-10-01,27.342601851641692,0.850708613800375,0.9513274673744023
tmax_mean,2020,11,Colombia,27.290135358904784,2020-11-01,27.023911281351822,0.2662240775529625,0.91681951731527
tmax_mean,2020,12,Colombia,27.45393001976089,2020-12-01,27.31040940276773,0.1435206169931611,0.8797022049565951
tmax_mean,2021,1,Colombia,28.149231675505938,2021-01-01,28.18783249163459,-0.03860081612865329,0.7750477950264326
tmax_mean,2021,2,Colombia,29.501093097149045,2021-02-01,28.688923107469236,0.8121699896798091,0.7042542747176045
tmax_mean,2021,3,Colombia,28.077841026203167,2021-03-01,28.324168714931773,-0.24632768872860566,0.5308594935885328
tmax_mean,2021,4,Colombia,27.43979161014111,2021-04-01,27.442406759284026,-0.002615149142915385,0.4237225206889435
tmax_mean,2021,5,Colombia,26.757904974867095,2021-05-01,26.80015901383471,-0.04225403896761293,0.34855862040400964
tmax_mean,2021,6,Colombia,26.64660924412122,2021-06-01,26.38386167963741,0.26274756448381,0.2954005412474873
tmax_mean,2021,7,Colombia,26.476405980731858,2021-07-01,26.382576015466032,0.09382996526582588,0.2516059691817478
tmax_mean,2021,8,Colombia,27.199620132739664,2021-08-01,27.085446492873942,0.11417363986572227,0.2358839608475692
tmax_mean,2021,9,Colombia,27.78690961504154,2021-09-01,27.473491064621864,0.3134185504196765,0.21058294375779626
tmax_mean,2021,10,Colombia,27.78620748903738,2021-10-01,27.342601851641692,0.44360563739568803,0.17665769572407233
tmax_mean,2021,11,Colombia,27.571386496299333,2021-11-01,27.023911281351822,0.5474752149475108,0.20009529050695138
tmax_mean,2021,12,Colombia,28.13036830112646,2021-12-01,27.31040940276773,0.8199588983587311,0.25646514728741554
tmax_mean,2022,1,Colombia,28.918860336300444,2022-01-01,28.18783249163459,0.7310278446658529,0.32060086902029106
tmax_mean,2022,2,Colombia,28.569753685717235,2022-02-01,28.688923107469236,-0.11916942175200163,0.2429892514009735
tmax_mean,2022,3,Colombia,27.88005346534005,2022-03-01,28.324168714931773,-0.44411524959172155,0.2265069546623805
tmax_mean,2022,4,Colombia,27.498925204005907,2022-04-01,27.442406759284026,0.05651844472188117,0.23143475415111356
tmax_mean,2022,5,Colombia,26.756295865626786,2022-05-01,26.80015901383471,-0.043863148207922364,0.2313006617144211
tmax_mean,2022,6,Colombia,26.09596917580578,2022-06-01,26.38386167963741,-0.28789250383162823,0.18541398935480125
tmax_mean,2022,7,Colombia,26.731846106079544,2022-07-01,26.382576015466032,0.349270090613512,0.2067006664671084
tmax_mean,2022,8,Colombia,27.206843961024994,2022-08-01,27.085446492873942,0.12139746815105212,0.20730265215755259
tmax_mean,2022,9,Colombia,28.00641494362744,2022-09-01,27.473491064621864,0.5329238790055761,0.22559476287304422
tmax_mean,2022,10,Colombia,27.504473877939265,2022-10-01,27.342601851641692,0.1618720262975728,0.20211696194820128
tmax_mean,2022,11,Colombia,26.924413671526427,2022-11-01,27.023911281351822,-0.09949760982539502,0.14820255988379247
tmax_mean,2022,12,Colombia,27.91361752163882,2022-12-01,27.31040940276773,0.6032081188710912,0.13013999492648912
tmax_mean,2023,1,Colombia,27.656981831033942,2023-01-01,28.18783249163459,-0.5308506606006489,0.02498345282094731
tmax_mean,2023,2,Colombia,29.043577960872945,2023-02-01,28.688923107469236,0.3546548534037086,0.06446880908392316
tmax_mean,2023,3,Colombia,28.361787467104794,2023-03-01,28.324168714931773,0.03761875217302091,0.10461330923098504
tmax_mean,2023,4,Colombia,27.96314921872561,2023-04-01,27.442406759284026,0.5207424594415855,0.14329864379096038
tmax_mean,2023,5,Colombia,28.023910100344082,2023-05-01,26.80015901383471,1.223751086509374,0.2489331633507351
tmax_mean,2023,6,Colombia,27.226849711685094,2023-06-01,26.38386167963741,0.8429880320476855,0.3431732080073446
tmax_mean,2023,7,Colombia,27.574994167791488,2023-07-01,26.382576015466032,1.1924181523254553,0.41343554648333986
tmax_mean,2023,8,Colombia,28.796108945010243,2023-08-01,27.085446492873942,1.710662452136301,0.5458742951487773
tmax_mean,2023,9,Colombia,29.479479636933828,2023-09-01,27.473491064621864,2.0059885723119635,0.6686296862576429
tmax_mean,2023,10,Colombia,29.414497223413477,2023-10-01,27.342601851641692,2.0718953717717845,0.8277982983804938
tmax_mean,2023,11,Colombia,28.551003800234867,2023-11-01,27.023911281351822,1.5270925188830446,0.9633474757728638
tmax_mean,2023,12,Colombia,28.675630426698188,2023-12-01,27.31040940276773,1.3652210239304594,1.0268485511944778
tmax_mean,2024,1,Colombia,30.272678655107192,2024-01-01,28.18783249163459,2.0848461634726014,1.2448232865339153
tmax_mean,2024,2,Colombia,29.767169764065695,2024-02-01,28.688923107469236,1.078246656596459,1.3051226034666445
tmax_mean,2024,3,Colombia,30.36380765173821,2024-03-01,28.324168714931773,2.039638936806437,1.4719576188527626
tmax_mean,2024,4,Colombia,29.252373888044517,2024-04-01,27.442406759284026,1.8099671287604906,1.5793930079626712
tmax_mean,2024,5,Colombia,27.84085761016775,2024-05-01,26.80015901383471,1.0406985963330406,1.5641386337813101
tmax_mean,2024,6,Colombia,27.355410211296388,2024-06-01,26.38386167963741,0.9715485316589785,1.574852008748918
tmax_mean,2024,7,Colombia,27.23561801323735,2024-07-01,26.382576015466032,0.8530419977713173,1.5465706625360731
tmax_mean,2024,8,Colombia,28.49630347425759,2024-08-01,27.085446492873942,1.410856981383649,1.5215868733066855
tmax_mean,2024,9,Colombia,29.60639878513444,2024-09-01,27.473491064621864,2.132907720512577,1.5321634689900698
tmax_mean,2024,10,Colombia,29.044031576302487,2024-10-01,27.342601851641692,1.7014297246607946,1.5012913317308207
tmax_mean,2024,11,Colombia,27.88738150052361,2024-11-01,27.023911281351822,0.8634702191717878,1.4459894734215493
tmax_mean,2024,12,Colombia,28.0718978294338,2024-12-01,27.31040940276773,0.7614884266660731,1.3956784236495172
tmax_mean,2025,1,Colombia,28.439501654265097,2025-01-01,28.18783249163459,0.2516691626305061,1.2429136735793425
tmax_mean,2025,2,Colombia,28.309184109755183,2025-02-01,28.688923107469236,-0.3797389977140533,1.1214148690534664
tmax_mean,2025,3,Colombia,28.552918089702505,2025-03-01,28.324168714931773,0.22874937477073232,0.9705074055504911
tmax_mean,2025,4,Colombia,27.777573172854332,2025-04-01,27.442406759284026,0.3351664135703061,0.847607345951309
tmax_mean,2025,5,Colombia,26.91920387326128,2025-05-01,26.80015901383471,0.11904485942657317,0.7708028678757701
tmax_mean,2025,6,Colombia,26.443342873907387,2025-06-01,26.38386167963741,0.05948119426997778,0.6947972564266868
tmax_mean,2025,7,Colombia,26.41810990826693,2025-07-01,26.382576015466032,0.035533892800899025,0.6266715810124852
tmax_mean,2025,8,Colombia,27.26841359467798,2025-08-01,27.085446492873942,0.18296710180403863,0.524347424380851
tmax_mean,2025,9,Colombia,27.893018387653296,2025-09-01,27.473491064621864,0.41952732303143137,0.38156572459075555
tmax_mean,2025,10,Colombia,27.637236951128312,2025-10-01,27.342601851641692,0.29463509948661937,0.2643328391595743
tmax_mean,2025,11,Colombia,27.286312386025042,2025-11-01,27.023911281351822,0.26240110467322,0.21424374628469364
tmax_mean,2025,12,Colombia,27.965116934097004,2025-12-01,27.31040940276773,0.6547075313292758,0.20534533833996052
tmax_mean,2026,1,Colombia,27.304716768260832,2026-01-01,28.18783249163459,-0.8831157233737592,0.11077993117293843
tmax_mean,2026,2,Colombia,28.156298312547715,2026-02-01,28.688923107469236,-0.5326247949215208,0.09803944807231613
tmax_mean,2026,3,Colombia,29.095053992809017,2026-03-01,28.324168714931773,0.7708852778772446,0.14321743999785883
tmax_mean,1991,1,Orinoquia,30.927773380318826,1991-01-01,30.857722400511822,0.0700509798070037,
tmax_mean,1991,2,Orinoquia,30.9038809499365,1991-02-01,31.55172525220367,-0.6478443022671705,
tmax_mean,1991,3,Orinoquia,29.748194775574685,1991-03-01,30.7059995743421,-0.9578047987674161,
tmax_mean,1991,4,Orinoquia,27.95450937306098,1991-04-01,28.975735702487654,-1.0212263294266748,
tmax_mean,1991,5,Orinoquia,27.71156671012578,1991-05-01,27.97594327649131,-0.26437656636553086,
tmax_mean,1991,6,Orinoquia,26.925405346200993,1991-06-01,27.228835490380888,-0.3034301441798952,
tmax_mean,1991,7,Orinoquia,26.299717760375206,1991-07-01,27.106309699332076,-0.8065919389568705,
tmax_mean,1991,8,Orinoquia,27.22644775890313,1991-08-01,28.09334837974164,-0.8669006208385106,
tmax_mean,1991,9,Orinoquia,28.024753097870082,1991-09-01,28.909942904063907,-0.885189806193825,
tmax_mean,1991,10,Orinoquia,28.29952356199667,1991-10-01,29.028527741180604,-0.729004179183935,
tmax_mean,1991,11,Orinoquia,28.282711819914873,1991-11-01,28.765630139042038,-0.4829183191271653,
tmax_mean,1991,12,Orinoquia,29.069821462740563,1991-12-01,29.284766601810894,-0.21494513907033053,-0.5925150970475267
tmax_mean,1992,1,Orinoquia,30.736918773950855,1992-01-01,30.857722400511822,-0.1208036265609671,-0.608419647578191
tmax_mean,1992,2,Orinoquia,32.497282542757524,1992-02-01,31.55172525220367,0.9455572905538538,-0.47563618150977227
tmax_mean,1992,3,Orinoquia,30.954504829450844,1992-03-01,30.7059995743421,0.24850525510874277,-0.37511034368675905
tmax_mean,1992,4,Orinoquia,29.080174536436882,1992-04-01,28.975735702487654,0.10443883394922793,-0.2813049134054338
tmax_mean,1992,5,Orinoquia,28.512524500081188,1992-05-01,27.97594327649131,0.5365812235898773,-0.2145584309091498
tmax_mean,1992,6,Orinoquia,27.480884924710452,1992-06-01,27.228835490380888,0.25204943432956384,-0.16826846603336154
tmax_mean,1992,7,Orinoquia,26.16120506353464,1992-07-01,27.106309699332076,-0.9451046357974349,-0.17981119077007524
tmax_mean,1992,8,Orinoquia,27.304612545276747,1992-08-01,28.09334837974164,-0.7887358344648945,-0.17329745857227388
tmax_mean,1992,9,Orinoquia,28.09342655060579,1992-09-01,28.909942904063907,-0.8165163534581161,-0.16757467084429814
tmax_mean,1992,10,Orinoquia,28.773813158944403,1992-10-01,29.028527741180604,-0.25471458223620047,-0.12805053776532027
tmax_mean,1992,11,Orinoquia,28.0015152037206,1992-11-01,28.765630139042038,-0.7641149353214374,-0.15148358911484294
tmax_mean,1992,12,Orinoquia,28.87671305954045,1992-12-01,29.284766601810894,-0.4080535422704443,-0.16757595604818576
tmax_mean,1993,1,Orinoquia,29.564024586637256,1993-01-01,30.857722400511822,-1.2936978138745658,-0.26531713832431897
tmax_mean,1993,2,Orinoquia,30.524050489735,1993-02-01,31.55172525220367,-1.0276747624686706,-0.4297531427428627
tmax_mean,1993,3,Orinoquia,28.738131865911537,1993-03-01,30.7059995743421,-1.967867708430564,-0.6144508897044716
tmax_mean,1993,4,Orinoquia,28.43009958185704,1993-04-01,28.975735702487654,-0.5456361206306148,-0.6686238025861252
tmax_mean,1993,5,Orinoquia,27.97130031295936,1993-05-01,27.97594327649131,-0.0046429635319498175,-0.7137258181796108
tmax_mean,1993,6,Orinoquia,27.015368276818272,1993-06-01,27.228835490380888,-0.2134672135626161,-0.7525188721706257
tmax_mean,1993,7,Orinoquia,27.101243983333465,1993-07-01,27.106309699332076,-0.0050657159986116085,-0.6741822955207238
tmax_mean,1993,8,Orinoquia,27.65663321780764,1993-08-01,28.09334837974164,-0.43671516193399995,-0.6448472394764826
tmax_mean,1993,9,Orinoquia,28.346761629014072,1993-09-01,28.909942904063907,-0.5631812750498355,-0.6237359829424592
tmax_mean,1993,10,Orinoquia,28.444037670640633,1993-10-01,29.028527741180604,-0.5844900705399709,-0.65121727363444
tmax_mean,1993,11,Orinoquia,28.06541110010863,1993-11-01,28.765630139042038,-0.7002190389334082,-0.6458926156021043
tmax_mean,1993,12,Orinoquia,29.264961786279493,1993-12-01,29.284766601810894,-0.019804815531401232,-0.6135385550405174
tmax_mean,1994,1,Orinoquia,31.55227120621999,1994-01-01,30.857722400511822,0.6945488057081697,-0.4478513367419561
tmax_mean,1994,2,Orinoquia,31.074585415299975,1994-02-01,31.55172525220367,-0.4771398369036959,-0.4019734262782082
tmax_mean,1994,3,Orinoquia,29.335199836810773,1994-03-01,30.7059995743421,-1.3707997375313283,-0.3522177620366052
tmax_mean,1994,4,Orinoquia,28.286481757046893,1994-04-01,28.975735702487654,-0.6892539454407611,-0.36418591410411744
tmax_mean,1994,5,Orinoquia,27.687785222734572,1994-05-01,27.97594327649131,-0.28815805375673875,-0.3878121716228498
tmax_mean,1994,6,Orinoquia,26.836385930065628,1994-06-01,27.228835490380888,-0.39244956031526,-0.4027273671855702
tmax_mean,1994,7,Orinoquia,26.353325131247594,1994-07-01,27.106309699332076,-0.7529845680844822,-0.46505393819272606
tmax_mean,1994,8,Orinoquia,27.428717396635424,1994-08-01,28.09334837974164,-0.6646309831062176,-0.4840469232904108
tmax_mean,1994,9,Orinoquia,28.26197825114425,1994-09-01,28.909942904063907,-0.6479646529196579,-0.4911122047795627
tmax_mean,1994,10,Orinoquia,28.36240779361547,1994-10-01,29.028527741180604,-0.6661199475651323,-0.4979146945316595
tmax_mean,1994,11,Orinoquia,28.648281831696636,1994-11-01,28.765630139042038,-0.11734830734540225,-0.44934213356599234
tmax_mean,1994,12,Orinoquia,29.473418953920188,1994-12-01,29.284766601810894,0.18865235210929399,-0.4319707029292677
tmax_mean,1995,1,Orinoquia,30.878516863245643,1995-01-01,30.857722400511822,0.02079446273382146,-0.48811689817713005
tmax_mean,1995,2,Orinoquia,33.228639542621025,1995-02-01,31.55172525220367,1.6769142904173542,-0.30861238756704257
tmax_mean,1995,3,Orinoquia,30.448917814687842,1995-03-01,30.7059995743421,-0.25708175965425895,-0.2158025560772868
tmax_mean,1995,4,Orinoquia,29.644462803499454,1995-04-01,28.975735702487654,0.6687271010118003,-0.10263746887290666
tmax_mean,1995,5,Orinoquia,28.341447758412,1995-05-01,27.97594327649131,0.36550448192068785,-0.04816559089978778
tmax_mean,1995,6,Orinoquia,27.09480453009238,1995-06-01,27.228835490380888,-0.13403096028850925,-0.026630707564225215
tmax_mean,1995,7,Orinoquia,27.37005332933685,1995-07-01,27.106309699332076,0.2637436300047753,0.05809664227654624
tmax_mean,1995,8,Orinoquia,28.637124373416963,1995-08-01,28.09334837974164,0.5437759936753217,0.15879722367500784
tmax_mean,1995,9,Orinoquia,28.87032100553115,1995-09-01,28.909942904063907,-0.03962189853275788,0.20949245320724952
tmax_mean,1995,10,Orinoquia,28.804621248200895,1995-10-01,29.028527741180604,-0.2239064929797081,0.24634357442270152
tmax_mean,1995,11,Orinoquia,28.842479312038,1995-11-01,28.765630139042038,0.0768491729959635,0.262526697784482
tmax_mean,1995,12,Orinoquia,29.68693272037019,1995-12-01,29.284766601810894,0.40216611855929685,0.2803195116553156
tmax_mean,1996,1,Orinoquia,31.444058920288164,1996-01-01,30.857722400511822,0.5863365197763422,0.32744801640885896
tmax_mean,1996,2,Orinoquia,29.611108556568666,1996-02-01,31.55172525220367,-1.9406166956350042,0.02598710090449578
tmax_mean,1996,3,Orinoquia,31.207964799331577,1996-03-01,30.7059995743421,0.5019652249894762,0.0892410162914737
tmax_mean,1996,4,Orinoquia,29.78292590060819,1996-04-01,28.975735702487654,0.8071901981205372,0.10077960771720178
tmax_mean,1996,5,Orinoquia,27.581565492190084,1996-05-01,27.97594327649131,-0.39437778430122705,0.037456085532042195
tmax_mean,1996,6,Orinoquia,26.634832842316218,1996-06-01,27.228835490380888,-0.5940026480646701,-0.0008748884493045376
tmax_mean,1996,7,Orinoquia,26.571400561972805,1996-07-01,27.106309699332076,-0.5349091373592714,-0.06742928572964176
tmax_mean,1996,8,Orinoquia,27.823866039630563,1996-08-01,28.09334837974164,-0.26948234011107886,-0.13520081354517513
tmax_mean,1996,9,Orinoquia,28.352152950378613,1996-09-01,28.909942904063907,-0.5577899536852939,-0.1783814848078865
tmax_mean,1996,10,Orinoquia,28.656579491976007,1996-10-01,29.028527741180604,-0.37194824920459624,-0.19071829782662716
tmax_mean,1996,11,Orinoquia,28.19252696928075,1996-11-01,28.765630139042038,-0.5731031697612892,-0.2448809930563982
tmax_mean,1996,12,Orinoquia,28.223185774217402,1996-12-01,29.284766601810894,-1.0615808275934917,-0.36685990523579726
tmax_mean,1997,1,Orinoquia,30.518175292687573,1997-01-01,30.857722400511822,-0.3395471078242487,-0.4440168742025132
tmax_mean,1997,2,Orinoquia,28.62750651103275,1997-02-01,31.55172525220367,-2.9242187411709217,-0.5259837113305063
tmax_mean,1997,3,Orinoquia,30.87043023685227,1997-03-01,30.7059995743421,0.16443066251016702,-0.5541115915371154
tmax_mean,1997,4,Orinoquia,28.8650623675124,1997-04-01,28.975735702487654,-0.11067333497525311,-0.6306002192950979
tmax_mean,1997,5,Orinoquia,27.259586163948875,1997-05-01,27.97594327649131,-0.7163571125424362,-0.6574318299818653
tmax_mean,1997,6,Orinoquia,27.720038976345524,1997-06-01,27.228835490380888,0.49120348596463614,-0.5669979854794231
tmax_mean,1997,7,Orinoquia,27.272181750848922,1997-07-01,27.106309699332076,0.16587205151684614,-0.50859955307308
tmax_mean,1997,8,Orinoquia,27.926083653835857,1997-08-01,28.09334837974164,-0.16726472590578467,-0.5000814185559722
tmax_mean,1997,9,Orinoquia,29.16918508251136,1997-09-01,28.909942904063907,0.259242178447451,-0.4319954075449101
tmax_mean,1997,10,Orinoquia,29.702188282831795,1997-10-01,29.028527741180604,0.6736605416511914,-0.3448613416402611
tmax_mean,1997,11,Orinoquia,29.14092815512024,1997-11-01,28.765630139042038,0.3752980160782009,-0.26582790948697027
tmax_mean,1997,12,Orinoquia,30.63462178597146,1997-12-01,29.284766601810894,1.3498551841605675,-0.06487490850746536
tmax_mean,1998,1,Orinoquia,32.443215370916676,1998-01-01,30.857722400511822,1.5854929704048537,0.09554509801162651
tmax_mean,1998,2,Orinoquia,31.595012180736646,1998-02-01,31.55172525220367,0.04328692853297511,0.3428372371536179
tmax_mean,1998,3,Orinoquia,31.1840338438478,1998-03-01,30.7059995743421,0.4780342695056987,0.3689708710699122
tmax_mean,1998,4,Orinoquia,29.067832807614245,1998-04-01,28.975735702487654,0.09209710512659086,0.38586840774506587
tmax_mean,1998,5,Orinoquia,27.985555592619836,1998-05-01,27.97594327649131,0.009612316128524867,0.4463658601343126
tmax_mean,1998,6,Orinoquia,27.158441156004066,1998-06-01,27.228835490380888,-0.07039433437682163,0.39956604177252447
tmax_mean,1998,7,Orinoquia,27.367891025876062,1998-07-01,27.106309699332076,0.26158132654398614,0.40754181469145284
tmax_mean,1998,8,Orinoquia,28.52933563250996,1998-08-01,28.09334837974164,0.4359872527683173,0.45781281291429465
tmax_mean,1998,9,Orinoquia,28.85111289438361,1998-09-01,28.909942904063907,-0.05883000968029606,0.4313067972369824
tmax_mean,1998,10,Orinoquia,28.920910364020788,1998-10-01,29.028527741180604,-0.10761737715981567,0.3662003040027318
tmax_mean,1998,11,Orinoquia,28.475591573088522,1998-11-01,28.765630139042038,-0.29003856595351607,0.3107555888334221
tmax_mean,1998,12,Orinoquia,28.6108753955258,1998-12-01,29.284766601810894,-0.673891206285095,0.1421100562962835
tmax_mean,1999,1,Orinoquia,28.96010433547434,1999-01-01,30.857722400511822,-1.8976180650374808,-0.14814919665724435
tmax_mean,1999,2,Orinoquia,28.86630389547369,1999-02-01,31.55172525220367,-2.6854213567299823,-0.3755415537624908
tmax_mean,1999,3,Orinoquia,29.76548418192498,1999-03-01,30.7059995743421,-0.9405153924171223,-0.4937540255893926
tmax_mean,1999,4,Orinoquia,27.458024375665925,1999-04-01,28.975735702487654,-1.517711326821729,-0.6279047282517526
tmax_mean,1999,5,Orinoquia,27.88759994751508,1999-05-01,27.97594327649131,-0.08834332897622943,-0.6360676986771487
tmax_mean,1999,6,Orinoquia,27.223888557266154,1999-06-01,27.228835490380888,-0.004946933114734264,-0.6306137485719748
tmax_mean,1999,7,Orinoquia,26.92365843720659,1999-07-01,27.106309699332076,-0.18265126212548566,-0.6676331309610974
tmax_mean,1999,8,Orinoquia,27.50486847916835,1999-08-01,28.09334837974164,-0.5884799005732901,-0.7530053937395648
tmax_mean,1999,9,Orinoquia,28.3361782010346,1999-09-01,28.909942904063907,-0.5737647030293083,-0.7959166181853158
tmax_mean,1999,10,Orinoquia,28.517706111009236,1999-10-01,29.028527741180604,-0.5108216301713675,-0.8295169726029451
tmax_mean,1999,11,Orinoquia,28.798731576182707,1999-11-01,28.765630139042038,0.03310143714066882,-0.802588639011763
tmax_mean,1999,12,Orinoquia,28.69975879179059,1999-12-01,29.284766601810894,-0.5850078100203042,-0.7951816893230305
tmax_mean,2000,1,Orinoquia,30.63218523799809,2000-01-01,30.857722400511822,-0.22553716251373146,-0.655841614112718
tmax_mean,2000,2,Orinoquia,31.21082658060988,2000-02-01,31.55172525220367,-0.3408986715937914,-0.4604647236847021
tmax_mean,2000,3,Orinoquia,31.213357760069865,2000-03-01,30.7059995743421,0.5073581857277638,-0.3398085921726282
tmax_mean,2000,4,Orinoquia,28.292134779190075,2000-04-01,28.975735702487654,-0.683600923297579,-0.2702993918789491
tmax_mean,2000,5,Orinoquia,27.30388609972937,2000-05-01,27.97594327649131,-0.672057176761939,-0.3189422125277582
tmax_mean,2000,6,Orinoquia,26.61981226151242,2000-06-01,27.228835490380888,-0.6090232288684696,-0.36928190384056947
tmax_mean,2000,7,Orinoquia,26.52183798375627,2000-07-01,27.106309699332076,-0.5844717155758055,-0.4027669416280961
tmax_mean,2000,8,Orinoquia,27.566438660075935,2000-08-01,28.09334837974164,-0.5269097196657064,-0.3976360932191308
tmax_mean,2000,9,Orinoquia,28.157126309087396,2000-09-01,28.909942904063907,-0.7528165949765118,-0.4125570842147311
tmax_mean,2000,10,Orinoquia,28.16807749122908,2000-10-01,29.028527741180604,-0.8604502499515227,-0.441692802529744
tmax_mean,2000,11,Orinoquia,28.63900190987336,2000-11-01,28.765630139042038,-0.1266282291686771,-0.45500360805552287
tmax_mean,2000,12,Orinoquia,28.256142904148184,2000-12-01,29.284766601810894,-1.0286236976627094,-0.49197159869239
tmax_mean,2001,1,Orinoquia,30.00852441633425,2001-01-01,30.857722400511822,-0.8491979841775716,-0.5439433338310433
tmax_mean,2001,2,Orinoquia,31.450938527142455,2001-02-01,31.55172525220367,-0.10078672506121578,-0.5239340049533286
tmax_mean,2001,3,Orinoquia,30.747019319820264,2001-03-01,30.7059995743421,0.04101974547816312,-0.5627955416407954
tmax_mean,2001,4,Orinoquia,29.21604117022629,2001-04-01,28.975735702487654,0.24030546773863648,-0.48580334238777745
tmax_mean,2001,5,Orinoquia,28.00815994647671,2001-05-01,27.97594327649131,0.03221666998539874,-0.42711385515883266
tmax_mean,2001,6,Orinoquia,26.304257070371495,2001-06-01,27.228835490380888,-0.9245784200093929,-0.45341012108724293
tmax_mean,2001,7,Orinoquia,27.043734394415633,2001-07-01,27.106309699332076,-0.06257530491644303,-0.40991875353229607
tmax_mean,2001,8,Orinoquia,27.815709719760402,2001-08-01,28.09334837974164,-0.27763865998123904,-0.3891461652252571
tmax_mean,2001,9,Orinoquia,28.169362263432024,2001-09-01,28.909942904063907,-0.7405806406318831,-0.38812650236320473
tmax_mean,2001,10,Orinoquia,28.92388386222839,2001-10-01,29.028527741180604,-0.1046438789522135,-0.3251426381132623
tmax_mean,2001,11,Orinoquia,28.76239791414044,2001-11-01,28.765630139042038,-0.0032322249015983573,-0.3148596377576724
tmax_mean,2001,12,Orinoquia,28.216540332803152,2001-12-01,29.284766601810894,-1.0682262690077415,-0.31815985203642505
tmax_mean,2002,1,Orinoquia,30.23522160300954,2002-01-01,30.857722400511822,-0.6225007975022834,-0.29926841981348434
tmax_mean,2002,2,Orinoquia,31.997988540409906,2002-02-01,31.55172525220367,0.44626328820623584,-0.2536809187078634
tmax_mean,2002,3,Orinoquia,30.41207783769318,2002-03-01,30.7059995743421,-0.2939217366489224,-0.2815927088851205
tmax_mean,2002,4,Orinoquia,28.114134571348245,2002-04-01,28.975735702487654,-0.861601131139409,-0.3734182587916243
tmax_mean,2002,5,Orinoquia,27.67493728416388,2002-05-01,27.97594327649131,-0.3010059923274291,-0.40118681398435996
tmax_mean,2002,6,Orinoquia,26.666051101721322,2002-06-01,27.228835490380888,-0.5627843886595656,-0.37103731137187435
tmax_mean,2002,7,Orinoquia,27.110919943227042,2002-07-01,27.106309699332076,0.004610243894966004,-0.3654385156375903
tmax_mean,2002,8,Orinoquia,27.802979102597355,2002-08-01,28.09334837974164,-0.2903692771442863,-0.3664994004011775
tmax_mean,2002,9,Orinoquia,28.77557412696658,2002-09-01,28.909942904063907,-0.13436877709732897,-0.31598174510663135
tmax_mean,2002,10,Orinoquia,28.90401092385706,2002-10-01,29.028527741180604,-0.12451681732354203,-0.31763782330424206
tmax_mean,2002,11,Orinoquia,28.374083345849343,2002-11-01,28.765630139042038,-0.3915467931926955,-0.3499973706618335
tmax_mean,2002,12,Orinoquia,29.401957831222457,2002-12-01,29.284766601810894,0.11719122941156357,-0.2512125791268914
tmax_mean,2003,1,Orinoquia,32.37361492195225,2003-01-01,30.857722400511822,1.5158925214404313,-0.07301313588166518
tmax_mean,2003,2,Orinoquia,32.18474245733219,2003-02-01,31.55172525220367,0.633017205128521,-0.057450309471474746
tmax_mean,2003,3,Orinoquia,31.128183757017993,2003-03-01,30.7059995743421,0.42218418267589186,0.0022251838055931117
tmax_mean,2003,4,Orinoquia,28.892292173404883,2003-04-01,28.975735702487654,-0.0834435290827713,0.06707165064364624
tmax_mean,2003,5,Orinoquia,27.508107700056897,2003-05-01,27.97594327649131,-0.467835576434414,0.053169185301397505
tmax_mean,2003,6,Orinoquia,27.18671600059007,2003-06-01,27.228835490380888,-0.042119489790817255,0.0965579268737932
tmax_mean,2003,7,Orinoquia,26.654194682519158,2003-07-01,27.106309699332076,-0.4521150168129182,0.05849748848146952
tmax_mean,2003,8,Orinoquia,27.721471849818162,2003-08-01,28.09334837974164,-0.37187652992347964,0.05170521741653674
tmax_mean,2003,9,Orinoquia,28.292869029003135,2003-09-01,28.909942904063907,-0.6170738750607718,0.011479792586249834
tmax_mean,2003,10,Orinoquia,28.818468871711847,2003-10-01,29.028527741180604,-0.21005886946875663,0.0043512882408152835
tmax_mean,2003,11,Orinoquia,28.711065333194778,2003-11-01,28.765630139042038,-0.05456480584726009,0.032433120519601566
tmax_mean,2003,12,Orinoquia,28.61227405338867,2003-12-01,29.284766601810894,-0.6724925484222233,-0.03337386096654734
tmax_mean,2004,1,Orinoquia,30.95798702903968,2004-01-01,30.857722400511822,0.10026462852785656,-0.15134285204259523
tmax_mean,2004,2,Orinoquia,32.11321831250802,2004-02-01,31.55172525220367,0.5614930603043469,-0.15730319744460974
tmax_mean,2004,3,Orinoquia,30.5857966105288,2004-03-01,30.7059995743421,-0.12020296381330198,-0.20250212631870923
tmax_mean,2004,4,Orinoquia,28.993253536925238,2004-04-01,28.975735702487654,0.0175178344375837,-0.19408867935867966
tmax_mean,2004,5,Orinoquia,27.19226083532658,2004-05-01,27.97594327649131,-0.7836824411647321,-0.2204092514195395
tmax_mean,2004,6,Orinoquia,26.80343534470919,2004-06-01,27.228835490380888,-0.4254001456716985,-0.2523493060762796
tmax_mean,2004,7,Orinoquia,27.068318923053294,2004-07-01,27.106309699332076,-0.037990776278782334,-0.21783895269843492
tmax_mean,2004,8,Orinoquia,27.816061553203635,2004-08-01,28.09334837974164,-0.2772868265380062,-0.20995647741631215
tmax_mean,2004,9,Orinoquia,28.764305189194033,2004-09-01,28.909942904063907,-0.1456377148698742,-0.17067013073373735
tmax_mean,2004,10,Orinoquia,29.05763825042445,2004-10-01,29.028527741180604,0.029110509243846394,-0.15073934917435375
tmax_mean,2004,11,Orinoquia,28.50360643559906,2004-11-01,28.765630139042038,-0.26202370344297776,-0.16802759064066355
tmax_mean,2004,12,Orinoquia,29.026615514033086,2004-12-01,29.284766601810894,-0.25815108777780793,-0.13349913558696228
tmax_mean,2005,1,Orinoquia,30.28473906747779,2005-01-01,30.857722400511822,-0.5729833330340313,-0.18960313238378626
tmax_mean,2005,2,Orinoquia,30.872417815832197,2005-02-01,31.55172525220367,-0.6793074363714737,-0.293003173773438
tmax_mean,2005,3,Orinoquia,31.911742677663376,2005-03-01,30.7059995743421,1.205743103321275,-0.1825076681788899
tmax_mean,2005,4,Orinoquia,28.858579008960312,2005-04-01,28.975735702487654,-0.11715669352734182,-0.19373054550930036
tmax_mean,2005,5,Orinoquia,28.438063923465716,2005-05-01,27.97594327649131,0.46212064697440525,-0.08991362149770558
tmax_mean,2005,6,Orinoquia,27.98143508748956,2005-06-01,27.228835490380888,0.7525995971086736,0.008253023733992096
tmax_mean,2005,7,Orinoquia,27.649511862566072,2005-07-01,27.106309699332076,0.5432021632339961,0.056685768693390294
tmax_mean,2005,8,Orinoquia,28.351700626246632,2005-08-01,28.09334837974164,0.258352246504991,0.10132235811364006
tmax_mean,2005,9,Orinoquia,29.105186554458886,2005-09-01,28.909942904063907,0.19524365039497837,0.12972913855237778
tmax_mean,2005,10,Orinoquia,29.5249189564252,2005-10-01,29.028527741180604,0.4963912152445964,0.1686691973857736
tmax_mean,2005,11,Orinoquia,28.680502144243608,2005-11-01,28.765630139042038,-0.08512799479843025,0.1834105064394859
tmax_mean,2005,12,Orinoquia,29.43549169386026,2005-12-01,29.284766601810894,0.1507250920493668,0.2174835214250838
tmax_mean,2006,1,Orinoquia,29.53751537607283,2006-01-01,30.857722400511822,-1.320207024438993,0.15521488047467033
tmax_mean,2006,2,Orinoquia,31.252708839491603,2006-02-01,31.55172525220367,-0.29901641271206714,0.1869057991129542
tmax_mean,2006,3,Orinoquia,29.934938200507318,2006-03-01,30.7059995743421,-0.7710613738347831,0.022172092683282685
tmax_mean,2006,4,Orinoquia,29.33302193825451,2006-04-01,28.975735702487654,0.3572862357668569,0.06170900345779925
tmax_mean,2006,5,Orinoquia,27.611086902738776,2006-05-01,27.97594327649131,-0.3648563737525343,-0.007205748269445718
tmax_mean,2006,6,Orinoquia,27.389214518164408,2006-06-01,27.228835490380888,0.1603790277835202,-0.05655746237987517
tmax_mean,2006,7,Orinoquia,27.059955507054124,2006-07-01,27.106309699332076,-0.04635419227795268,-0.10568715867253757
tmax_mean,2006,8,Orinoquia,28.511807245166427,2006-08-01,28.09334837974164,0.4184588654247854,-0.09234494042922137
tmax_mean,2006,9,Orinoquia,28.94536493786484,2006-09-01,28.909942904063907,0.035422033800934116,-0.10566340847872506
tmax_mean,2006,10,Orinoquia,29.271859802579417,2006-10-01,29.028527741180604,0.2433320613988137,-0.12675167129920695
tmax_mean,2006,11,Orinoquia,28.648242570869595,2006-11-01,28.765630139042038,-0.11738756817244322,-0.1294399690803747
tmax_mean,2006,12,Orinoquia,29.28545501354987,2006-12-01,29.284766601810894,0.0006884117389773792,-0.14194302577290716
tmax_mean,2007,1,Orinoquia,31.756670583129992,2007-01-01,30.857722400511822,0.8989481826181702,0.04298657481518978
tmax_mean,2007,2,Orinoquia,34.305049450440976,2007-02-01,31.55172525220367,2.753324198237305,0.2973482923943041
tmax_mean,2007,3,Orinoquia,31.314179589814863,2007-03-01,30.7059995743421,0.6081800154727617,0.41228507483659954
tmax_mean,2007,4,Orinoquia,28.967022390348514,2007-04-01,28.975735702487654,-0.008713312139139617,0.3817851125110998
tmax_mean,2007,5,Orinoquia,28.05832668068335,2007-05-01,27.97594327649131,0.08238340419203993,0.419055094006481
tmax_mean,2007,6,Orinoquia,26.675878469102692,2007-06-01,27.228835490380888,-0.5529570212781962,0.35961042325133796
tmax_mean,2007,7,Orinoquia,27.622456571606993,2007-07-01,27.106309699332076,0.5161468722749163,0.40648551196407706
tmax_mean,2007,8,Orinoquia,28.0933580711875,2007-08-01,28.09334837974164,9.691445857384906e-06,0.37161474746583306
tmax_mean,2007,9,Orinoquia,28.61516809476251,2007-09-01,28.909942904063907,-0.29477480930139777,0.34409834387397203
tmax_mean,2007,10,Orinoquia,28.91211095018735,2007-10-01,29.028527741180604,-0.1164167909932523,0.31411927284129987
tmax_mean,2007,11,Orinoquia,28.772992055172363,2007-11-01,28.765630139042038,0.007361916130324886,0.3245150631998639
tmax_mean,2007,12,Orinoquia,29.171057417783864,2007-12-01,29.284766601810894,-0.11370918402703012,0.31498193021936327
tmax_mean,2008,1,Orinoquia,30.86381551809921,2008-01-01,30.857722400511822,0.006093117587386843,0.240577341466798
tmax_mean,2008,2,Orinoquia,31.377238074661992,2008-02-01,31.55172525220367,-0.1744871775416783,-0.0034069398481172777
tmax_mean,2008,3,Orinoquia,31.323844268478528,2008-03-01,30.7059995743421,0.6178446941364264,-0.0026015499594785516
tmax_mean,2008,4,Orinoquia,29.91636777111171,2008-04-01,28.975735702487654,0.9406320686240548,0.07651056510412098
tmax_mean,2008,5,Orinoquia,27.43529777446969,2008-05-01,27.97594327649131,-0.5406455020216221,0.024591489586315813
tmax_mean,2008,6,Orinoquia,27.029316518082513,2008-06-01,27.228835490380888,-0.19951897229837456,0.05404466033463429
tmax_mean,2008,7,Orinoquia,27.154768722562668,2008-07-01,27.106309699332076,0.048459023230591924,0.015070672914273922
tmax_mean,2008,8,Orinoquia,28.514428447526587,2008-08-01,28.09334837974164,0.42108006778494556,0.05015987094253127
tmax_mean,2008,9,Orinoquia,28.92824605365924,2008-09-01,28.909942904063907,0.018303149595332968,0.07624970085059217
tmax_mean,2008,10,Orinoquia,28.988402496850167,2008-10-01,29.028527741180604,-0.040125244330436516,0.08260732973916014
tmax_mean,2008,11,Orinoquia,28.546921941266508,2008-11-01,28.765630139042038,-0.21870819777553052,0.06376815358033887
tmax_mean,2008,12,Orinoquia,29.023267785873838,2008-12-01,29.284766601810894,-0.26149881593705615,0.05145235092117003
tmax_mean,2009,1,Orinoquia,29.77013915962489,2009-01-01,30.857722400511822,-1.0875832408869321,-0.03968734561835655
tmax_mean,2009,2,Orinoquia,30.842801612350193,2009-02-01,31.55172525220367,-0.7089236398534773,-0.08422371747767314
tmax_mean,2009,3,Orinoquia,30.037237122579665,2009-03-01,30.7059995743421,-0.6687624517624364,-0.1914409796359117
tmax_mean,2009,4,Orinoquia,29.224385457002743,2009-04-01,28.975735702487654,0.24864975451508897,-0.24910617247832553
tmax_mean,2009,5,Orinoquia,28.67235726233106,2009-05-01,27.97594327649131,0.6964139858397509,-0.1460178818232111
tmax_mean,2009,6,Orinoquia,27.41131519141549,2009-06-01,27.228835490380888,0.18247970103460176,-0.11418465904546309
tmax_mean,2009,7,Orinoquia,27.424524114985616,2009-07-01,27.106309699332076,0.31821441565353936,-0.09170504301021747
tmax_mean,2009,8,Orinoquia,28.302851543251247,2009-08-01,28.09334837974164,0.20950316350960563,-0.10933645169982913
tmax_mean,2009,9,Orinoquia,29.427848521787,2009-09-01,28.909942904063907,0.5179056177230912,-0.0677029126891826
tmax_mean,2009,10,Orinoquia,29.43282251742379,2009-10-01,29.028527741180604,0.4042947762431872,-0.03066791097471396
tmax_mean,2009,11,Orinoquia,30.02487588701513,2009-11-01,28.765630139042038,1.2592457479730932,0.09249491783767134
tmax_mean,2009,12,Orinoquia,30.795598200145726,2009-12-01,29.284766601810894,1.510831598334832,0.24018911902699536
tmax_mean,2010,1,Orinoquia,32.93835696409304,2010-01-01,30.857722400511822,2.080634563581217,0.5042072693993411
tmax_mean,2010,2,Orinoquia,33.0766105678218,2010-02-01,31.55172525220367,1.524885315618132,0.6903580156886419
tmax_mean,2010,3,Orinoquia,31.072227792390056,2010-03-01,30.7059995743421,0.36622821804795436,0.7766072381728412
tmax_mean,2010,4,Orinoquia,28.892195996316325,2010-04-01,28.975735702487654,-0.08353970617132944,0.7489247831156396
tmax_mean,2010,5,Orinoquia,28.37426135342278,2010-05-01,27.97594327649131,0.3983180769314707,0.724083457373283
tmax_mean,2010,6,Orinoquia,27.892737797001264,2010-06-01,27.228835490380888,0.6639023066203755,0.764202007838764
tmax_mean,2010,7,Orinoquia,27.348420544007187,2010-07-01,27.106309699332076,0.24211084467511057,0.7578600435905617
tmax_mean,2010,8,Orinoquia,28.334885798009918,2010-08-01,28.09334837974164,0.24153741826827613,0.7605295648204509
tmax_mean,2010,9,Orinoquia,29.312098857882237,2010-09-01,28.909942904063907,0.4021559538183297,0.750883759495054
tmax_mean,2010,10,Orinoquia,29.41010625466097,2010-10-01,29.028527741180604,0.38157851348036687,0.7489907375981524
tmax_mean,2010,11,Orinoquia,28.403645316125008,2010-11-01,28.765630139042038,-0.36198482291703016,0.6138881900239754
tmax_mean,2010,12,Orinoquia,28.567162523892133,2010-12-01,29.284766601810894,-0.7176040779187609,0.4281852170028427
tmax_mean,2011,1,Orinoquia,30.04680670577619,2011-01-01,30.857722400511822,-0.8109156947356304,0.18722269547643874
tmax_mean,2011,2,Orinoquia,31.278726654685496,2011-02-01,31.55172525220367,-0.2729985975181748,0.03739903604841318
tmax_mean,2011,3,Orinoquia,29.673268933277267,2011-03-01,30.7059995743421,-1.032730641064834,-0.07918086887765252
tmax_mean,2011,4,Orinoquia,28.47510724116214,2011-04-01,28.975735702487654,-0.5006284613255154,-0.11393826514050136
tmax_mean,2011,5,Orinoquia,27.309591631307264,2011-05-01,27.97594327649131,-0.6663516451840472,-0.20266074198346118
tmax_mean,2011,6,Orinoquia,27.744103531362107,2011-06-01,27.228835490380888,0.5152680409812191,-0.2150469307867242
tmax_mean,2011,7,Orinoquia,27.534274731921748,2011-07-01,27.106309699332076,0.4279650325896718,-0.1995590817938441
tmax_mean,2011,8,Orinoquia,28.63425094882715,2011-08-01,28.09334837974164,0.5409025690855103,-0.17461198589240792
tmax_mean,2011,9,Orinoquia,28.987287857656433,2011-09-01,28.909942904063907,0.07734495359252591,-0.20167956924455824
tmax_mean,2011,10,Orinoquia,28.68341947651927,2011-10-01,29.028527741180604,-0.3451082646613344,-0.2622368007563667
tmax_mean,2011,11,Orinoquia,28.46863221696807,2011-11-01,28.765630139042038,-0.2969979220739667,-0.2568212256861114
tmax_mean,2011,12,Orinoquia,28.486418983382656,2011-12-01,29.284766601810894,-0.7983476184282381,-0.2635498540619012
tmax_mean,2012,1,Orinoquia,30.211501605474105,2012-01-01,30.857722400511822,-0.646220795037717,-0.24982527908707505
tmax_mean,2012,2,Orinoquia,30.62671150410616,2012-02-01,31.55172525220367,-0.9250137480975091,-0.30415987496868624
tmax_mean,2012,3,Orinoquia,28.85049721091197,2012-03-01,30.7059995743421,-1.85550236343013,-0.37272418516579425
tmax_mean,2012,4,Orinoquia,28.081070876591475,2012-04-01,28.975735702487654,-0.8946648258961787,-0.4055605488800162
tmax_mean,2012,5,Orinoquia,27.674568295864486,2012-05-01,27.97594327649131,-0.3013749806268251,-0.375145826833581
tmax_mean,2012,6,Orinoquia,27.529824548988845,2012-06-01,27.228835490380888,0.3009890586079571,-0.3930024086980195
tmax_mean,2012,7,Orinoquia,26.821613463223905,2012-07-01,27.106309699332076,-0.2846962361081715,-0.4523908477561731
tmax_mean,2012,8,Orinoquia,27.68588361316712,2012-08-01,28.09334837974164,-0.40746476657452035,-0.5314214590611757
tmax_mean,2012,9,Orinoquia,28.94937614893219,2012-09-01,28.909942904063907,0.03943324486828104,-0.5345807681215294
tmax_mean,2012,10,Orinoquia,29.21099876446152,2012-10-01,29.028527741180604,0.18247102328091813,-0.490615827459675
tmax_mean,2012,11,Orinoquia,29.713314509812218,2012-11-01,28.765630139042038,0.9476843707701796,-0.38689230305599615
tmax_mean,2012,12,Orinoquia,30.05914378513305,2012-12-01,29.284766601810894,0.7743771833221551,-0.2558319029101301
tmax_mean,2013,1,Orinoquia,31.7850262277498,2013-01-01,30.857722400511822,0.9273038272379779,-0.12470485105382216
tmax_mean,2013,2,Orinoquia,31.476096186151146,2013-02-01,31.55172525220367,-0.07562906605252451,-0.0539227942167401
tmax_mean,2013,3,Orinoquia,30.213724738209862,2013-03-01,30.7059995743421,-0.4922748361322391,0.059679499724750805
tmax_mean,2013,4,Orinoquia,29.427934106484795,2013-04-01,28.975735702487654,0.45219840399714073,0.17191810221586076
tmax_mean,2013,5,Orinoquia,27.89845784393989,2013-05-01,27.97594327649131,-0.07748543255141982,0.19057556455547786
tmax_mean,2013,6,Orinoquia,27.70443218232216,2013-06-01,27.228835490380888,0.4755966919412735,0.20512620066658757
tmax_mean,2013,7,Orinoquia,27.057745357883945,2013-07-01,27.106309699332076,-0.04856434144813093,0.22480385855492427
tmax_mean,2013,8,Orinoquia,27.45262758834103,2013-08-01,28.09334837974164,-0.6407207914006108,0.2053658564860834
tmax_mean,2013,9,Orinoquia,28.87532359282068,2013-09-01,28.909942904063907,-0.034619311243226036,0.19919481014345783
tmax_mean,2013,10,Orinoquia,29.14597536130953,2013-10-01,29.028527741180604,0.11744762012892807,0.19377619321412531
tmax_mean,2013,11,Orinoquia,28.66294680378038,2013-11-01,28.765630139042038,-0.10268333526165918,0.10624555104480542
tmax_mean,2013,12,Orinoquia,29.327720062675034,2013-12-01,29.284766601810894,0.042953460864140425,0.04529357417330419
tmax_mean,2014,1,Orinoquia,31.41105376958312,2014-01-01,30.857722400511822,0.553331369071298,0.014129202659414197
tmax_mean,2014,2,Orinoquia,32.37452533324643,2014-02-01,31.55172525220367,0.8228000810427609,0.08899829825068799
tmax_mean,2014,3,Orinoquia,31.308023666554195,2014-03-01,30.7059995743421,0.6020240922120941,0.18018987561271574
tmax_mean,2014,4,Orinoquia,28.909618226016462,2014-04-01,28.975735702487654,-0.0661174764711916,0.13699688557368805
tmax_mean,2014,5,Orinoquia,28.656533209599996,2014-05-01,27.97594327649131,0.6805899331086849,0.20016983271203012
tmax_mean,2014,6,Orinoquia,27.076486826386898,2014-06-01,27.228835490380888,-0.15234866399399039,0.14784105305075812
tmax_mean,2014,7,Orinoquia,27.324081886131943,2014-07-01,27.106309699332076,0.21777218679986632,0.17003576373809123
tmax_mean,2014,8,Orinoquia,27.99887917538868,2014-08-01,28.09334837974164,-0.09446920435296136,0.21555672932539535
tmax_mean,2014,9,Orinoquia,29.05843204674645,2014-09-01,28.909942904063907,0.14848914268254276,0.23081576715254273
tmax_mean,2014,10,Orinoquia,28.730366529544433,2014-10-01,29.028527741180604,-0.29816121163617026,0.19618169783878456
tmax_mean,2014,11,Orinoquia,28.89643908943926,2014-11-01,28.765630139042038,0.1308089503972205,0.21563938831035787
tmax_mean,2014,12,Orinoquia,29.971830443913223,2014-12-01,29.284766601810894,0.6870638421023294,0.2693152534135403
tmax_mean,2015,1,Orinoquia,30.118566179954403,2015-01-01,30.857722400511822,-0.7391562205574189,0.16160795427781385
tmax_mean,2015,2,Orinoquia,30.843902321533836,2015-02-01,31.55172525220367,-0.7078229306698347,0.03405603663509756
tmax_mean,2015,3,Orinoquia,30.9922204143975,2015-03-01,30.7059995743421,0.2862208400553996,0.007739098955373021
tmax_mean,2015,4,Orinoquia,29.08254192933638,2015-04-01,28.975735702487654,0.10680622684872532,0.022149407565366097
tmax_mean,2015,5,Orinoquia,28.64701284884021,2015-05-01,27.97594327649131,0.6710695723488982,0.021356044168717208
tmax_mean,2015,6,Orinoquia,27.05598371157748,2015-06-01,27.228835490380888,-0.17285177880340896,0.019647451267932325
tmax_mean,2015,7,Orinoquia,27.37732274891526,2015-07-01,27.106309699332076,0.2710130495831855,0.024084189833208924
tmax_mean,2015,8,Orinoquia,28.48275432880986,2015-08-01,28.09334837974164,0.38940594906821957,0.064407119284974
tmax_mean,2015,9,Orinoquia,30.06013341079745,2015-09-01,28.909942904063907,1.1501905067335443,0.14788223295589079
tmax_mean,2015,10,Orinoquia,29.844372330628556,2015-10-01,29.028527741180604,0.815844589447952,0.24071604971290098
tmax_mean,2015,11,Orinoquia,28.931541546130738,2015-11-01,28.765630139042038,0.1659114070887,0.24364125443719095
tmax_mean,2015,12,Orinoquia,29.69354089039976,2015-12-01,29.284766601810894,0.4087742885888659,0.220450458311069
tmax_mean,2016,1,Orinoquia,33.10717484859726,2016-01-01,30.857722400511822,2.2494524480854388,0.4695011806979738
tmax_mean,2016,2,Orinoquia,32.584758582549114,2016-02-01,31.55172525220367,1.033033330345443,0.6145725357825803
tmax_mean,2016,3,Orinoquia,32.176363559455254,2016-03-01,30.7059995743421,1.4703639851131527,0.7132511312040597
tmax_mean,2016,4,Orinoquia,29.17153385300017,2016-04-01,28.975735702487654,0.19579815051251614,0.7206671248427089
tmax_mean,2016,5,Orinoquia,27.988614417958253,2016-05-01,27.97594327649131,0.01267114146694226,0.6658005889358792
tmax_mean,2016,6,Orinoquia,27.290363030291697,2016-06-01,27.228835490380888,0.06152753991080928,0.6853321988287308
tmax_mean,2016,7,Orinoquia,27.12798222164805,2016-07-01,27.106309699332076,0.021672522315974163,0.6645538215564631
tmax_mean,2016,8,Orinoquia,28.768789233720664,2016-08-01,28.09334837974164,0.6754408539790226,0.6883900636323634
tmax_mean,2016,9,Orinoquia,28.948814866156674,2016-09-01,28.909942904063907,0.038871962092766665,0.5957801849122987
tmax_mean,2016,10,Orinoquia,29.49294295270694,2016-10-01,29.028527741180604,0.4644152115263367,0.5664944034188307
tmax_mean,2016,11,Orinoquia,29.17249797508798,2016-11-01,28.765630139042038,0.4068678360459401,0.586574105831934
tmax_mean,2016,12,Orinoquia,28.718253285432265,2016-12-01,29.284766601810894,-0.5665133163786287,0.5053001387513095
tmax_mean,2017,1,Orinoquia,29.150079424521884,2017-01-01,30.857722400511822,-1.7076429759899376,0.1755421867450281
tmax_mean,2017,2,Orinoquia,31.56729703956571,2017-02-01,31.55172525220367,0.015571787362038236,0.09075372482974438
tmax_mean,2017,3,Orinoquia,29.718180171644146,2017-03-01,30.7059995743421,-0.987819402697955,-0.11409489082118125
tmax_mean,2017,4,Orinoquia,29.78118236340402,2017-04-01,28.975735702487654,0.8054466609163669,-0.06329084828752703
tmax_mean,2017,5,Orinoquia,28.468096114622078,2017-05-01,27.97594327649131,0.4921528381307674,-0.02333404023220827
tmax_mean,2017,6,Orinoquia,27.622052040082835,2017-06-01,27.228835490380888,0.39321654970194686,0.00430671058371986
tmax_mean,2017,7,Orinoquia,26.853803863570644,2017-07-01,27.106309699332076,-0.2525058357614327,-0.01854148592273071
tmax_mean,2017,8,Orinoquia,29.506166431915645,2017-08-01,28.09334837974164,1.4128180521740035,0.04290661392685102
tmax_mean,2017,9,Orinoquia,29.814873115690528,2017-09-01,28.909942904063907,0.9049302116266205,0.11507813472133883
tmax_mean,2017,10,Orinoquia,29.467064670000248,2017-10-01,29.028527741180604,0.43853692881964434,0.11292161116244781
tmax_mean,2017,11,Orinoquia,29.31711294818008,2017-11-01,28.765630139042038,0.5514828091380402,0.12497285892012282
tmax_mean,2017,12,Orinoquia,30.556518538509504,2017-12-01,29.284766601810894,1.2717519366986103,0.27816163000989275
tmax_mean,2018,1,Orinoquia,29.93509862235292,2018-01-01,30.857722400511822,-0.9226237781589006,0.3435798964958125
tmax_mean,2018,2,Orinoquia,32.331679687141815,2018-02-01,31.55172525220367,0.7799544349381442,0.407278450460488
tmax_mean,2018,3,Orinoquia,31.632933009789895,2018-03-01,30.7059995743421,0.9269334354477934,0.5668411869726336
tmax_mean,2018,4,Orinoquia,28.451472141775746,2018-04-01,28.975735702487654,-0.5242635607119084,0.4560320018369441
tmax_mean,2018,5,Orinoquia,27.687933448589693,2018-05-01,27.97594327649131,-0.2880098279016181,0.39101844633424526
tmax_mean,2018,6,Orinoquia,26.898755066685737,2018-06-01,27.228835490380888,-0.33008042369515067,0.3307436985511538
tmax_mean,2018,7,Orinoquia,27.390463997320563,2018-07-01,27.106309699332076,0.28415429798848635,0.3754653763636471
tmax_mean,2018,8,Orinoquia,28.396629997088365,2018-08-01,28.09334837974164,0.3032816173467232,0.28300400679470705
tmax_mean,2018,9,Orinoquia,29.312983896079984,2018-09-01,28.909942904063907,0.4030409920160771,0.24117990516049512
tmax_mean,2018,10,Orinoquia,29.11208904892669,2018-10-01,29.028527741180604,0.08356130774608772,0.2115986034043654
tmax_mean,2018,11,Orinoquia,29.266864872420825,2018-11-01,28.765630139042038,0.5012347333787872,0.20741126375776098
tmax_mean,2018,12,Orinoquia,30.203611343647797,2018-12-01,29.284766601810894,0.918844741836903,0.1780023308526187
tmax_mean,2019,1,Orinoquia,31.60929658311676,2019-01-01,30.857722400511822,0.7515741826049371,0.31751882758293853
tmax_mean,2019,2,Orinoquia,32.37605861896556,2019-02-01,31.55172525220367,0.8243333667618877,0.32121707190158383
tmax_mean,2019,3,Orinoquia,31.493361093301388,2019-03-01,30.7059995743421,0.7873615189592869,0.3095860788608749
tmax_mean,2019,4,Orinoquia,29.822214818301134,2019-04-01,28.975735702487654,0.8464791158134801,0.4238146352379906
tmax_mean,2019,5,Orinoquia,28.685392828748586,2019-05-01,27.97594327649131,0.7094495522572757,0.5069362502512318
tmax_mean,2019,6,Orinoquia,27.54088693494237,2019-06-01,27.228835490380888,0.31205144456148304,0.560447239272618
tmax_mean,2019,7,Orinoquia,27.752432379782686,2019-07-01,27.106309699332076,0.6461226804506097,0.5906112711444615
tmax_mean,2019,8,Orinoquia,28.517732119939993,2019-08-01,28.09334837974164,0.42438374019835123,0.6007031147154306
tmax_mean,2019,9,Orinoquia,30.64649417687943,2019-09-01,28.909942904063907,1.7365512728155217,0.7118289714487176
tmax_mean,2019,10,Orinoquia,29.213537915852687,2019-10-01,29.028527741180604,0.18501017467208314,0.7202830436925506
tmax_mean,2019,11,Orinoquia,29.26307368952674,2019-11-01,28.765630139042038,0.4974435504847001,0.71996711178471
tmax_mean,2019,12,Orinoquia,29.92082749367706,2019-12-01,29.284766601810894,0.6360608918661654,0.6964017909538152
tmax_mean,2020,1,Orinoquia,31.973239441657306,2020-01-01,30.857722400511822,1.115517041145484,0.7267303624988607
tmax_mean,2020,2,Orinoquia,33.47909077540187,2020-02-01,31.55172525220367,1.9273655231982012,0.8186497088685535
tmax_mean,2020,3,Orinoquia,33.18794731176536,2020-03-01,30.7059995743421,2.481947737423262,0.9598652270738848
tmax_mean,2020,4,Orinoquia,30.800393222166395,2020-04-01,28.975735702487654,1.8246575196787411,1.0413800940626565
tmax_mean,2020,5,Orinoquia,29.046420191817266,2020-05-01,27.97594327649131,1.0704769153259548,1.0714657076517131
tmax_mean,2020,6,Orinoquia,28.35195693880638,2020-06-01,27.228835490380888,1.1231214484254934,1.1390548746403806
tmax_mean,2020,7,Orinoquia,27.870250036077305,2020-07-01,27.106309699332076,0.7639403367452289,1.1488730126649322
tmax_mean,2020,8,Orinoquia,28.48735624102229,2020-08-01,28.09334837974164,0.3940078612806488,1.1463416894217904
tmax_mean,2020,9,Orinoquia,29.845548409586016,2020-09-01,28.909942904063907,0.9356055055221084,1.0795962088140059
tmax_mean,2020,10,Orinoquia,30.06097712465464,2020-10-01,29.028527741180604,1.032449383474038,1.1502161428808355
tmax_mean,2020,11,Orinoquia,28.760968125414617,2020-11-01,28.765630139042038,-0.004662013627420691,1.1083740125381587
tmax_mean,2020,12,Orinoquia,29.273280226499168,2020-12-01,29.284766601810894,-0.011486375311726249,1.0544117402733344
tmax_mean,2021,1,Orinoquia,30.31372826179815,2021-01-01,30.857722400511822,-0.5439941387136713,0.9161191419517382
tmax_mean,2021,2,Orinoquia,32.730356301455494,2021-02-01,31.55172525220367,1.1786310492518233,0.8537246024562067
tmax_mean,2021,3,Orinoquia,30.349330218195927,2021-03-01,30.7059995743421,-0.356669356146174,0.617173177992087
tmax_mean,2021,4,Orinoquia,28.94159732240143,2021-04-01,28.975735702487654,-0.0341383800862225,0.4622735196783401
tmax_mean,2021,5,Orinoquia,27.621708908133282,2021-05-01,27.97594327649131,-0.35423436835802846,0.34354757937134145
tmax_mean,2021,6,Orinoquia,27.815440038723978,2021-06-01,27.228835490380888,0.5866045483430895,0.2988378376978078
tmax_mean,2021,7,Orinoquia,27.084599189092238,2021-07-01,27.106309699332076,-0.0217105102398385,0.23336693378238552
tmax_mean,2021,8,Orinoquia,28.283328617023702,2021-08-01,28.09334837974164,0.18998023728206093,0.2163646317825032
tmax_mean,2021,9,Orinoquia,29.236666987519314,2021-09-01,28.909942904063907,0.3267240834554066,0.16562451327694472
tmax_mean,2021,10,Orinoquia,29.489378141285204,2021-10-01,29.028527741180604,0.46085040010460077,0.11799126466282495
tmax_mean,2021,11,Orinoquia,29.69940037115026,2021-11-01,28.765630139042038,0.9337702321082233,0.19619395180746194
tmax_mean,2021,12,Orinoquia,30.76412006274746,2021-12-01,29.284766601810894,1.479353460936565,0.3204306048281529
tmax_mean,2022,1,Orinoquia,31.849449664853488,2022-01-01,30.857722400511822,0.9917272643416659,0.4484073884160977
tmax_mean,2022,2,Orinoquia,31.583635825566475,2022-02-01,31.55172525220367,0.03191057336280423,0.3528473487586794
tmax_mean,2022,3,Orinoquia,30.399701314624345,2022-03-01,30.7059995743421,-0.3062982597177566,0.3570449401277142
tmax_mean,2022,4,Orinoquia,29.409741136541097,2022-04-01,28.975735702487654,0.43400543405344294,0.396056924639353
tmax_mean,2022,5,Orinoquia,28.106450835080356,2022-05-01,27.97594327649131,0.13050755858904495,0.4364520852182758
tmax_mean,2022,6,Orinoquia,27.202408048265408,2022-06-01,27.228835490380888,-0.026427442115480204,0.38536608601339495
tmax_mean,2022,7,Orinoquia,27.833821604357475,2022-07-01,27.106309699332076,0.7275119050253984,0.447801287285498
tmax_mean,2022,8,Orinoquia,28.597395908609442,2022-08-01,28.09334837974164,0.504047528867801,0.4739735615843097
tmax_mean,2022,9,Orinoquia,29.532453938425615,2022-09-01,28.909942904063907,0.6225110343617075,0.4986224741598348
tmax_mean,2022,10,Orinoquia,29.362250972213538,2022-10-01,29.028527741180604,0.3337232310329341,0.48802854340386254
tmax_mean,2022,11,Orinoquia,28.47425892174107,2022-11-01,28.765630139042038,-0.2913712173009664,0.38593342261976343
tmax_mean,2022,12,Orinoquia,29.899198257389926,2022-12-01,29.284766601810894,0.6144316555790326,0.3138566055066357
tmax_mean,2023,1,Orinoquia,30.04343983869226,2023-01-01,30.857722400511822,-0.8142825618195602,0.16335578665986686
tmax_mean,2023,2,Orinoquia,31.93955753484504,2023-02-01,31.55172525220367,0.3878322826413694,0.1930159290997473
tmax_mean,2023,3,Orinoquia,31.02309750348833,2023-03-01,30.7059995743421,0.3170979291462288,0.24496561150507942
tmax_mean,2023,4,Orinoquia,29.923102737389385,2023-04-01,28.975735702487654,0.9473670349017311,0.28774574490910343
tmax_mean,2023,5,Orinoquia,29.189728936662952,2023-05-01,27.97594327649131,1.2137856601716415,0.3780189200409865
tmax_mean,2023,6,Orinoquia,28.07086195451018,2023-06-01,27.228835490380888,0.8420264641292903,0.4503900788947173
tmax_mean,2023,7,Orinoquia,28.234102212809255,2023-07-01,27.106309699332076,1.1277925134771785,0.483746796265699
tmax_mean,2023,8,Orinoquia,30.052494249900963,2023-08-01,28.09334837974164,1.9591458701593218,0.6050049913733258
tmax_mean,2023,9,Orinoquia,31.038702972840184,2023-09-01,28.909942904063907,2.128760068776277,0.7305257442412065
tmax_mean,2023,10,Orinoquia,31.39975470274798,2023-10-01,29.028527741180604,2.371226961567377,0.9003177217857434
tmax_mean,2023,11,Orinoquia,30.66036698863199,2023-11-01,28.765630139042038,1.8947368495899504,1.0824933940266532
tmax_mean,2023,12,Orinoquia,31.12141973082851,2023-12-01,29.284766601810894,1.8366531290176162,1.1843451834798684
tmax_mean,2024,1,Orinoquia,32.9864469967348,2024-01-01,30.857722400511822,2.128724596222977,1.4295957799834131
tmax_mean,2024,2,Orinoquia,32.2509001072914,2024-02-01,31.55172525220367,0.6991748550877297,1.4555409943539432
tmax_mean,2024,3,Orinoquia,33.218140598639344,2024-03-01,30.7059995743421,2.512141024297243,1.6384612522831945
tmax_mean,2024,4,Orinoquia,31.20001643081644,2024-04-01,28.975735702487654,2.224280728328786,1.744870726735449
tmax_mean,2024,5,Orinoquia,29.167026501608028,2024-05-01,27.97594327649131,1.1910832251167172,1.7429788571475386
tmax_mean,2024,6,Orinoquia,28.34991049282101,2024-06-01,27.228835490380888,1.1210750024401221,1.7662329020067746
tmax_mean,2024,7,Orinoquia,27.729888279243365,2024-07-01,27.106309699332076,0.623578579911289,1.7242150742096172
tmax_mean,2024,8,Orinoquia,29.83772267256498,2024-08-01,28.09334837974164,1.7443742928233377,1.706317442764952
tmax_mean,2024,9,Orinoquia,31.353031411238614,2024-09-01,28.909942904063907,2.443088507174707,1.7325114792981544
tmax_mean,2024,10,Orinoquia,30.995350098187313,2024-10-01,29.028527741180604,1.9668223570067092,1.6988110955847653
tmax_mean,2024,11,Orinoquia,30.128256739256468,2024-11-01,28.765630139042038,1.3626266002144298,1.654468574803472
tmax_mean,2024,12,Orinoquia,30.760930131026704,2024-12-01,29.284766601810894,1.4761635292158104,1.6244277748199882
tmax_mean,2025,1,Orinoquia,30.631665984045014,2025-01-01,30.857722400511822,-0.22605641646680752,1.4281960237625062
tmax_mean,2025,2,Orinoquia,31.372729472193207,2025-02-01,31.55172525220367,-0.1789957800104638,1.3550151375043233
tmax_mean,2025,3,Orinoquia,31.229703597339675,2025-03-01,30.7059995743421,0.523704022997574,1.1893120540626843
tmax_mean,2025,4,Orinoquia,29.15254813397194,2025-04-01,28.975735702487654,0.1768124314842865,1.0186896959923093
tmax_mean,2025,5,Orinoquia,27.974358404627825,2025-05-01,27.97594327649131,-0.0015848718634856596,0.9193006879106257
tmax_mean,2025,6,Orinoquia,27.000057782237864,2025-06-01,27.228835490380888,-0.22877770814302423,0.8068129620286969
tmax_mean,2025,7,Orinoquia,26.934933003201614,2025-07-01,27.106309699332076,-0.17137669613046214,0.7405666890252176
tmax_mean,2025,8,Orinoquia,28.250530560462398,2025-08-01,28.09334837974164,0.1571821807207563,0.6083006796833358
tmax_mean,2025,9,Orinoquia,29.4397294509828,2025-09-01,28.909942904063907,0.529786546918892,0.4488588496620179
tmax_mean,2025,10,Orinoquia,29.628282297313184,2025-10-01,29.028527741180604,0.5997545561325808,0.3349365329225072
tmax_mean,2025,11,Orinoquia,29.05731990224385,2025-11-01,28.765630139042038,0.2916897632018127,0.24569179650478912
tmax_mean,2025,12,Orinoquia,29.990397569013716,2025-12-01,29.284766601810894,0.705630967202822,0.18148074967037342
tmax_mean,2026,1,Orinoquia,29.60150009577811,2026-01-01,30.857722400511822,-1.2562223047337113,0.09563359231479811
tmax_mean,2026,2,Orinoquia,31.239867446677025,2026-02-01,31.55172525220367,-0.3118578055266461,0.08456175685511624
tmax_mean,2026,3,Orinoquia,32.29552737213623,2026-03-01,30.7059995743421,1.5895277977941262,0.17338040475482894
tmax_mean,1991,1,Pacifica,24.15740764969858,1991-01-01,24.27012888840973,-0.11272123871114914,
tmax_mean,1991,2,Pacifica,24.763831297907938,1991-02-01,24.781920127160387,-0.01808882925244859,
tmax_mean,1991,3,Pacifica,24.785421828817714,1991-03-01,24.951161462046255,-0.16573963322854013,
tmax_mean,1991,4,Pacifica,24.377073344647474,1991-04-01,24.688539020561606,-0.3114656759141319,
tmax_mean,1991,5,Pacifica,24.260227158218534,1991-05-01,24.37252764706654,-0.11230048884800681,
tmax_mean,1991,6,Pacifica,24.098327576332363,1991-06-01,24.060787236012512,0.03754034031985043,
tmax_mean,1991,7,Pacifica,23.82813245257125,1991-07-01,23.97981740381563,-0.15168495124438053,
tmax_mean,1991,8,Pacifica,24.049663282686133,1991-08-01,24.21516864681349,-0.1655053641273554,
tmax_mean,1991,9,Pacifica,23.971504047295422,1991-09-01,24.145322235902647,-0.17381818860722476,
tmax_mean,1991,10,Pacifica,23.75161289602157,1991-10-01,23.891598064880725,-0.13998516885915535,
tmax_mean,1991,11,Pacifica,23.700262453958324,1991-11-01,23.624891994753128,0.07537045920519603,
tmax_mean,1991,12,Pacifica,23.922420307780197,1991-12-01,23.852437063344542,0.06998324443565451,-0.09736795790264097
tmax_mean,1992,1,Pacifica,24.39044774975577,1992-01-01,24.27012888840973,0.12031886134603909,-0.07794794956454194
tmax_mean,1992,2,Pacifica,24.5148744784845,1992-02-01,24.781920127160387,-0.26704564867588587,-0.09869435118316172
tmax_mean,1992,3,Pacifica,25.425290539613126,1992-03-01,24.951161462046255,0.4741290775668716,-0.04537195861687741
tmax_mean,1992,4,Pacifica,24.924858682163194,1992-04-01,24.688539020561606,0.23631966160158768,0.0002768195094325539
tmax_mean,1992,5,Pacifica,24.567335385301867,1992-05-01,24.37252764706654,0.19480773823532616,0.02586917176637697
tmax_mean,1992,6,Pacifica,24.45031299579008,1992-06-01,24.060787236012512,0.38952575977756965,0.055201290054520236
tmax_mean,1992,7,Pacifica,23.526754178296066,1992-07-01,23.97981740381563,-0.45306322551956413,0.030086433864921602
tmax_mean,1992,8,Pacifica,23.983143563694522,1992-08-01,24.21516864681349,-0.23202508311896608,0.024543123948954044
tmax_mean,1992,9,Pacifica,23.66195997484296,1992-09-01,24.145322235902647,-0.4833622610596855,-0.00125221542208435
tmax_mean,1992,10,Pacifica,23.767591045048686,1992-10-01,23.891598064880725,-0.12400701983203888,7.929699684202281e-05
tmax_mean,1992,11,Pacifica,23.645138143585857,1992-11-01,23.624891994753128,0.02024614883272946,-0.004514395534196858
tmax_mean,1992,12,Pacifica,23.81071107907043,1992-12-01,23.852437063344542,-0.04172598427411245,-0.013823497926677438
tmax_mean,1993,1,Pacifica,23.833617205658317,1993-01-01,24.27012888840973,-0.43651168275141217,-0.06022604326813171
tmax_mean,1993,2,Pacifica,24.273440934895056,1993-02-01,24.781920127160387,-0.5084791922653302,-0.08034550523391874
tmax_mean,1993,3,Pacifica,24.646958984264078,1993-03-01,24.951161462046255,-0.3042024777821766,-0.14520646817967275
tmax_mean,1993,4,Pacifica,24.65787984868568,1993-04-01,24.688539020561606,-0.03065917187592504,-0.16745470430279882
tmax_mean,1993,5,Pacifica,24.527333504357646,1993-05-01,24.37252764706654,0.1548058572911053,-0.17078819438148388
tmax_mean,1993,6,Pacifica,24.265726134222884,1993-06-01,24.060787236012512,0.20493889821037214,-0.186170432845417
tmax_mean,1993,7,Pacifica,24.25212167749868,1993-07-01,23.97981740381563,0.2723042736830479,-0.12572314124519934
tmax_mean,1993,8,Pacifica,24.03093638503653,1993-08-01,24.21516864681349,-0.18423226177695895,-0.12174040613336541
tmax_mean,1993,9,Pacifica,23.54778642455023,1993-09-01,24.145322235902647,-0.5975358113524152,-0.13125486865775957
tmax_mean,1993,10,Pacifica,23.861497529202026,1993-10-01,23.891598064880725,-0.030100535678698748,-0.12342932831164788
tmax_mean,1993,11,Pacifica,23.614727741329222,1993-11-01,23.624891994753128,-0.010164253423905478,-0.1259635284997008
tmax_mean,1993,12,Pacifica,23.647151869769374,1993-12-01,23.852437063344542,-0.20528519357516828,-0.1395934626081221
tmax_mean,1994,1,Pacifica,23.772839044375797,1994-01-01,24.27012888840973,-0.49728984403393284,-0.1446583093816655
tmax_mean,1994,2,Pacifica,24.282755165880804,1994-02-01,24.781920127160387,-0.49916496127958254,-0.14388212346618653
tmax_mean,1994,3,Pacifica,24.067841834084124,1994-03-01,24.951161462046255,-0.8833196279621305,-0.19214188598118268
tmax_mean,1994,4,Pacifica,24.15752270130641,1994-04-01,24.688539020561606,-0.5310163192551975,-0.2338383149294554
tmax_mean,1994,5,Pacifica,23.980849072399252,1994-05-01,24.37252764706654,-0.3916785746672886,-0.27937868425932155
tmax_mean,1994,6,Pacifica,23.614234650797606,1994-06-01,24.060787236012512,-0.4465525852149064,-0.3336696412114281
tmax_mean,1994,7,Pacifica,23.77046196183274,1994-07-01,23.97981740381563,-0.2093554419828898,-0.37380795085025625
tmax_mean,1994,8,Pacifica,23.77434065298675,1994-08-01,24.21516864681349,-0.440827993826737,-0.39519092852107107
tmax_mean,1994,9,Pacifica,24.099322478894198,1994-09-01,24.145322235902647,-0.04599975700844894,-0.3492295906590739
tmax_mean,1994,10,Pacifica,23.794873933375417,1994-10-01,23.891598064880725,-0.09672413150530801,-0.354781556977958
tmax_mean,1994,11,Pacifica,23.56656160609178,1994-11-01,23.624891994753128,-0.05833038866134643,-0.3587954015810781
tmax_mean,1994,12,Pacifica,24.22369205818175,1994-12-01,23.852437063344542,0.3712549948372086,-0.31075038588004666
tmax_mean,1995,1,Pacifica,24.86484394707428,1995-01-01,24.27012888840973,0.5947150586645513,-0.21974997732183965
tmax_mean,1995,2,Pacifica,25.463088973919344,1995-02-01,24.781920127160387,0.6811688467589576,-0.12138882665196131
tmax_mean,1995,3,Pacifica,25.12290944079317,1995-03-01,24.951161462046255,0.1717479787469145,-0.033466526092874226
tmax_mean,1995,4,Pacifica,24.35239006479489,1995-04-01,24.688539020561606,-0.336148955766717,-0.017227579135500843
tmax_mean,1995,5,Pacifica,24.034460792937708,1995-05-01,24.37252764706654,-0.33806685412883297,-0.012759935757296207
tmax_mean,1995,6,Pacifica,23.691799904335166,1995-06-01,24.060787236012512,-0.36898733167734576,-0.006296164629166157
tmax_mean,1995,7,Pacifica,23.638371139129035,1995-07-01,23.97981740381563,-0.34144626468659567,-0.017303733187808312
tmax_mean,1995,8,Pacifica,23.898485503400508,1995-08-01,24.21516864681349,-0.31668314341298043,-0.0069583289866619324
tmax_mean,1995,9,Pacifica,23.668490788724082,1995-09-01,24.145322235902647,-0.47683144717856507,-0.04286096983417161
tmax_mean,1995,10,Pacifica,23.143617317637535,1995-10-01,23.891598064880725,-0.7479807472431901,-0.09713235447899511
tmax_mean,1995,11,Pacifica,23.195016011053166,1995-11-01,23.624891994753128,-0.4298759836999615,-0.12809448739887971
tmax_mean,1995,12,Pacifica,23.26308726021963,1995-12-01,23.852437063344542,-0.5893498031249109,-0.20814488722905633
tmax_mean,1996,1,Pacifica,23.38385247586117,1996-01-01,24.27012888840973,-0.8862764125485612,-0.3315608431634824
tmax_mean,1996,2,Pacifica,23.9656265206972,1996-02-01,24.781920127160387,-0.8162936064631872,-0.45634938093199445
tmax_mean,1996,3,Pacifica,24.25088933935469,1996-03-01,24.951161462046255,-0.7002721226915654,-0.5290177227185344
tmax_mean,1996,4,Pacifica,24.241445278611486,1996-04-01,24.688539020561606,-0.44709374195011975,-0.5382631215671513
tmax_mean,1996,5,Pacifica,23.804429779234933,1996-05-01,24.37252764706654,-0.5680978678316073,-0.5574323727090492
tmax_mean,1996,6,Pacifica,23.34889481504217,1996-06-01,24.060787236012512,-0.7118924209703437,-0.586007796816799
tmax_mean,1996,7,Pacifica,23.308607139977465,1996-07-01,23.97981740381563,-0.6712102638381658,-0.6134881300794298
tmax_mean,1996,8,Pacifica,23.79330791303226,1996-08-01,24.21516864681349,-0.4218607337812301,-0.622252929276784
tmax_mean,1996,9,Pacifica,23.9847187138016,1996-09-01,24.145322235902647,-0.16060352210104867,-0.5959006021869909
tmax_mean,1996,10,Pacifica,23.85019015644845,1996-10-01,23.891598064880725,-0.041407908432276486,-0.5370195322860815
tmax_mean,1996,11,Pacifica,23.612188495378902,1996-11-01,23.624891994753128,-0.012703499374225657,-0.5022551585922702
tmax_mean,1996,12,Pacifica,23.688794488661788,1996-12-01,23.852437063344542,-0.16364257468275412,-0.46677955622209044
tmax_mean,1997,1,Pacifica,23.01915237020556,1997-01-01,24.27012888840973,-1.250976518204169,-0.4971712316933911
tmax_mean,1997,2,Pacifica,24.335402396045016,1997-02-01,24.781920127160387,-0.44651773111537096,-0.4663565754144064
tmax_mean,1997,3,Pacifica,25.42237673201603,1997-03-01,24.951161462046255,0.47121526996977536,-0.36873262602596135
tmax_mean,1997,4,Pacifica,24.67689209900051,1997-04-01,24.688539020561606,-0.011646921561094814,-0.3324453909935426
tmax_mean,1997,5,Pacifica,24.73644092288313,1997-05-01,24.37252764706654,0.3639132758165893,-0.25477779568952624
tmax_mean,1997,6,Pacifica,24.41747206479994,1997-06-01,24.060787236012512,0.35668482878742935,-0.16572969154304515
tmax_mean,1997,7,Pacifica,25.031936980954313,1997-07-01,23.97981740381563,1.0521195771386829,-0.02211887146164108
tmax_mean,1997,8,Pacifica,25.26856443183486,1997-08-01,24.21516864681349,1.0533957850213724,0.10081917177190913
tmax_mean,1997,9,Pacifica,24.522146318123337,1997-09-01,24.145322235902647,0.37682408222068986,0.14560480546538734
tmax_mean,1997,10,Pacifica,24.943721692380954,1997-10-01,23.891598064880725,1.0521236275002295,0.23673243345976283
tmax_mean,1997,11,Pacifica,24.254687050618486,1997-11-01,23.624891994753128,0.6297950558653582,0.2902739797297282
tmax_mean,1997,12,Pacifica,25.597603498275493,1997-12-01,23.852437063344542,1.745166434930951,0.4493413971975369
tmax_mean,1998,1,Pacifica,26.477166045975306,1998-01-01,24.27012888840973,2.2070371575655763,0.7375092035116824
tmax_mean,1998,2,Pacifica,26.228168113116542,1998-02-01,24.781920127160387,1.4462479859561554,0.8952396799343095
tmax_mean,1998,3,Pacifica,26.24953034168712,1998-03-01,24.951161462046255,1.298368879640865,0.9641691474069004
tmax_mean,1998,4,Pacifica,25.66424699867939,1998-04-01,24.688539020561606,0.9757079781177822,1.0464487223801402
tmax_mean,1998,5,Pacifica,25.38616455939479,1998-05-01,24.37252764706654,1.0136369123282485,1.1005923587561117
tmax_mean,1998,6,Pacifica,24.481855819902727,1998-06-01,24.060787236012512,0.4210685838902144,1.1059576716813437
tmax_mean,1998,7,Pacifica,23.92620595457422,1998-07-01,23.97981740381563,-0.053611449241412146,1.0138134194830026
tmax_mean,1998,8,Pacifica,24.11441076555095,1998-08-01,24.21516864681349,-0.10075788126253826,0.9176339472926767
tmax_mean,1998,9,Pacifica,24.099252909011113,1998-09-01,24.145322235902647,-0.046069326891533535,0.882392829866658
tmax_mean,1998,10,Pacifica,23.842774491137586,1998-10-01,23.891598064880725,-0.04882357374313884,0.790647229763044
tmax_mean,1998,11,Pacifica,23.012690141164654,1998-11-01,23.624891994753128,-0.6122018535884735,0.687147487308558
tmax_mean,1998,12,Pacifica,23.353883427273338,1998-12-01,23.852437063344542,-0.49855363607120395,0.5001708147250451
tmax_mean,1999,1,Pacifica,23.495115171295055,1999-01-01,24.27012888840973,-0.7750137171146747,0.25166657516835755
tmax_mean,1999,2,Pacifica,23.786450732928206,1999-02-01,24.781920127160387,-0.9954693942321811,0.048190126819329514
tmax_mean,1999,3,Pacifica,24.209597359412083,1999-03-01,24.951161462046255,-0.7415641026341717,-0.12180428837025688
tmax_mean,1999,4,Pacifica,24.043671612453856,1999-04-01,24.688539020561606,-0.6448674081077499,-0.25685223722238454
tmax_mean,1999,5,Pacifica,23.92286996201527,1999-05-01,24.37252764706654,-0.449657685051271,-0.37879345367067785
tmax_mean,1999,6,Pacifica,23.183088349781084,1999-06-01,24.060787236012512,-0.8776988862314283,-0.4870240761808147
tmax_mean,1999,7,Pacifica,23.389111859431264,1999-07-01,23.97981740381563,-0.5907055443843667,-0.5317819174427276
tmax_mean,1999,8,Pacifica,23.52062657447373,1999-08-01,24.21516864681349,-0.6945420723397575,-0.5812639333658293
tmax_mean,1999,9,Pacifica,23.28970965399039,1999-09-01,24.145322235902647,-0.8556125819122578,-0.6487258712842229
tmax_mean,1999,10,Pacifica,23.15587444412494,1999-10-01,23.891598064880725,-0.7357236207557847,-0.7059675418686101
tmax_mean,1999,11,Pacifica,22.599455692795622,1999-11-01,23.624891994753128,-1.0254363019575052,-0.7404037458993628
tmax_mean,1999,12,Pacifica,22.696765080792087,1999-12-01,23.852437063344542,-1.1556719825524553,-0.7951636081061336
tmax_mean,2000,1,Pacifica,22.951779350564625,2000-01-01,24.27012888840973,-1.318349537845105,-0.8404415931670028
tmax_mean,2000,2,Pacifica,23.82374186927044,2000-02-01,24.781920127160387,-0.9581782578899478,-0.8373339984718168
tmax_mean,2000,3,Pacifica,24.11404834515884,2000-03-01,24.951161462046255,-0.8371131168874157,-0.8452964163262537
tmax_mean,2000,4,Pacifica,23.944890750652302,2000-04-01,24.688539020561606,-0.7436482699093041,-0.8535281548097166
tmax_mean,2000,5,Pacifica,23.495005476173002,2000-05-01,24.37252764706654,-0.8775221708935383,-0.8891835286299056
tmax_mean,2000,6,Pacifica,23.43513727382259,2000-06-01,24.060787236012512,-0.6256499621899216,-0.8681794516264466
tmax_mean,2000,7,Pacifica,23.252325635501556,2000-07-01,23.97981740381563,-0.7274917683140742,-0.879578303620589
tmax_mean,2000,8,Pacifica,23.915692939837797,2000-08-01,24.21516864681349,-0.2994757069756915,-0.8466561065069168
tmax_mean,2000,9,Pacifica,23.58863623973257,2000-09-01,24.145322235902647,-0.5566859961700779,-0.8217455576950684
tmax_mean,2000,10,Pacifica,23.543521837205866,2000-10-01,23.891598064880725,-0.34807622767485924,-0.789441608271658
tmax_mean,2000,11,Pacifica,23.030924918916046,2000-11-01,23.624891994753128,-0.5939670758370816,-0.7534858394282894
tmax_mean,2000,12,Pacifica,23.36045500311965,2000-12-01,23.852437063344542,-0.4919820602248919,-0.6981783459009924
tmax_mean,2001,1,Pacifica,23.648948684824703,2001-01-01,24.27012888840973,-0.6211802035850269,-0.6400809013793193
tmax_mean,2001,2,Pacifica,24.79454876332273,2001-02-01,24.781920127160387,0.012628636162343554,-0.5591803268749617
tmax_mean,2001,3,Pacifica,24.603470273819493,2001-03-01,24.951161462046255,-0.3476911882267615,-0.5183951661532404
tmax_mean,2001,4,Pacifica,24.68175607978351,2001-04-01,24.688539020561606,-0.006782940778094826,-0.456989722058973
tmax_mean,2001,5,Pacifica,23.84650476465755,2001-05-01,24.37252764706654,-0.5260228824089914,-0.42769811468526076
tmax_mean,2001,6,Pacifica,23.618776371834738,2001-06-01,24.060787236012512,-0.44201086417777447,-0.41239485651758184
tmax_mean,2001,7,Pacifica,23.634464722935043,2001-07-01,23.97981740381563,-0.34535268088058757,-0.38054993256479125
tmax_mean,2001,8,Pacifica,24.35954428766194,2001-08-01,24.21516864681349,0.14437564084845178,-0.34356232024611266
tmax_mean,2001,9,Pacifica,23.546435085381187,2001-09-01,24.145322235902647,-0.5988871505214597,-0.3470790831087278
tmax_mean,2001,10,Pacifica,23.940851872225082,2001-10-01,23.891598064880725,0.049253807344356915,-0.3139682468571265
tmax_mean,2001,11,Pacifica,23.212409901638317,2001-11-01,23.624891994753128,-0.41248209311481077,-0.2988444982969372
tmax_mean,2001,12,Pacifica,23.66237570884797,2001-12-01,23.852437063344542,-0.1900613544965708,-0.2736844394862438
tmax_mean,2002,1,Pacifica,24.33850677583144,2002-01-01,24.27012888840973,0.06837788742171114,-0.2162212652356823
tmax_mean,2002,2,Pacifica,24.984904420978967,2002-02-01,24.781920127160387,0.20298429381858085,-0.2003582937643292
tmax_mean,2002,3,Pacifica,25.381671708027067,2002-03-01,24.951161462046255,0.43051024598081256,-0.13550817424703135
tmax_mean,2002,4,Pacifica,24.544763390976282,2002-04-01,24.688539020561606,-0.14377562958532408,-0.1469242316476338
tmax_mean,2002,5,Pacifica,24.80921680429463,2002-05-01,24.37252764706654,0.43668915722808777,-0.06669822834454386
tmax_mean,2002,6,Pacifica,24.154302088791997,2002-06-01,24.060787236012512,0.09351485277948512,-0.022071085264772233
tmax_mean,2002,7,Pacifica,23.781265904722208,2002-07-01,23.97981740381563,-0.19855149909342273,-0.009837653449175162
tmax_mean,2002,8,Pacifica,24.30707197728023,2002-08-01,24.21516864681349,0.09190333046674226,-0.014210345980984288
tmax_mean,2002,9,Pacifica,24.06218114787632,2002-09-01,24.145322235902647,-0.08314108802632703,0.028768492560276766
tmax_mean,2002,10,Pacifica,24.036946834686983,2002-10-01,23.891598064880725,0.1453487698062581,0.03677640609876853
tmax_mean,2002,11,Pacifica,23.97008636255038,2002-11-01,23.624891994753128,0.34519436779725154,0.09991611117477373
tmax_mean,2002,12,Pacifica,24.365371286405917,2002-12-01,23.852437063344542,0.5129342230613751,0.15849907597126922
tmax_mean,2003,1,Pacifica,24.98896864512774,2003-01-01,24.27012888840973,0.7188397567180118,0.21270423174596095
tmax_mean,2003,2,Pacifica,25.19685513079608,2003-02-01,24.781920127160387,0.41493500363569424,0.23036679089738707
tmax_mean,2003,3,Pacifica,25.48028094740681,2003-03-01,24.951161462046255,0.5291194853605568,0.23858422751236574
tmax_mean,2003,4,Pacifica,24.772580135775893,2003-04-01,24.688539020561606,0.08404111521428703,0.25756895624566667
tmax_mean,2003,5,Pacifica,24.22910699037055,2003-05-01,24.37252764706654,-0.1434206566959908,0.20922647175199346
tmax_mean,2003,6,Pacifica,23.780321514806808,2003-06-01,24.060787236012512,-0.28046572120570445,0.17806142391989432
tmax_mean,2003,7,Pacifica,23.919213404853707,2003-07-01,23.97981740381563,-0.06060399896192337,0.1895570489308526
tmax_mean,2003,8,Pacifica,24.10833792838011,2003-08-01,24.21516864681349,-0.10683071843337899,0.17299587818917583
tmax_mean,2003,9,Pacifica,23.890734581775106,2003-09-01,24.145322235902647,-0.2545876541275405,0.15870866434740805
tmax_mean,2003,10,Pacifica,23.692278380517227,2003-10-01,23.891598064880725,-0.19931968436349834,0.12998629316659502
tmax_mean,2003,11,Pacifica,23.55726033838115,2003-11-01,23.624891994753128,-0.06763165637197943,0.09558412448582576
tmax_mean,2003,12,Pacifica,23.914519873259135,2003-12-01,23.852437063344542,0.062082809914592474,0.05801317339026054
tmax_mean,2004,1,Pacifica,24.19423545950812,2004-01-01,24.27012888840973,-0.07589342890160822,-0.00821459207804113
tmax_mean,2004,2,Pacifica,25.277694714834777,2004-02-01,24.781920127160387,0.49577458767439,-0.0014779600748164867
tmax_mean,2004,3,Pacifica,25.39341067948115,2004-03-01,24.951161462046255,0.4422492174348953,-0.008717149068621607
tmax_mean,2004,4,Pacifica,24.642005947172496,2004-04-01,24.688539020561606,-0.04653307338911006,-0.019598331452238032
tmax_mean,2004,5,Pacifica,24.247335007103814,2004-05-01,24.37252764706654,-0.12519263996272656,-0.018079330057799343
tmax_mean,2004,6,Pacifica,23.984549747557292,2004-06-01,24.060787236012512,-0.07623748845522016,-0.0010603106619256526
tmax_mean,2004,7,Pacifica,23.572247807571006,2004-07-01,23.97981740381563,-0.40756959624462397,-0.029974110435484036
tmax_mean,2004,8,Pacifica,24.221055644427185,2004-08-01,24.21516864681349,0.0058869976136968205,-0.020580967431561053
tmax_mean,2004,9,Pacifica,23.895848314854575,2004-09-01,24.145322235902647,-0.24947392104807165,-0.020154823008271983
tmax_mean,2004,10,Pacifica,23.71741985241346,2004-10-01,23.891598064880725,-0.17417821246726461,-0.018059700350252506
tmax_mean,2004,11,Pacifica,23.57485474697259,2004-11-01,23.624891994753128,-0.050037247780537086,-0.016593499634298976
tmax_mean,2004,12,Pacifica,23.80074310333243,2004-12-01,23.852437063344542,-0.05169396001211268,-0.026074897128191072
tmax_mean,2005,1,Pacifica,24.08771076181162,2005-01-01,24.27012888840973,-0.1824181265981082,-0.03495195526956607
tmax_mean,2005,2,Pacifica,24.546631006043576,2005-02-01,24.781920127160387,-0.23528912111681066,-0.09587393100216612
tmax_mean,2005,3,Pacifica,24.607808754729927,2005-03-01,24.951161462046255,-0.3433527073163276,-0.16134075806476803
tmax_mean,2005,4,Pacifica,24.91078922125721,2005-04-01,24.688539020561606,0.22225020069560486,-0.13894215189104178
tmax_mean,2005,5,Pacifica,24.564036795691834,2005-05-01,24.37252764706654,0.19150914862529334,-0.11255033617537347
tmax_mean,2005,6,Pacifica,23.94101348614418,2005-06-01,24.060787236012512,-0.11977374986833311,-0.11617835795979954
tmax_mean,2005,7,Pacifica,24.432726083698487,2005-07-01,23.97981740381563,0.45290867988285655,-0.04447183494917617
tmax_mean,2005,8,Pacifica,24.10732216450486,2005-08-01,24.21516864681349,-0.10784648230862715,-0.05394962494270317
tmax_mean,2005,9,Pacifica,24.303543104883722,2005-09-01,24.145322235902647,0.15822086898107557,-0.0199750591069409
tmax_mean,2005,10,Pacifica,23.55774867504652,2005-10-01,23.891598064880725,-0.33384938983420653,-0.03328099055418606
tmax_mean,2005,11,Pacifica,23.208074492728954,2005-11-01,23.624891994753128,-0.41681750202417334,-0.06384601174115574
tmax_mean,2005,12,Pacifica,23.212317682572465,2005-12-01,23.852437063344542,-0.6401193807720773,-0.1128814634711528
tmax_mean,2006,1,Pacifica,23.65385352454217,2006-01-01,24.27012888840973,-0.6162753638675582,-0.14903623324360696
tmax_mean,2006,2,Pacifica,24.633957953981195,2006-02-01,24.781920127160387,-0.14796217317919158,-0.1417589875821387
tmax_mean,2006,3,Pacifica,24.386897350645274,2006-03-01,24.951161462046255,-0.5642641114009805,-0.16016827125585978
tmax_mean,2006,4,Pacifica,24.195214551609357,2006-04-01,24.688539020561606,-0.4933244689522489,-0.21979949372651428
tmax_mean,2006,5,Pacifica,24.082125298788146,2006-05-01,24.37252764706654,-0.29040234827839484,-0.25995878513515497
tmax_mean,2006,6,Pacifica,23.819099487642404,2006-06-01,24.060787236012512,-0.24168774837010787,-0.2701182850103028
tmax_mean,2006,7,Pacifica,23.860670178089816,2006-07-01,23.97981740381563,-0.11914722572581482,-0.3177896104776921
tmax_mean,2006,8,Pacifica,24.672357351825614,2006-08-01,24.21516864681349,0.4571887050121255,-0.2707033448676294
tmax_mean,2006,9,Pacifica,24.499080864737895,2006-09-01,24.145322235902647,0.3537586288352479,-0.2544085315464484
tmax_mean,2006,10,Pacifica,24.047718840698042,2006-10-01,23.891598064880725,0.15612077581731754,-0.21357768440882138
tmax_mean,2006,11,Pacifica,23.65861722181455,2006-11-01,23.624891994753128,0.03372522706142078,-0.17603245698502187
tmax_mean,2006,12,Pacifica,23.896335380064603,2006-12-01,23.852437063344542,0.04389831672006039,-0.11903098219401038
tmax_mean,2007,1,Pacifica,24.903841268994427,2007-01-01,24.27012888840973,0.6337123805846971,-0.014865336822989109
tmax_mean,2007,2,Pacifica,25.36720184725685,2007-02-01,24.781920127160387,0.5852817200964644,0.046238320949982224
tmax_mean,2007,3,Pacifica,24.45164415931434,2007-03-01,24.951161462046255,-0.4995173027319133,0.051633888339071156
tmax_mean,2007,4,Pacifica,24.326994658795158,2007-04-01,24.688539020561606,-0.3615443617664482,0.06261556393788788
tmax_mean,2007,5,Pacifica,23.899584735725668,2007-05-01,24.37252764706654,-0.47294291134087274,0.047403850349348055
tmax_mean,2007,6,Pacifica,23.622784211489293,2007-06-01,24.060787236012512,-0.43800302452321915,0.03104424400325545
tmax_mean,2007,7,Pacifica,23.94779492777027,2007-07-01,23.97981740381563,-0.03202247604535913,0.038304639809960093
tmax_mean,2007,8,Pacifica,23.46581818463032,2007-08-01,24.21516864681349,-0.7493504621831697,-0.062240290789647844
tmax_mean,2007,9,Pacifica,23.99285868884905,2007-09-01,24.145322235902647,-0.15246354705359622,-0.10442547211371818
tmax_mean,2007,10,Pacifica,23.334618829999762,2007-10-01,23.891598064880725,-0.5569792348809628,-0.16385047300524155
tmax_mean,2007,11,Pacifica,23.29148626892719,2007-11-01,23.624891994753128,-0.3334057258259371,-0.19444471907918803
tmax_mean,2007,12,Pacifica,22.819678737577167,2007-12-01,23.852437063344542,-1.0327583257673751,-0.284166105953141
tmax_mean,2008,1,Pacifica,23.452107097472773,2008-01-01,24.27012888840973,-0.8180217909369567,-0.4051439535799455
tmax_mean,2008,2,Pacifica,23.78113374998312,2008-02-01,24.781920127160387,-1.000786377177267,-0.5373162950194231
tmax_mean,2008,3,Pacifica,24.354428907859027,2008-03-01,24.951161462046255,-0.596732554187227,-0.5454175659740326
tmax_mean,2008,4,Pacifica,24.416343976125315,2008-04-01,24.688539020561606,-0.27219504443629106,-0.5379717895298528
tmax_mean,2008,5,Pacifica,23.84433931259583,2008-05-01,24.37252764706654,-0.528188334470709,-0.5425755747906725
tmax_mean,2008,6,Pacifica,23.768192008668734,2008-06-01,24.060787236012512,-0.29259522734377796,-0.5304582583590524
tmax_mean,2008,7,Pacifica,23.411695579810814,2008-07-01,23.97981740381563,-0.568121824004816,-0.5751332040223405
tmax_mean,2008,8,Pacifica,23.79419348199145,2008-08-01,24.21516864681349,-0.420975164822039,-0.5477685959089129
tmax_mean,2008,9,Pacifica,24.063831231658867,2008-09-01,24.145322235902647,-0.0814910042437802,-0.5418542173414282
tmax_mean,2008,10,Pacifica,23.798125512493638,2008-10-01,23.891598064880725,-0.0934725523870874,-0.5032286604669386
tmax_mean,2008,11,Pacifica,23.40138453944832,2008-11-01,23.624891994753128,-0.22350745530480864,-0.4940704712568446
tmax_mean,2008,12,Pacifica,23.259767608677123,2008-12-01,23.852437063344542,-0.5926694546674192,-0.4573963986651816
tmax_mean,2009,1,Pacifica,23.5854561057664,2009-01-01,24.27012888840973,-0.6846727826433288,-0.4462839813073793
tmax_mean,2009,2,Pacifica,24.223914468584216,2009-02-01,24.781920127160387,-0.558005658576171,-0.40938558809062126
tmax_mean,2009,3,Pacifica,24.344917061722363,2009-03-01,24.951161462046255,-0.6062444003238916,-0.4101782419353433
tmax_mean,2009,4,Pacifica,24.528575743077596,2009-04-01,24.688539020561606,-0.1599632774840103,-0.40082559468931994
tmax_mean,2009,5,Pacifica,24.379011638704792,2009-05-01,24.37252764706654,0.0064839916382517515,-0.3562695675135732
tmax_mean,2009,6,Pacifica,24.092155670186497,2009-06-01,24.060787236012512,0.03136843417398438,-0.32927259572042633
tmax_mean,2009,7,Pacifica,24.3467195200959,2009-07-01,23.97981740381563,0.3669021162802686,-0.2513539340300026
tmax_mean,2009,8,Pacifica,24.114813148203687,2009-08-01,24.21516864681349,-0.10035549860980097,-0.2246356285123161
tmax_mean,2009,9,Pacifica,24.679069339998016,2009-09-01,24.145322235902647,0.5337471040953687,-0.17336578615072037
tmax_mean,2009,10,Pacifica,24.283669808043616,2009-10-01,23.891598064880725,0.39207174316289084,-0.1329037615215555
tmax_mean,2009,11,Pacifica,24.056692106323155,2009-11-01,23.624891994753128,0.43180011157002696,-0.07829479761531921
tmax_mean,2009,12,Pacifica,24.071428115708656,2009-12-01,23.852437063344542,0.21899105236411387,-0.010656422029358126
tmax_mean,2010,1,Pacifica,25.223350555681503,2010-01-01,24.27012888840973,0.953221667271773,0.1258347821302337
tmax_mean,2010,2,Pacifica,25.421605610159745,2010-02-01,24.781920127160387,0.6396854829993579,0.22564237726152778
tmax_mean,2010,3,Pacifica,25.46271815028763,2010-03-01,24.951161462046255,0.5115566882413738,0.31879246797529986
tmax_mean,2010,4,Pacifica,25.05288185347102,2010-04-01,24.688539020561606,0.36434283290941494,0.36248464384141865
tmax_mean,2010,5,Pacifica,24.805528690200685,2010-05-01,24.37252764706654,0.4330010431341442,0.39802773146607634
tmax_mean,2010,6,Pacifica,23.96567804742119,2010-06-01,24.060787236012512,-0.09510918859132289,0.38748792956896744
tmax_mean,2010,7,Pacifica,23.62472241691293,2010-07-01,23.97981740381563,-0.35509498690269936,0.3273215043037201
tmax_mean,2010,8,Pacifica,23.916872803453906,2010-08-01,24.21516864681349,-0.2982958433595826,0.3108264755745716
tmax_mean,2010,9,Pacifica,23.96282993822197,2010-09-01,24.145322235902647,-0.1824922976806782,0.251139858759901
tmax_mean,2010,10,Pacifica,23.46867740079698,2010-10-01,23.891598064880725,-0.42292066408374396,0.18322382482268149
tmax_mean,2010,11,Pacifica,22.57414610612142,2010-11-01,23.624891994753128,-1.050745888631706,0.059678324805870396
tmax_mean,2010,12,Pacifica,22.729591766800297,2010-12-01,23.852437063344542,-1.122845296544245,-0.05214137093649285
tmax_mean,2011,1,Pacifica,23.484510762267472,2011-01-01,24.27012888840973,-0.785618126142257,-0.19704468705432868
tmax_mean,2011,2,Pacifica,24.19048494820094,2011-02-01,24.781920127160387,-0.591435178959447,-0.2996380755508958
tmax_mean,2011,3,Pacifica,24.23624686009025,2011-03-01,24.951161462046255,-0.7149146019560035,-0.4018440164006772
tmax_mean,2011,4,Pacifica,24.313761712470264,2011-04-01,24.688539020561606,-0.3747773080913426,-0.46343736148407366
tmax_mean,2011,5,Pacifica,24.307376380277518,2011-05-01,24.37252764706654,-0.06515126678902305,-0.5049500539776709
tmax_mean,2011,6,Pacifica,23.958216313468107,2011-06-01,24.060787236012512,-0.10257092254440536,-0.5055718651404278
tmax_mean,2011,7,Pacifica,23.857947321291633,2011-07-01,23.97981740381563,-0.12187008252399778,-0.48613645644220266
tmax_mean,2011,8,Pacifica,24.160853481000473,2011-08-01,24.21516864681349,-0.05431516581301565,-0.4658047333133221
tmax_mean,2011,9,Pacifica,24.11939198360573,2011-09-01,24.145322235902647,-0.02593025229691648,-0.4527578961980086
tmax_mean,2011,10,Pacifica,23.099212843191115,2011-10-01,23.891598064880725,-0.7923852216896101,-0.4835466093318308
tmax_mean,2011,11,Pacifica,23.17238063674451,2011-11-01,23.624891994753128,-0.45251135800861775,-0.4336937317799068
tmax_mean,2011,12,Pacifica,23.09449732525821,2011-12-01,23.852437063344542,-0.757939738086332,-0.40328493524174736
tmax_mean,2012,1,Pacifica,23.657177057848433,2012-01-01,24.27012888840973,-0.6129518305612969,-0.38889607727666736
tmax_mean,2012,2,Pacifica,24.03504889331692,2012-02-01,24.781920127160387,-0.7468712338434678,-0.40184908185033574
tmax_mean,2012,3,Pacifica,25.036289278988228,2012-03-01,24.951161462046255,0.08512781694197358,-0.3351788802755043
tmax_mean,2012,4,Pacifica,24.60372065008554,2012-04-01,24.688539020561606,-0.08481837047606788,-0.31101563547423144
tmax_mean,2012,5,Pacifica,24.164708537239036,2012-05-01,24.37252764706654,-0.20781910982750418,-0.32290462239410483
tmax_mean,2012,6,Pacifica,24.37757313735161,2012-06-01,24.060787236012512,0.3167859013390988,-0.28795822040381286
tmax_mean,2012,7,Pacifica,24.237038131950936,2012-07-01,23.97981740381563,0.25722072813530517,-0.2563673195155376
tmax_mean,2012,8,Pacifica,24.296546764955195,2012-08-01,24.21516864681349,0.08137811814170703,-0.24505954585264403
tmax_mean,2012,9,Pacifica,24.396593018037564,2012-09-01,24.145322235902647,0.2512707821349167,-0.22195945964999128
tmax_mean,2012,10,Pacifica,23.923586878673174,2012-10-01,23.891598064880725,0.03198881379244867,-0.15326162335981972
tmax_mean,2012,11,Pacifica,23.797890108792075,2012-11-01,23.624891994753128,0.17299811403894694,-0.10113583402252264
tmax_mean,2012,12,Pacifica,23.859969721625344,2012-12-01,23.852437063344542,0.007532658280801741,-0.03734646765859484
tmax_mean,2013,1,Pacifica,24.78957581434186,2013-01-01,24.27012888840973,0.5194469259321295,0.057020095382524026
tmax_mean,2013,2,Pacifica,24.25410965774219,2013-02-01,24.781920127160387,-0.5278104694181955,0.07527515908463005
tmax_mean,2013,3,Pacifica,24.82566727732189,2013-03-01,24.951161462046255,-0.12549418472436358,0.05772332561243528
tmax_mean,2013,4,Pacifica,24.852040621645724,2013-04-01,24.688539020561606,0.1635016010841177,0.07841665657578407
tmax_mean,2013,5,Pacifica,23.999989794980834,2013-05-01,24.37252764706654,-0.37253785208570633,0.0646900947209339
tmax_mean,2013,6,Pacifica,24.15699356881712,2013-06-01,24.060787236012512,0.09620633280460922,0.046308464009726436
tmax_mean,2013,7,Pacifica,23.841470873442116,2013-07-01,23.97981740381563,-0.1383465303735143,0.013344525800658147
tmax_mean,2013,8,Pacifica,23.730842588329402,2013-08-01,24.21516864681349,-0.4843260584840863,-0.03379748891815796
tmax_mean,2013,9,Pacifica,24.076956216133667,2013-09-01,24.145322235902647,-0.06836601976898038,-0.06043388907681605
tmax_mean,2013,10,Pacifica,23.91495280813313,2013-10-01,23.891598064880725,0.02335474325240483,-0.06115339495515304
tmax_mean,2013,11,Pacifica,23.561251524723357,2013-11-01,23.624891994753128,-0.06364047002977102,-0.08087327696087954
tmax_mean,2013,12,Pacifica,23.80580524304131,2013-12-01,23.852437063344542,-0.046631820303232985,-0.0853869835095491
tmax_mean,2014,1,Pacifica,24.215414042942598,2014-01-01,24.27012888840973,-0.05471484546713157,-0.13323379779282085
tmax_mean,2014,2,Pacifica,24.4209445603799,2014-02-01,24.781920127160387,-0.3609755667804855,-0.11933088923967834
tmax_mean,2014,3,Pacifica,24.649484233792165,2014-03-01,24.951161462046255,-0.30167722825408916,-0.13401280953382214
tmax_mean,2014,4,Pacifica,24.948812058982114,2014-04-01,24.688539020561606,0.2602730384205074,-0.125948523089123
tmax_mean,2014,5,Pacifica,24.28139706417664,2014-05-01,24.37252764706654,-0.09113058288989961,-0.10249791732280578
tmax_mean,2014,6,Pacifica,24.50704377768055,2014-06-01,24.060787236012512,0.4462565416680384,-0.07332706658418668
tmax_mean,2014,7,Pacifica,24.770251657289112,2014-07-01,23.97981740381563,0.7904342534734816,0.0040713320697296496
tmax_mean,2014,8,Pacifica,24.25535358278114,2014-08-01,24.21516864681349,0.040184935967651825,0.047780581607374494
tmax_mean,2014,9,Pacifica,24.220035280813182,2014-09-01,24.145322235902647,0.07471304491053488,0.059703836997334093
tmax_mean,2014,10,Pacifica,24.027373690623197,2014-10-01,23.891598064880725,0.13577562574247182,0.06907224387150634
tmax_mean,2014,11,Pacifica,23.841445478814155,2014-11-01,23.624891994753128,0.21655348406102704,0.09242174004573951
tmax_mean,2014,12,Pacifica,24.16955354551619,2014-12-01,23.852437063344542,0.3171164821716488,0.12273409858531299
tmax_mean,2015,1,Pacifica,24.539299235679138,2015-01-01,24.27012888840973,0.2691703472694087,0.14972453131335803
tmax_mean,2015,2,Pacifica,24.785519923071615,2015-02-01,24.781920127160387,0.003599795911227943,0.18010581153766747
tmax_mean,2015,3,Pacifica,24.905245291207404,2015-03-01,24.951161462046255,-0.04591617083885069,0.20141923298893735
tmax_mean,2015,4,Pacifica,24.976960778931357,2015-04-01,24.688539020561606,0.2884217583697506,0.20376495965137428
tmax_mean,2015,5,Pacifica,25.016178496840777,2015-05-01,24.37252764706654,0.6436508497742359,0.2649967457067189
tmax_mean,2015,6,Pacifica,24.906844938955434,2015-06-01,24.060787236012512,0.8460577029429217,0.2983135091462925
tmax_mean,2015,7,Pacifica,24.619448436583372,2015-07-01,23.97981740381563,0.6396310327677419,0.2857465740874809
tmax_mean,2015,8,Pacifica,24.833432779400443,2015-08-01,24.21516864681349,0.6182641325869547,0.3339198404724228
tmax_mean,2015,9,Pacifica,25.123266710968853,2015-09-01,24.145322235902647,0.9779444750662059,0.40918912631872867
tmax_mean,2015,10,Pacifica,24.758617211682672,2015-10-01,23.891598064880725,0.8670191468019475,0.4701260864070183
tmax_mean,2015,11,Pacifica,24.57931417649841,2015-11-01,23.624891994753128,0.9544221817452829,0.531615144547373
tmax_mean,2015,12,Pacifica,25.52192531471359,2015-12-01,23.852437063344542,1.6694882513690494,0.6443127919804897
tmax_mean,2016,1,Pacifica,25.523005486219528,2016-01-01,24.27012888840973,1.2528765978097987,0.7262883128588555
tmax_mean,2016,2,Pacifica,25.98409252369911,2016-02-01,24.781920127160387,1.2021723965387245,0.826169362911147
tmax_mean,2016,3,Pacifica,25.968968648346216,2016-03-01,24.951161462046255,1.0178071862999616,0.9148129760060479
tmax_mean,2016,4,Pacifica,25.396921730136754,2016-04-01,24.688539020561606,0.7083827095751474,0.949809721939831
tmax_mean,2016,5,Pacifica,25.101538415890815,2016-05-01,24.37252764706654,0.7290107688242742,0.9569230485273342
tmax_mean,2016,6,Pacifica,24.3986853589998,2016-06-01,24.060787236012512,0.33789812298728705,0.9145764168643646
tmax_mean,2016,7,Pacifica,23.916825067572574,2016-07-01,23.97981740381563,-0.062992336243056,0.8560244694467981
tmax_mean,2016,8,Pacifica,24.62437512211521,2016-08-01,24.21516864681349,0.4092064753017226,0.8386029980063622
tmax_mean,2016,9,Pacifica,24.364080216225677,2016-09-01,24.145322235902647,0.21875798032302995,0.7753374567777641
tmax_mean,2016,10,Pacifica,24.03374791644824,2016-10-01,23.891598064880725,0.1421498515675168,0.7149316821748949
tmax_mean,2016,11,Pacifica,24.103762007465004,2016-11-01,23.624891994753128,0.47887001271187657,0.6753023347554444
tmax_mean,2016,12,Pacifica,24.04017551540421,2016-12-01,23.852437063344542,0.18773845205966921,0.5518231848129961
tmax_mean,2017,1,Pacifica,24.350173502758867,2017-01-01,24.27012888840973,0.08004461434913779,0.4540871861912743
tmax_mean,2017,2,Pacifica,25.552445629216866,2017-02-01,24.781920127160387,0.7705255020564792,0.4181166116510872
tmax_mean,2017,3,Pacifica,25.07589907696456,2017-03-01,24.951161462046255,0.12473761491830615,0.34369414736928255
tmax_mean,2017,4,Pacifica,25.430293792373185,2017-04-01,24.688539020561606,0.7417547718115785,0.3464751525556518
tmax_mean,2017,5,Pacifica,24.82363311614236,2017-05-01,24.37252764706654,0.45110546907582005,0.32331637757661397
tmax_mean,2017,6,Pacifica,24.546668661247086,2017-06-01,24.060787236012512,0.4858814252345738,0.33564831943055456
tmax_mean,2017,7,Pacifica,24.461678245906835,2017-07-01,23.97981740381563,0.48186084209120494,0.3810527509584096
tmax_mean,2017,8,Pacifica,24.753329654933513,2017-08-01,24.21516864681349,0.5381610081200243,0.3917989620266014
tmax_mean,2017,9,Pacifica,24.84033682027289,2017-09-01,24.145322235902647,0.6950145843702416,0.43148701236386905
tmax_mean,2017,10,Pacifica,24.36258880990809,2017-10-01,23.891598064880725,0.4709907450273647,0.4588904201521897
tmax_mean,2017,11,Pacifica,23.920186096209704,2017-11-01,23.624891994753128,0.29529410145657664,0.4435924275475814
tmax_mean,2017,12,Pacifica,24.39666669953942,2017-12-01,23.852437063344542,0.5442296361948777,0.4733000262255154
tmax_mean,2018,1,Pacifica,24.121542518058043,2018-01-01,24.27012888840973,-0.14858637035168698,0.4542474441671134
tmax_mean,2018,2,Pacifica,24.933651094933857,2018-02-01,24.781920127160387,0.15173096777347084,0.4026812329768627
tmax_mean,2018,3,Pacifica,25.340973594505332,2018-03-01,24.951161462046255,0.38981213245907753,0.4247707761052603
tmax_mean,2018,4,Pacifica,24.670744635258743,2018-04-01,24.688539020561606,-0.017794385302863702,0.3614750130123901
tmax_mean,2018,5,Pacifica,24.445870765590005,2018-05-01,24.37252764706654,0.07334311852346431,0.32999481713302714
tmax_mean,2018,6,Pacifica,24.16937843922355,2018-06-01,24.060787236012512,0.10859120321103788,0.2985539652977325
tmax_mean,2018,7,Pacifica,24.416727560348114,2018-07-01,23.97981740381563,0.436910156532484,0.2948080748345057
tmax_mean,2018,8,Pacifica,24.877460994845627,2018-08-01,24.21516864681349,0.662292348032139,0.3051523531605153
tmax_mean,2018,9,Pacifica,24.713483501311572,2018-09-01,24.145322235902647,0.568161265408925,0.29458124324707224
tmax_mean,2018,10,Pacifica,24.53293346070399,2018-10-01,23.891598064880725,0.6413353958232655,0.3087766308133973
tmax_mean,2018,11,Pacifica,24.334829569575867,2018-11-01,23.624891994753128,0.7099375748227388,0.34333025359391084
tmax_mean,2018,12,Pacifica,24.924612853397655,2018-12-01,23.852437063344542,1.0721757900531124,0.3873257664154304
tmax_mean,2019,1,Pacifica,25.44129832314396,2019-01-01,24.27012888840973,1.1711694347342316,0.49730541683925694
tmax_mean,2019,2,Pacifica,25.601399716064154,2019-02-01,24.781920127160387,0.8194795889037678,0.5529511352667816
tmax_mean,2019,3,Pacifica,25.76696389970947,2019-03-01,24.951161462046255,0.8158024376632156,0.5884503273671265
tmax_mean,2019,4,Pacifica,25.33149380106744,2019-04-01,24.688539020561606,0.6429547805058355,0.6435127578511848
tmax_mean,2019,5,Pacifica,24.845110759156647,2019-05-01,24.37252764706654,0.4725831120901063,0.6767827573150716
tmax_mean,2019,6,Pacifica,24.808836878555415,2019-06-01,24.060787236012512,0.7480496425429024,0.730070960592727
tmax_mean,2019,7,Pacifica,24.748209401262592,2019-07-01,23.97981740381563,0.7683919974469617,0.7576944473356001
tmax_mean,2019,8,Pacifica,25.279613685677088,2019-08-01,24.21516864681349,1.0644450388635995,0.7912071715715552
tmax_mean,2019,9,Pacifica,24.803143434851876,2019-09-01,24.145322235902647,0.6578211989492289,0.7986788326999138
tmax_mean,2019,10,Pacifica,24.230261814335375,2019-10-01,23.891598064880725,0.33866374945464983,0.7734561955025292
tmax_mean,2019,11,Pacifica,24.510106145252514,2019-11-01,23.624891994753128,0.8852141504993867,0.7880625768089166
tmax_mean,2019,12,Pacifica,24.52099752363051,2019-12-01,23.852437063344542,0.6685604602859669,0.7544279659949877
tmax_mean,2020,1,Pacifica,25.558670019006673,2020-01-01,24.27012888840973,1.2885411305969434,0.7642089406502137
tmax_mean,2020,2,Pacifica,26.034078719099718,2020-02-01,24.781920127160387,1.252158591939331,0.8002655242365107
tmax_mean,2020,3,Pacifica,25.966992961968078,2020-03-01,24.951161462046255,1.0158314999218234,0.8169346127580613
tmax_mean,2020,4,Pacifica,25.018643896858062,2020-04-01,24.688539020561606,0.33010487629645624,0.7908637874072797
tmax_mean,2020,5,Pacifica,24.768119430651975,2020-05-01,24.37252764706654,0.39559178358543434,0.7844478433652237
tmax_mean,2020,6,Pacifica,24.259653786706927,2020-06-01,24.060787236012512,0.19886655069441517,0.7386825857111831
tmax_mean,2020,7,Pacifica,24.06937589259489,2020-07-01,23.97981740381563,0.08955848877926087,0.6821131266555414
tmax_mean,2020,8,Pacifica,24.226691765473184,2020-08-01,24.21516864681349,0.011523118659695797,0.5943696333052161
tmax_mean,2020,9,Pacifica,24.37244004765581,2020-09-01,24.145322235902647,0.22711781175316403,0.5584776843722107
tmax_mean,2020,10,Pacifica,24.331335163218387,2020-10-01,23.891598064880725,0.4397370983376625,0.566900463445795
tmax_mean,2020,11,Pacifica,24.188929758720207,2020-11-01,23.624891994753128,0.5640377639670788,0.5401357645681027
tmax_mean,2020,12,Pacifica,23.94221482182029,2020-12-01,23.852437063344542,0.08977775847574776,0.49190387275058445
tmax_mean,2021,1,Pacifica,24.41198199560318,2021-01-01,24.27012888840973,0.14185310719345168,0.39634653746696014
tmax_mean,2021,2,Pacifica,25.015019504145283,2021-02-01,24.781920127160387,0.2330993769848959,0.31142493622075723
tmax_mean,2021,3,Pacifica,24.781406509686736,2021-03-01,24.951161462046255,-0.16975495235951854,0.21262606519731206
tmax_mean,2021,4,Pacifica,24.542880456974768,2021-04-01,24.688539020561606,-0.1456585635868386,0.17297911187370416
tmax_mean,2021,5,Pacifica,24.461329515496786,2021-05-01,24.37252764706654,0.08880186843024518,0.14741328561077172
tmax_mean,2021,6,Pacifica,23.975025435656825,2021-06-01,24.060787236012512,-0.08576180035568726,0.12369425635659652
tmax_mean,2021,7,Pacifica,24.21490889710534,2021-07-01,23.97981740381563,0.23509149328970835,0.13582200673246714
tmax_mean,2021,8,Pacifica,23.935664184787658,2021-08-01,24.21516864681349,-0.27950446202583024,0.11156970834200663
tmax_mean,2021,9,Pacifica,24.422069136146913,2021-09-01,24.145322235902647,0.27674690024426596,0.11570546571626512
tmax_mean,2021,10,Pacifica,24.229231155397432,2021-10-01,23.891598064880725,0.3376330905167073,0.10719679839785219
tmax_mean,2021,11,Pacifica,23.420020139377996,2021-11-01,23.624891994753128,-0.20487185537513142,0.04312099678600134
tmax_mean,2021,12,Pacifica,23.786968659656516,2021-12-01,23.852437063344542,-0.0654684036880262,0.030183816605686847
tmax_mean,2022,1,Pacifica,24.006471106017173,2022-01-01,24.27012888840973,-0.26365778239255633,-0.0036087575264804883
tmax_mean,2022,2,Pacifica,24.07358343976775,2022-02-01,24.781920127160387,-0.708336687392638,-0.08206176289127498
tmax_mean,2022,3,Pacifica,24.602479052926586,2022-03-01,24.951161462046255,-0.3486824091196681,-0.09697238428795411
tmax_mean,2022,4,Pacifica,24.538701372061798,2022-04-01,24.688539020561606,-0.1498376484998083,-0.09732064136403491
tmax_mean,2022,5,Pacifica,24.205783992564946,2022-05-01,24.37252764706654,-0.16674365450159456,-0.1186161016083549
tmax_mean,2022,6,Pacifica,23.484864272947494,2022-06-01,24.060787236012512,-0.5759229630650182,-0.1594628651674658
tmax_mean,2022,7,Pacifica,23.75198554917976,2022-07-01,23.97981740381563,-0.22783185463586975,-0.19803981082793065
tmax_mean,2022,8,Pacifica,24.021562540397607,2022-08-01,24.21516864681349,-0.19360610641588138,-0.1908816145271016
tmax_mean,2022,9,Pacifica,24.248032945761523,2022-09-01,24.145322235902647,0.10271070985887576,-0.20538463039255075
tmax_mean,2022,10,Pacifica,23.776153607690095,2022-10-01,23.891598064880725,-0.11544445719063035,-0.24314109270149556
tmax_mean,2022,11,Pacifica,23.60610619143072,2022-11-01,23.624891994753128,-0.018785803322408867,-0.22763392169710203
tmax_mean,2022,12,Pacifica,23.62302920013904,2022-12-01,23.852437063344542,-0.22940786320550188,-0.24129554332355832
tmax_mean,2023,1,Pacifica,23.968013499546835,2023-01-01,24.27012888840973,-0.30211538886289446,-0.24450034386275318
tmax_mean,2023,2,Pacifica,25.181210989624635,2023-02-01,24.781920127160387,0.39929086246424816,-0.15219804804134598
tmax_mean,2023,3,Pacifica,24.68689851244646,2023-03-01,24.951161462046255,-0.264262949599793,-0.14516309308135641
tmax_mean,2023,4,Pacifica,25.209094813787612,2023-04-01,24.688539020561606,0.5205557932260056,-0.08929697293753858
tmax_mean,2023,5,Pacifica,25.395473158759827,2023-05-01,24.37252764706654,1.0229455116932868,0.009843790912034875
tmax_mean,2023,6,Pacifica,24.987587335232156,2023-06-01,24.060787236012512,0.9268000992196441,0.13507071276909008
tmax_mean,2023,7,Pacifica,25.218310906669238,2023-07-01,23.97981740381563,1.2384935028536077,0.2572644925598799
tmax_mean,2023,8,Pacifica,25.366612117012338,2023-08-01,24.21516864681349,1.1514434701988492,0.3693519572777741
tmax_mean,2023,9,Pacifica,25.570271198706973,2023-09-01,24.145322235902647,1.4249489628043257,0.47953847835656155
tmax_mean,2023,10,Pacifica,25.005152236964,2023-10-01,23.891598064880725,1.1135541720832762,0.5819550307960538
tmax_mean,2023,11,Pacifica,24.85928873961045,2023-11-01,23.624891994753128,1.234396744857321,0.6863869098110312
tmax_mean,2023,12,Pacifica,25.082423307552002,2023-12-01,23.852437063344542,1.2299862442074598,0.8080030854287781
tmax_mean,2024,1,Pacifica,26.008466013076315,2024-01-01,24.27012888840973,1.738337124666586,0.9780407948895681
tmax_mean,2024,2,Pacifica,26.22888952663931,2024-02-01,24.781920127160387,1.446969399478924,1.065347339640791
tmax_mean,2024,3,Pacifica,26.22888099661015,2024-03-01,24.951161462046255,1.2777195345638965,1.1938458799877651
tmax_mean,2024,4,Pacifica,25.630305795446752,2024-04-01,24.688539020561606,0.9417667748851457,1.228946795126027
tmax_mean,2024,5,Pacifica,25.076910038302177,2024-05-01,24.37252764706654,0.7043823912356366,1.2023998684212227
tmax_mean,2024,6,Pacifica,24.448004050709926,2024-06-01,24.060787236012512,0.387216814697414,1.157434594711037
tmax_mean,2024,7,Pacifica,24.94134558076246,2024-07-01,23.97981740381563,0.9615281769468282,1.134354150885472
tmax_mean,2024,8,Pacifica,25.004475822553502,2024-08-01,24.21516864681349,0.7893071757400136,1.1041761263472356
tmax_mean,2024,9,Pacifica,25.38469205885772,2024-09-01,24.145322235902647,1.239369822955073,1.0887111980264645
tmax_mean,2024,10,Pacifica,24.85418011023614,2024-10-01,23.891598064880725,0.9625820453554148,1.0761301874658094
tmax_mean,2024,11,Pacifica,24.18976694225926,2024-11-01,23.624891994753128,0.5648749475061337,1.0203367043532106
tmax_mean,2024,12,Pacifica,24.05148021725064,2024-12-01,23.852437063344542,0.1990431539060964,0.9344247801614302
tmax_mean,2025,1,Pacifica,24.538168102914458,2025-01-01,24.27012888840973,0.26803921450472856,0.8118999543146087
tmax_mean,2025,2,Pacifica,24.09198944598202,2025-02-01,24.781920127160387,-0.6899306811783674,0.6338249475931678
tmax_mean,2025,3,Pacifica,25.029704150708188,2025-03-01,24.951161462046255,0.07854268866193337,0.5338935437680042
tmax_mean,2025,4,Pacifica,25.15584156684428,2025-04-01,24.688539020561606,0.4673025462826743,0.4943548580511316
tmax_mean,2025,5,Pacifica,24.674022738250102,2025-05-01,24.37252764706654,0.3014950911835612,0.4607809163801253
tmax_mean,2025,6,Pacifica,24.387669146838583,2025-06-01,24.060787236012512,0.32688191082607077,0.45575300772418004
tmax_mean,2025,7,Pacifica,24.403534313450834,2025-07-01,23.97981740381563,0.42371690963520336,0.41093540211487795
tmax_mean,2025,8,Pacifica,24.36780705691147,2025-08-01,24.21516864681349,0.15263841009798185,0.35787967164470863
tmax_mean,2025,9,Pacifica,24.47192886962627,2025-09-01,24.145322235902647,0.32660663372362464,0.28181607254208796
tmax_mean,2025,10,Pacifica,24.072978061116707,2025-10-01,23.891598064880725,0.18137999623598233,0.21671590178213526
tmax_mean,2025,11,Pacifica,23.8219879877704,2025-11-01,23.624891994753128,0.1970959930172711,0.18606765557473004
tmax_mean,2025,12,Pacifica,24.185513548077168,2025-12-01,23.852437063344542,0.33307648473262574,0.19723709981027415
tmax_mean,2026,1,Pacifica,23.867274851893903,2026-01-01,24.27012888840973,-0.4028540365158264,0.14132932889189456
tmax_mean,2026,2,Pacifica,24.408283845050747,2026-02-01,24.781920127160387,-0.37363628210963995,0.1676871954809552
tmax_mean,2026,3,Pacifica,25.744227980795326,2026-03-01,24.951161462046255,0.7930665187490717,0.22723084798821672
tmean,1991,1,Amazonia,25.795436047135816,1991-01-01,25.280218837582673,0.5152172095531427,
tmean,1991,2,Amazonia,25.581909392992618,1991-02-01,25.356062797755076,0.2258465952375417,
tmean,1991,3,Amazonia,25.148977542420678,1991-03-01,25.033584825984235,0.11539271643644256,
tmean,1991,4,Amazonia,24.363503036907968,1991-04-01,24.668468378756078,-0.30496534184810997,
tmean,1991,5,Amazonia,24.259984536948256,1991-05-01,24.255605066278488,0.004379470669768182,
tmean,1991,6,Amazonia,23.770046499593693,1991-06-01,23.65228295212746,0.11776354746623241,
tmean,1991,7,Amazonia,22.988089956712432,1991-07-01,23.420486798974668,-0.43239684226223574,
tmean,1991,8,Amazonia,23.39111731455104,1991-08-01,24.038626401452248,-0.6475090869012092,
tmean,1991,9,Amazonia,24.13581519584057,1991-09-01,24.645907476137406,-0.5100922802968348,
tmean,1991,10,Amazonia,24.26340296508414,1991-10-01,24.91997189739998,-0.6565689323158388,
tmean,1991,11,Amazonia,24.569501079598737,1991-11-01,24.898520034266333,-0.3290189546675961,
tmean,1991,12,Amazonia,25.169722470427235,1991-12-01,24.91615547823438,0.25356699219285517,-0.1373654088946535
tmean,1992,1,Amazonia,25.78387398526307,1992-01-01,25.280218837582673,0.5036551476803979,-0.13832891405071557
tmean,1992,2,Amazonia,26.327422186134662,1992-02-01,25.356062797755076,0.9713593883795859,-0.07620284795554522
tmean,1992,3,Amazonia,25.247959688489804,1992-03-01,25.033584825984235,0.2143748625055686,-0.06795433578311805
tmean,1992,4,Amazonia,24.971047330914516,1992-04-01,24.668468378756078,0.3025789521584379,-0.017325644615905727
tmean,1992,5,Amazonia,25.00109290668226,1992-05-01,24.255605066278488,0.7454878404037721,0.04443338619526127
tmean,1992,6,Amazonia,23.997128646125308,1992-06-01,23.65228295212746,0.34484569399784704,0.06335689840622916
tmean,1992,7,Amazonia,22.648926413897232,1992-07-01,23.420486798974668,-0.7715603850774357,0.035093269838295825
tmean,1992,8,Amazonia,23.47746079135951,1992-08-01,24.038626401452248,-0.5611656100927398,0.04228855957233494
tmean,1992,9,Amazonia,23.979373175218537,1992-09-01,24.645907476137406,-0.6665343009188689,0.029251724520498772
tmean,1992,10,Amazonia,24.61996949881442,1992-10-01,24.91997189739998,-0.30000239858555844,0.05896560233135547
tmean,1992,11,Amazonia,24.375637873871966,1992-11-01,24.898520034266333,-0.5228821603943672,0.04281033518745788
tmean,1992,12,Amazonia,24.61099709323258,1992-12-01,24.91615547823438,-0.3051583850017998,-0.0037501129120967036
tmean,1993,1,Amazonia,24.553319734981205,1993-01-01,25.280218837582673,-0.7268991026014682,-0.10629630043558554
tmean,1993,2,Amazonia,24.696349753970555,1993-02-01,25.356062797755076,-0.6597130437845209,-0.24221900311592778
tmean,1993,3,Amazonia,23.995208635384586,1993-03-01,25.033584825984235,-1.0383761905996494,-0.34661492420802925
tmean,1993,4,Amazonia,24.268304526174315,1993-04-01,24.668468378756078,-0.40016385258176257,-0.405176824603046
tmean,1993,5,Amazonia,24.575534788967893,1993-05-01,24.255605066278488,0.31992972268940534,-0.4406400010792432
tmean,1993,6,Amazonia,23.618954775018867,1993-06-01,23.65228295212746,-0.03332817710859359,-0.47215449033811324
tmean,1993,7,Amazonia,23.445527462336642,1993-07-01,23.420486798974668,0.02504066336197397,-0.4057710696348291
tmean,1993,8,Amazonia,23.56593988711463,1993-08-01,24.038626401452248,-0.4726865143376173,-0.3983978116552356
tmean,1993,9,Amazonia,24.108703425010248,1993-09-01,24.645907476137406,-0.5372040511271585,-0.3876202908392597
tmean,1993,10,Amazonia,24.491590766330056,1993-10-01,24.91997189739998,-0.4283811310699228,-0.3983185185462901
tmean,1993,11,Amazonia,24.444913252449993,1993-11-01,24.898520034266333,-0.4536067818163403,-0.3925455703314545
tmean,1993,12,Amazonia,25.05858977625875,1993-12-01,24.91615547823438,0.14243429802436935,-0.3552461800792737
tmean,1994,1,Amazonia,25.512787534691835,1994-01-01,25.280218837582673,0.23256869710916206,-0.2752905301033879
tmean,1994,2,Amazonia,24.42212424475403,1994-02-01,25.356062797755076,-0.9339385530010453,-0.29814265587143157
tmean,1994,3,Amazonia,24.49463014110937,1994-03-01,25.033584825984235,-0.5389546848748665,-0.256524197061033
tmean,1994,4,Amazonia,24.10851374231066,1994-04-01,24.668468378756078,-0.5599546364454184,-0.26984009571633766
tmean,1994,5,Amazonia,24.128429569643593,1994-05-01,24.255605066278488,-0.12717549663489436,-0.30709886399336267
tmean,1994,6,Amazonia,23.182386755642202,1994-06-01,23.65228295212746,-0.4698961964852586,-0.3434795322747514
tmean,1994,7,Amazonia,22.88080959323363,1994-07-01,23.420486798974668,-0.5396772057410395,-0.3905393547000025
tmean,1994,8,Amazonia,23.62183100982889,1994-08-01,24.038626401452248,-0.41679539162335644,-0.3858817611404808
tmean,1994,9,Amazonia,24.19933549480714,1994-09-01,24.645907476137406,-0.44657198133026554,-0.3783290886574064
tmean,1994,10,Amazonia,24.536599855578384,1994-10-01,24.91997189739998,-0.3833720418215947,-0.3745783312200457
tmean,1994,11,Amazonia,24.684859733445247,1994-11-01,24.898520034266333,-0.21366030082108622,-0.35458279113710783
tmean,1994,12,Amazonia,25.147406699224423,1994-12-01,24.91615547823438,0.23125122099004258,-0.3471813808899684
tmean,1995,1,Amazonia,25.563322495980202,1995-01-01,25.280218837582673,0.28310365839752905,-0.34297013411593785
tmean,1995,2,Amazonia,26.594681656058025,1995-02-01,25.356062797755076,1.2386188583029494,-0.16192368317393827
tmean,1995,3,Amazonia,25.054822959163168,1995-03-01,25.033584825984235,0.021238133178933083,-0.11524094833612164
tmean,1995,4,Amazonia,24.796414204211807,1995-04-01,24.668468378756078,0.12794582545572908,-0.05791590984435935
tmean,1995,5,Amazonia,24.194579442480087,1995-05-01,24.255605066278488,-0.061025623798400375,-0.05240342044131818
tmean,1995,6,Amazonia,23.71280190666222,1995-06-01,23.65228295212746,0.06051895453476064,-0.00820215785631658
tmean,1995,7,Amazonia,23.665800636791463,1995-07-01,23.420486798974668,0.24531383781679494,0.057213762440169624
tmean,1995,8,Amazonia,24.48635570986108,1995-08-01,24.038626401452248,0.4477293084088316,0.12925748744285195
tmean,1995,9,Amazonia,24.552870907028876,1995-09-01,24.645907476137406,-0.09303656910853064,0.1587187717946632
tmean,1995,10,Amazonia,24.765158616330982,1995-10-01,24.91997189739998,-0.1548132810689964,0.17776533519071305
tmean,1995,11,Amazonia,24.768791888106502,1995-11-01,24.898520034266333,-0.12972814615983097,0.18475968141248433
tmean,1995,12,Amazonia,24.838709727542614,1995-12-01,24.91615547823438,-0.07744575069176562,0.15903493377233366
tmean,1996,1,Amazonia,25.244643305909875,1996-01-01,25.280218837582673,-0.03557553167279792,0.1324783345998064
tmean,1996,2,Amazonia,24.230982524874232,1996-02-01,25.356062797755076,-1.1250802728808438,-0.06449659299884303
tmean,1996,3,Amazonia,25.08739627141614,1996-03-01,25.033584825984235,0.0538114454319043,-0.06178215031109543
tmean,1996,4,Amazonia,24.709493277162466,1996-04-01,24.668468378756078,0.04102489840638768,-0.06902556089854055
tmean,1996,5,Amazonia,24.022044150187913,1996-05-01,24.255605066278488,-0.23356091609057472,-0.08340350192288841
tmean,1996,6,Amazonia,23.219895529890874,1996-06-01,23.65228295212746,-0.4323874222365873,-0.12447903332050074
tmean,1996,7,Amazonia,22.98354146895184,1996-07-01,23.420486798974668,-0.43694533002282654,-0.18133396397380253
tmean,1996,8,Amazonia,23.784357594788094,1996-08-01,24.038626401452248,-0.25426880666415386,-0.23983380689655132
tmean,1996,9,Amazonia,24.25451412455701,1996-09-01,24.645907476137406,-0.39139335158039756,-0.2646968721025402
tmean,1996,10,Amazonia,24.474745477946886,1996-10-01,24.91997189739998,-0.4452264194530926,-0.28889796696788156
tmean,1996,11,Amazonia,24.60167044579131,1996-11-01,24.898520034266333,-0.2968495884750233,-0.3028247538274809
tmean,1996,12,Amazonia,24.36781778913361,1996-12-01,24.91615547823438,-0.5483376891007694,-0.3420657486948979
tmean,1997,1,Amazonia,25.47438712612863,1997-01-01,25.280218837582673,0.19416828854595636,-0.32292043034333506
tmean,1997,2,Amazonia,24.061476552086194,1997-02-01,25.356062797755076,-1.2945862456688815,-0.3370459280756715
tmean,1997,3,Amazonia,25.323341670906974,1997-03-01,25.033584825984235,0.28975684492273857,-0.31738381145143535
tmean,1997,4,Amazonia,24.411627509582704,1997-04-01,24.668468378756078,-0.2568408691733737,-0.3422059587497488
tmean,1997,5,Amazonia,23.595840026532322,1997-05-01,24.255605066278488,-0.6597650397461656,-0.37772296905438135
tmean,1997,6,Amazonia,24.157540544402586,1997-06-01,23.65228295212746,0.5052575922751252,-0.2995858845117387
tmean,1997,7,Amazonia,23.53422248994238,1997-07-01,23.420486798974668,0.11373569096771163,-0.2536957994291938
tmean,1997,8,Amazonia,23.729139911220322,1997-08-01,24.038626401452248,-0.30948649023192587,-0.25829727305984146
tmean,1997,9,Amazonia,24.992000424379007,1997-09-01,24.645907476137406,0.3460929482416013,-0.19684008140800824
tmean,1997,10,Amazonia,25.597035723041287,1997-10-01,24.91997189739998,0.6770638256413086,-0.10331589431680814
tmean,1997,11,Amazonia,25.163446654570144,1997-11-01,24.898520034266333,0.264926620303811,-0.05650121025190528
tmean,1997,12,Amazonia,25.3354229219051,1997-12-01,24.91615547823438,0.41926744367071933,0.02413255081238545
tmean,1998,1,Amazonia,25.779039602002225,1998-01-01,25.280218837582673,0.4988207644195519,0.049520257135185076
tmean,1998,2,Amazonia,26.070485197560533,1998-02-01,25.356062797755076,0.7144223998054571,0.21693764425804662
tmean,1998,3,Amazonia,25.779780933414354,1998-03-01,25.033584825984235,0.7461961074301193,0.25497424946699504
tmean,1998,4,Amazonia,25.32290526845885,1998-04-01,24.668468378756078,0.6544368897027724,0.33091406270667384
tmean,1998,5,Amazonia,24.54133470967228,1998-05-01,24.255605066278488,0.28572964339379325,0.4097052863016704
tmean,1998,6,Amazonia,23.505473817533346,1998-06-01,23.65228295212746,-0.1468091345941147,0.35536639239590045
tmean,1998,7,Amazonia,23.63390915940296,1998-07-01,23.420486798974668,0.213422360428293,0.3636736148509489
tmean,1998,8,Amazonia,24.498321968542207,1998-08-01,24.038626401452248,0.45969556708995896,0.4277721196277726
tmean,1998,9,Amazonia,24.67163377989883,1998-09-01,24.645907476137406,0.025726303761423708,0.40107489925442447
tmean,1998,10,Amazonia,24.914388286299317,1998-10-01,24.91997189739998,-0.005583611100661301,0.3441876128592603
tmean,1998,11,Amazonia,24.844968951446926,1998-11-01,24.898520034266333,-0.053551082819407014,0.3176478042656588
tmean,1998,12,Amazonia,24.82826050752264,1998-12-01,24.91615547823438,-0.08789497071174068,0.27538426973378716
tmean,1999,1,Amazonia,24.355211296958945,1999-01-01,25.280218837582673,-0.9250075406237279,0.1567319109801805
tmean,1999,2,Amazonia,24.16776584471197,1999-02-01,25.356062797755076,-1.188296953043107,-0.0018280350905331606
tmean,1999,3,Amazonia,24.816216998139545,1999-03-01,25.033584825984235,-0.21736782784469,-0.08212502969676727
tmean,1999,4,Amazonia,23.55355648623323,1999-04-01,24.668468378756078,-1.1149118925228478,-0.2295707615489023
tmean,1999,5,Amazonia,23.609502126132988,1999-05-01,24.255605066278488,-0.6461029401455001,-0.3072234768438434
tmean,1999,6,Amazonia,23.4844457019359,1999-06-01,23.65228295212746,-0.16783725019156037,-0.3089758198102972
tmean,1999,7,Amazonia,23.006226945775037,1999-07-01,23.420486798974668,-0.4142598531996313,-0.36128267094595756
tmean,1999,8,Amazonia,23.428967558012957,1999-08-01,24.038626401452248,-0.6096588434392913,-0.45039553849006175
tmean,1999,9,Amazonia,24.293507020877126,1999-09-01,24.645907476137406,-0.3524004552602804,-0.48190610174187043
tmean,1999,10,Amazonia,24.464301872868898,1999-10-01,24.91997189739998,-0.45567002453108074,-0.519413302861072
tmean,1999,11,Amazonia,24.913351531520146,1999-11-01,24.898520034266333,0.014831497253812387,-0.5137147545216371
tmean,1999,12,Amazonia,24.94101540217345,1999-12-01,24.91615547823438,0.02485992393906855,-0.5043185133007363
tmean,2000,1,Amazonia,25.51193838653243,2000-01-01,25.280218837582673,0.23171954894975855,-0.40792458916961244
tmean,2000,2,Amazonia,25.050916988401095,2000-02-01,25.356062797755076,-0.3051458093539807,-0.33432866052885196
tmean,2000,3,Amazonia,24.61850357142868,2000-03-01,25.033584825984235,-0.415081254555556,-0.35080477942142413
tmean,2000,4,Amazonia,23.842695912535074,2000-04-01,24.668468378756078,-0.8257724662210038,-0.3267098272296038
tmean,2000,5,Amazonia,23.554238646800798,2000-05-01,24.255605066278488,-0.7013664194776901,-0.33131511717395296
tmean,2000,6,Amazonia,23.252243176911207,2000-06-01,23.65228295212746,-0.40003977521625345,-0.3506653275926774
tmean,2000,7,Amazonia,22.79229725588212,2000-07-01,23.420486798974668,-0.6281895430925495,-0.36849280175042054
tmean,2000,8,Amazonia,23.542059435806223,2000-08-01,24.038626401452248,-0.496566965646025,-0.3590684786009817
tmean,2000,9,Amazonia,24.034707649838637,2000-09-01,24.645907476137406,-0.611199826298769,-0.38063509285418906
tmean,2000,10,Amazonia,24.13681718251524,2000-10-01,24.91997189739998,-0.7831547148847378,-0.40792548371699383
tmean,2000,11,Amazonia,24.86802712481939,2000-11-01,24.898520034266333,-0.03049290944694505,-0.4117025176087236
tmean,2000,12,Amazonia,24.412785238978813,2000-12-01,24.91615547823438,-0.5033702392555668,-0.4557216978749432
tmean,2001,1,Amazonia,24.15628440487285,2001-01-01,25.280218837582673,-1.1239344327098237,-0.5686928630132417
tmean,2001,2,Amazonia,24.65896535516691,2001-02-01,25.356062797755076,-0.6970974425881664,-0.6013554991160905
tmean,2001,3,Amazonia,24.699226658366744,2001-03-01,25.033584825984235,-0.3343581676174914,-0.5946285752045851
tmean,2001,4,Amazonia,24.544239282215564,2001-04-01,24.668468378756078,-0.12422909654051395,-0.536166627731211
tmean,2001,5,Amazonia,24.134102537367703,2001-05-01,24.255605066278488,-0.12150252891078495,-0.48784463685063556
tmean,2001,6,Amazonia,22.778295542824385,2001-06-01,23.65228295212746,-0.8739874093030764,-0.5273402730245375
tmean,2001,7,Amazonia,23.157087380839364,2001-07-01,23.420486798974668,-0.2633994181353039,-0.49694109594476704
tmean,2001,8,Amazonia,23.682743763447704,2001-08-01,24.038626401452248,-0.35588263800454456,-0.48521740197464364
tmean,2001,9,Amazonia,24.065364539332574,2001-09-01,24.645907476137406,-0.5805429368048323,-0.4826626611834823
tmean,2001,10,Amazonia,24.855094763858588,2001-10-01,24.91997189739998,-0.06487713354139046,-0.42280619607153663
tmean,2001,11,Amazonia,24.84588902275577,2001-11-01,24.898520034266333,-0.05263101151056304,-0.4246510379101715
tmean,2001,12,Amazonia,24.61217814281659,2001-12-01,24.91615547823438,-0.30397733541779104,-0.4080349625903568
tmean,2002,1,Amazonia,25.466915812460226,2002-01-01,25.280218837582673,0.18669697487755244,-0.2988156786247422
tmean,2002,2,Amazonia,25.276424121864245,2002-02-01,25.356062797755076,-0.07963867589083051,-0.24736078139996417
tmean,2002,3,Amazonia,24.83497659857969,2002-03-01,25.033584825984235,-0.1986082274045451,-0.23604828638221864
tmean,2002,4,Amazonia,24.417202658688492,2002-04-01,24.668468378756078,-0.2512657200675861,-0.2466346716761413
tmean,2002,5,Amazonia,24.168428909601406,2002-05-01,24.255605066278488,-0.08717615667708145,-0.24377414065666603
tmean,2002,6,Amazonia,23.253073997741573,2002-06-01,23.65228295212746,-0.39920895438588744,-0.20420926941356696
tmean,2002,7,Amazonia,23.29916949804936,2002-07-01,23.420486798974668,-0.12131730092530901,-0.19236909297940072
tmean,2002,8,Amazonia,23.796873394086862,2002-08-01,24.038626401452248,-0.24175300736538574,-0.18285829042613747
tmean,2002,9,Amazonia,24.518758808960005,2002-09-01,24.645907476137406,-0.12714866717740136,-0.14507543462385156
tmean,2002,10,Amazonia,24.63755446497126,2002-10-01,24.91997189739998,-0.2824174324287192,-0.1632037928644623
tmean,2002,11,Amazonia,24.330766434802452,2002-11-01,24.898520034266333,-0.5677535994638809,-0.20613067519390546
tmean,2002,12,Amazonia,24.896092778795783,2002-12-01,24.91615547823438,-0.020062699438597065,-0.1824711221956393
tmean,2003,1,Amazonia,25.910911432192044,2003-01-01,25.280218837582673,0.6306925946093713,-0.14547148721798772
tmean,2003,2,Amazonia,25.450842377558505,2003-02-01,25.356062797755076,0.09477957980342921,-0.1309366325767994
tmean,2003,3,Amazonia,24.861958795232777,2003-03-01,25.033584825984235,-0.1716260307514581,-0.12868811618904216
tmean,2003,4,Amazonia,24.439466009639094,2003-04-01,24.668468378756078,-0.22900236911698357,-0.1268328369431586
tmean,2003,5,Amazonia,23.858781079197097,2003-05-01,24.255605066278488,-0.39682398708139033,-0.15263682281018434
tmean,2003,6,Amazonia,23.643214254777767,2003-06-01,23.65228295212746,-0.009068697349693622,-0.12012513472383486
tmean,2003,7,Amazonia,23.10929686831599,2003-07-01,23.420486798974668,-0.31118993065867784,-0.13594785386828226
tmean,2003,8,Amazonia,23.572548773528567,2003-08-01,24.038626401452248,-0.46607762792368135,-0.15464157224814024
tmean,2003,9,Amazonia,24.089500715941774,2003-09-01,24.645907476137406,-0.5564067601956317,-0.19041307999965942
tmean,2003,10,Amazonia,24.742963354561567,2003-10-01,24.91997189739998,-0.1770085428384114,-0.1816290058671338
tmean,2003,11,Amazonia,24.78372216176404,2003-11-01,24.898520034266333,-0.11479787250229379,-0.1438826952870015
tmean,2003,12,Amazonia,24.67736289522939,2003-12-01,24.91615547823438,-0.23879258300499018,-0.16211018558420096
tmean,2004,1,Amazonia,25.956172098744506,2004-01-01,25.280218837582673,0.6759532611618333,-0.1583384633714958
tmean,2004,2,Amazonia,26.05729919570515,2004-02-01,25.356062797755076,0.7012363979500726,-0.10780039519260882
tmean,2004,3,Amazonia,24.929911499994844,2004-03-01,25.033584825984235,-0.10367332598939072,-0.10213766979576988
tmean,2004,4,Amazonia,25.088317546114972,2004-04-01,24.668468378756078,0.419849167358894,-0.04806670842278008
tmean,2004,5,Amazonia,23.925781356548985,2004-05-01,24.255605066278488,-0.3298237097295029,-0.042483351976789464
tmean,2004,6,Amazonia,23.177956035380777,2004-06-01,23.65228295212746,-0.4743269167466835,-0.08125487025987195
tmean,2004,7,Amazonia,23.24157936699926,2004-07-01,23.420486798974668,-0.17890743197540715,-0.07023132870293274
tmean,2004,8,Amazonia,23.533105932742643,2004-08-01,24.038626401452248,-0.5055204687096051,-0.07351823210175971
tmean,2004,9,Amazonia,24.26026169364367,2004-09-01,24.645907476137406,-0.3856457824937358,-0.05928815062660172
tmean,2004,10,Amazonia,24.939703292362484,2004-10-01,24.91997189739998,0.019731394962505533,-0.04289315580985864
tmean,2004,11,Amazonia,24.752270974976824,2004-11-01,24.898520034266333,-0.14624905928950938,-0.04551408804212661
tmean,2004,12,Amazonia,25.001475747869907,2004-12-01,24.91615547823438,0.08532026963552752,-0.018504683655416798
tmean,2005,1,Amazonia,25.47973582694598,2005-01-01,25.280218837582673,0.19951698936330686,-0.058207706305294
tmean,2005,2,Amazonia,25.218437974357986,2005-02-01,25.356062797755076,-0.1376248233970898,-0.1281128080842242
tmean,2005,3,Amazonia,25.457968590293962,2005-03-01,25.033584825984235,0.42438376430972724,-0.08410805055929771
tmean,2005,4,Amazonia,24.75932839620365,2005-04-01,24.668468378756078,0.09086001744757155,-0.11152381305190791
tmean,2005,5,Amazonia,24.71256458865778,2005-05-01,24.255605066278488,0.45695952237929305,-0.04595854370950825
tmean,2005,6,Amazonia,24.00065388646527,2005-06-01,23.65228295212746,0.3483709343378081,0.022599610547532716
tmean,2005,7,Amazonia,23.698932806958656,2005-07-01,23.420486798974668,0.27844600798398744,0.060712397210815595
tmean,2005,8,Amazonia,24.405487205367272,2005-08-01,24.038626401452248,0.3668608039150243,0.13341083659620137
tmean,2005,9,Amazonia,24.75499317383483,2005-09-01,24.645907476137406,0.10908569769742371,0.17463845994546467
tmean,2005,10,Amazonia,25.068690494264235,2005-10-01,24.91997189739998,0.14871859686425637,0.18538739343727725
tmean,2005,11,Amazonia,25.036043194073596,2005-11-01,24.898520034266333,0.13752315980726237,0.20903507836200821
tmean,2005,12,Amazonia,24.913641576914873,2005-12-01,24.91615547823438,-0.002513901319506573,0.2017155641157554
tmean,2006,1,Amazonia,24.531888055140595,2006-01-01,25.280218837582673,-0.7483307824420784,0.12272824979863994
tmean,2006,2,Amazonia,25.307224445592325,2006-02-01,25.356062797755076,-0.048838352162750454,0.13012712240150157
tmean,2006,3,Amazonia,24.814850850795015,2006-03-01,25.033584825984235,-0.21873397518922033,0.07653397744325592
tmean,2006,4,Amazonia,24.7136520160851,2006-04-01,24.668468378756078,0.04518363732902131,0.07272761243337673
tmean,2006,5,Amazonia,23.716888364003882,2006-05-01,24.255605066278488,-0.5387167022746056,-0.010245406287781478
tmean,2006,6,Amazonia,23.75815047012559,2006-06-01,23.65228295212746,0.10586751799812788,-0.030454024316088162
tmean,2006,7,Amazonia,23.642466986252312,2006-07-01,23.420486798974668,0.22198018727764435,-0.03515950937495008
tmean,2006,8,Amazonia,24.37357225594896,2006-08-01,24.038626401452248,0.33494585449671277,-0.037819088493142715
tmean,2006,9,Amazonia,24.651817616660377,2006-09-01,24.645907476137406,0.005910140522971119,-0.04641705159101376
tmean,2006,10,Amazonia,25.32853869928442,2006-10-01,24.91997189739998,0.40856680188444017,-0.024763034505998444
tmean,2006,11,Amazonia,24.800248410308708,2006-11-01,24.898520034266333,-0.09827162395762556,-0.04441259981973911
tmean,2006,12,Amazonia,24.73684031007836,2006-12-01,24.91615547823438,-0.17931516815601967,-0.05914603872278187
tmean,2007,1,Amazonia,25.429077559425934,2007-01-01,25.280218837582673,0.14885872184326132,0.015619753300996445
tmean,2007,2,Amazonia,27.334158415402964,2007-02-01,25.356062797755076,1.978095617647888,0.184530917451883
tmean,2007,3,Amazonia,25.074759686301668,2007-03-01,25.033584825984235,0.041174860317433115,0.20618998707743744
tmean,2007,4,Amazonia,24.72363790916248,2007-04-01,24.668468378756078,0.0551695304064026,0.2070221448338859
tmean,2007,5,Amazonia,24.16891691409237,2007-05-01,24.255605066278488,-0.0866881521861167,0.2446911906745933
tmean,2007,6,Amazonia,23.196670730075265,2007-06-01,23.65228295212746,-0.45561222205219565,0.19790121233706634
tmean,2007,7,Amazonia,23.800399991861003,2007-07-01,23.420486798974668,0.3799131928863346,0.2110622961377905
tmean,2007,8,Amazonia,24.105722221255984,2007-08-01,24.038626401452248,0.06709581980373613,0.1887414599133758
tmean,2007,9,Amazonia,24.432644744350554,2007-09-01,24.645907476137406,-0.21326273178685184,0.1704770538875572
tmean,2007,10,Amazonia,24.744686196637875,2007-10-01,24.91997189739998,-0.17528570076210315,0.12182267866701195
tmean,2007,11,Amazonia,24.739876087927247,2007-11-01,24.898520034266333,-0.15864394633908674,0.11679165180189018
tmean,2007,12,Amazonia,24.957564426839024,2007-12-01,24.91615547823438,0.04140894860464428,0.13518532819861218
tmean,2008,1,Amazonia,24.952260303552883,2008-01-01,25.280218837582673,-0.3279585340297899,0.0954505568758579
tmean,2008,2,Amazonia,24.87567206431615,2008-02-01,25.356062797755076,-0.48039073343892724,-0.10942330571471004
tmean,2008,3,Amazonia,24.794729764106712,2008-03-01,25.033584825984235,-0.2388550618775227,-0.1327591325642897
tmean,2008,4,Amazonia,24.81157751950067,2008-04-01,24.668468378756078,0.1431091407445919,-0.12543083170277392
tmean,2008,5,Amazonia,23.828190012647234,2008-05-01,24.255605066278488,-0.427415053631254,-0.15382474015653536
tmean,2008,6,Amazonia,23.449863255758544,2008-06-01,23.65228295212746,-0.2024196963689171,-0.13272536301626214
tmean,2008,7,Amazonia,23.468871369768276,2008-07-01,23.420486798974668,0.04838457079360836,-0.160352748190656
tmean,2008,8,Amazonia,24.469617551369037,2008-08-01,24.038626401452248,0.4309911499167889,-0.1300281373479016
tmean,2008,9,Amazonia,24.619334796635663,2008-09-01,24.645907476137406,-0.02657267950174358,-0.11447063299080924
tmean,2008,10,Amazonia,24.940187243607127,2008-10-01,24.91997189739998,0.0202153462071486,-0.09817887907670493
tmean,2008,11,Amazonia,24.89491974173387,2008-11-01,24.898520034266333,-0.003600292532464522,-0.08525857459281976
tmean,2008,12,Amazonia,25.12266873525308,2008-12-01,24.91615547823438,0.20651325701869894,-0.07149988222498187
tmean,2009,1,Amazonia,24.497645343475117,2009-01-01,25.280218837582673,-0.782573494107556,-0.10938446223146236
tmean,2009,2,Amazonia,24.77997329553078,2009-02-01,25.356062797755076,-0.5760895022242956,-0.11735935963024306
tmean,2009,3,Amazonia,24.723935602386522,2009-03-01,25.033584825984235,-0.3096492235977131,-0.12325887310692558
tmean,2009,4,Amazonia,24.605993666835317,2009-04-01,24.668468378756078,-0.062474711920760484,-0.1403908608290383
tmean,2009,5,Amazonia,24.602617309229664,2009-05-01,24.255605066278488,0.34701224295117683,-0.07585525278050238
tmean,2009,6,Amazonia,23.640295023932286,2009-06-01,23.65228295212746,-0.011987928195175357,-0.05998593876602391
tmean,2009,7,Amazonia,23.71756251530982,2009-07-01,23.420486798974668,0.29707571633515073,-0.03926167663756205
tmean,2009,8,Amazonia,24.33684245213215,2009-08-01,24.038626401452248,0.2982160506799012,-0.05032626824063602
tmean,2009,9,Amazonia,25.0672374154364,2009-09-01,24.645907476137406,0.42132993929899243,-0.013001050007241352
tmean,2009,10,Amazonia,25.243360277684463,2009-10-01,24.91997189739998,0.32338838028448436,0.012263369499203295
tmean,2009,11,Amazonia,25.68262118783559,2009-11-01,24.898520034266333,0.7841011535692566,0.07790515667434672
tmean,2009,12,Amazonia,25.45834788439718,2009-12-01,24.91615547823438,0.5421924061628012,0.10587841910302191
tmean,2010,1,Amazonia,25.9939220822456,2010-01-01,25.280218837582673,0.713703244662927,0.2305681473338955
tmean,2010,2,Amazonia,26.16886167238424,2010-02-01,25.356062797755076,0.8127988746291628,0.346308845405017
tmean,2010,3,Amazonia,26.027535307104586,2010-03-01,25.033584825984235,0.9939504811203506,0.45494215413152234
tmean,2010,4,Amazonia,25.229029439849146,2010-04-01,24.668468378756078,0.5605610610930682,0.5068618018826747
tmean,2010,5,Amazonia,24.883865933068556,2010-05-01,24.255605066278488,0.6282608667900682,0.5302991872025823
tmean,2010,6,Amazonia,24.13524893673639,2010-06-01,23.65228295212746,0.4829659846089278,0.5715453466029242
tmean,2010,7,Amazonia,23.90877861449307,2010-07-01,23.420486798974668,0.4882918155184015,0.5874800215348618
tmean,2010,8,Amazonia,24.407485948840876,2010-08-01,24.038626401452248,0.36885954738862736,0.5933669795939224
tmean,2010,9,Amazonia,25.24561827573363,2010-09-01,24.645907476137406,0.5997107995962239,0.6082320512853583
tmean,2010,10,Amazonia,25.440414076452356,2010-10-01,24.91997189739998,0.5204421790523774,0.6246532011826827
tmean,2010,11,Amazonia,24.874429763390637,2010-11-01,24.898520034266333,-0.024090270875696262,0.55730391581227
tmean,2010,12,Amazonia,24.864975395994886,2010-12-01,24.91615547823438,-0.051180082239493885,0.507856208445412
tmean,2011,1,Amazonia,25.105333495788575,2011-01-01,25.280218837582673,-0.17488534179409854,0.43380715957399324
tmean,2011,2,Amazonia,25.120407493951916,2011-02-01,25.356062797755076,-0.2356553038031599,0.3464359780379664
tmean,2011,3,Amazonia,24.8673401770345,2011-03-01,25.033584825984235,-0.16624464894973556,0.24975305053212585
tmean,2011,4,Amazonia,24.376455485540404,2011-04-01,24.668468378756078,-0.2920128932156736,0.17870522100639738
tmean,2011,5,Amazonia,23.916883991565335,2011-05-01,24.255605066278488,-0.3387210747131526,0.09812339254779563
tmean,2011,6,Amazonia,23.840700098161673,2011-06-01,23.65228295212746,0.18841714603421167,0.07357765599990262
tmean,2011,7,Amazonia,23.760313021794452,2011-07-01,23.420486798974668,0.33982622281978436,0.06120552327501786
tmean,2011,8,Amazonia,24.47866010943455,2011-08-01,24.038626401452248,0.4400337079823018,0.06713670332449073
tmean,2011,9,Amazonia,24.696217337781974,2011-09-01,24.645907476137406,0.05030986164456763,0.021353291828519378
tmean,2011,10,Amazonia,25.12969883327061,2011-10-01,24.91997189739998,0.20972693587063063,-0.004539645103292855
tmean,2011,11,Amazonia,24.889984914135464,2011-11-01,24.898520034266333,-0.00853512013086899,-0.003243382541223916
tmean,2011,12,Amazonia,24.555624708545803,2011-12-01,24.91615547823438,-0.36053076968857667,-0.029022606495314147
tmean,2012,1,Amazonia,24.783390458983586,2012-01-01,25.280218837582673,-0.496828378599087,-0.05585119289572985
tmean,2012,2,Amazonia,24.577206876294255,2012-02-01,25.356062797755076,-0.7788559214608206,-0.10111791103386825
tmean,2012,3,Amazonia,24.03762798244096,2012-03-01,25.033584825984235,-0.9959568435432757,-0.17026059391666326
tmean,2012,4,Amazonia,24.515416055669228,2012-04-01,24.668468378756078,-0.15305232308685035,-0.158680546405928
tmean,2012,5,Amazonia,23.98440894479692,2012-05-01,24.255605066278488,-0.2711961214815659,-0.15305346696996244
tmean,2012,6,Amazonia,23.79196207484129,2012-06-01,23.65228295212746,0.13967912271382943,-0.15711496891332763
tmean,2012,7,Amazonia,23.291522447704843,2012-07-01,23.420486798974668,-0.12896435126982553,-0.19618085008746178
tmean,2012,8,Amazonia,24.024948909774317,2012-08-01,24.038626401452248,-0.013677491677931641,-0.23399011672581457
tmean,2012,9,Amazonia,24.61076234786868,2012-09-01,24.645907476137406,-0.03514512826872718,-0.2411113658852558
tmean,2012,10,Amazonia,25.00220530916695,2012-10-01,24.91997189739998,0.08223341176697119,-0.2517358262272274
tmean,2012,11,Amazonia,25.412963351491257,2012-11-01,24.898520034266333,0.5144433172249236,-0.20815428978091136
tmean,2012,12,Amazonia,25.18902739146668,2012-12-01,24.91615547823438,0.27287191323230076,-0.15537073287083825
tmean,2013,1,Amazonia,25.61351922069936,2013-01-01,25.280218837582673,0.3333003831166863,-0.08619333606119046
tmean,2013,2,Amazonia,24.905603273534073,2013-02-01,25.356062797755076,-0.450459524221003,-0.058826969624539004
tmean,2013,3,Amazonia,25.025812300255854,2013-03-01,25.033584825984235,-0.007772525728380941,0.023521723526702232
tmean,2013,4,Amazonia,24.958967392230644,2013-04-01,24.668468378756078,0.29049901347456597,0.06048433490682026
tmean,2013,5,Amazonia,24.422533716067548,2013-05-01,24.255605066278488,0.1669286497890603,0.09699473251270578
tmean,2013,6,Amazonia,24.126509517377446,2013-06-01,23.65228295212746,0.4742265652499853,0.12487368605738543
tmean,2013,7,Amazonia,23.223891490906492,2013-07-01,23.420486798974668,-0.1965953080681757,0.11923777299085625
tmean,2013,8,Amazonia,23.559622409931652,2013-08-01,24.038626401452248,-0.4790039915205959,0.08046056467063423
tmean,2013,9,Amazonia,24.55442353761592,2013-09-01,24.645907476137406,-0.09148393852148473,0.07576566381623777
tmean,2013,10,Amazonia,25.011742502039777,2013-10-01,24.91997189739998,0.09177060463979814,0.07656042988897334
tmean,2013,11,Amazonia,24.813408281628693,2013-11-01,24.898520034266333,-0.08511175263764059,0.026597507400426323
tmean,2013,12,Amazonia,24.978072194050085,2013-12-01,24.91615547823438,0.06191671581570546,0.00901790761571005
tmean,2014,1,Amazonia,25.17448997650704,2014-01-01,25.280218837582673,-0.10572886107563306,-0.0275678627336499
tmean,2014,2,Amazonia,25.342408142997986,2014-02-01,25.356062797755076,-0.013654654757090157,0.008832543055009504
tmean,2014,3,Amazonia,24.92290667945712,2014-03-01,25.033584825984235,-0.11067814652711405,0.0002570746551150786
tmean,2014,4,Amazonia,24.566095748734593,2014-04-01,24.668468378756078,-0.10237263002148467,-0.032482228969555806
tmean,2014,5,Amazonia,24.49765523094332,2014-05-01,24.255605066278488,0.24205016466483187,-0.026222102729908176
tmean,2014,6,Amazonia,23.64966133608171,2014-06-01,23.65228295212746,-0.002621616045750841,-0.06595945117121953
tmean,2014,7,Amazonia,23.248730457965536,2014-07-01,23.420486798974668,-0.17175634100913229,-0.06388953724963257
tmean,2014,8,Amazonia,23.899106419035178,2014-08-01,24.038626401452248,-0.1395199824170703,-0.0355992031576721
tmean,2014,9,Amazonia,24.884905518102194,2014-09-01,24.645907476137406,0.2389980419647877,-0.0080590381171494
tmean,2014,10,Amazonia,24.75315086216579,2014-10-01,24.91997189739998,-0.16682103523418945,-0.0296083414399817
tmean,2014,11,Amazonia,24.872538179910137,2014-11-01,24.898520034266333,-0.025981854356196266,-0.024680849916528007
tmean,2014,12,Amazonia,24.99214465447813,2014-12-01,24.91615547823438,0.07598917624374835,-0.023508144880857767
tmean,2015,1,Amazonia,24.29036980480155,2015-01-01,25.280218837582673,-0.9898490327811231,-0.09718482585631527
tmean,2015,2,Amazonia,25.191026627298267,2015-02-01,25.356062797755076,-0.1650361704568084,-0.10979995216462513
tmean,2015,3,Amazonia,24.822279091748513,2015-03-01,25.033584825984235,-0.2113057342357223,-0.11818558447367582
tmean,2015,4,Amazonia,24.53440457150641,2015-04-01,24.668468378756078,-0.13406380724966738,-0.12082651590935771
tmean,2015,5,Amazonia,24.430542865125712,2015-05-01,24.255605066278488,0.1749377988472247,-0.12641921306082496
tmean,2015,6,Amazonia,23.59086547133891,2015-06-01,23.65228295212746,-0.06141748078855258,-0.13131886845605845
tmean,2015,7,Amazonia,23.800563332774846,2015-07-01,23.420486798974668,0.38007653380017814,-0.08533279555528257
tmean,2015,8,Amazonia,24.534383116265314,2015-08-01,24.038626401452248,0.4957567148130657,-0.03239307078610457
tmean,2015,9,Amazonia,25.78315431311656,2015-09-01,24.645907476137406,1.1372468369791555,0.042460995465092743
tmean,2015,10,Amazonia,25.59889579741046,2015-10-01,24.91997189739998,0.6789239000104814,0.11293974006881531
tmean,2015,11,Amazonia,25.247433883212892,2015-11-01,24.898520034266333,0.34891384894655886,0.14418104867737824
tmean,2015,12,Amazonia,25.14987970625733,2015-12-01,24.91615547823438,0.23372422802295034,0.15732563632564509
tmean,2016,1,Amazonia,27.440519734418928,2016-01-01,25.280218837582673,2.1603008968362545,0.41983813046042656
tmean,2016,2,Amazonia,25.92725464187565,2016-02-01,25.356062797755076,0.5711918441205732,0.4811904650085417
tmean,2016,3,Amazonia,25.865396729335156,2016-03-01,25.033584825984235,0.8318119033509213,0.5681169348074286
tmean,2016,4,Amazonia,25.20576087309056,2016-04-01,24.668468378756078,0.5372924943344835,0.6240632932727745
tmean,2016,5,Amazonia,24.558940711004915,2016-05-01,24.255605066278488,0.3033356447264275,0.6347631137627081
tmean,2016,6,Amazonia,23.665140480210777,2016-06-01,23.65228295212746,0.012857528083316083,0.6409526978353638
tmean,2016,7,Amazonia,23.559785539666365,2016-07-01,23.420486798974668,0.13929874069169657,0.6208878817429904
tmean,2016,8,Amazonia,24.570718846586875,2016-08-01,24.038626401452248,0.5320924451346265,0.6239158592697871
tmean,2016,9,Amazonia,24.71431238699138,2016-09-01,24.645907476137406,0.0684049108539746,0.5348456987593554
tmean,2016,10,Amazonia,25.286609551627816,2016-10-01,24.91997189739998,0.3666376542278371,0.508821844944135
tmean,2016,11,Amazonia,25.38430813971633,2016-11-01,24.898520034266333,0.4857881054499984,0.5202280329860883
tmean,2016,12,Amazonia,24.693195116298195,2016-12-01,24.91615547823438,-0.22296036193618463,0.482170983822827
tmean,2017,1,Amazonia,24.633821178647548,2017-01-01,25.280218837582673,-0.6463976589351255,0.2482794375085454
tmean,2017,2,Amazonia,25.44140844276267,2017-02-01,25.356062797755076,0.08534564500759245,0.2077922542491303
tmean,2017,3,Amazonia,24.900292538423187,2017-03-01,25.033584825984235,-0.13329228756104783,0.12736690500646622
tmean,2017,4,Amazonia,25.082824048665668,2017-04-01,24.668468378756078,0.4143556699095896,0.11712216963772508
tmean,2017,5,Amazonia,24.983381606388985,2017-05-01,24.255605066278488,0.7277765401104972,0.1524922442530642
tmean,2017,6,Amazonia,24.254827749110742,2017-06-01,23.65228295212746,0.6025447969832811,0.20163284999472797
tmean,2017,7,Amazonia,23.607960719097765,2017-07-01,23.420486798974668,0.1874739201230966,0.20564744828067796
tmean,2017,8,Amazonia,25.127348814076708,2017-08-01,24.038626401452248,1.0887224126244597,0.25203327890483074
tmean,2017,9,Amazonia,25.244284249257824,2017-09-01,24.645907476137406,0.5983767731204175,0.29619760076036766
tmean,2017,10,Amazonia,25.090896286157495,2017-10-01,24.91997189739998,0.17092438875751625,0.2798881619711742
tmean,2017,11,Amazonia,25.099956450417626,2017-11-01,24.898520034266333,0.20143641615129226,0.25619218786294873
tmean,2017,12,Amazonia,25.520373505453943,2017-12-01,24.91615547823438,0.604218027219563,0.32512372029259434
tmean,2018,1,Amazonia,24.54616090960909,2018-01-01,25.280218837582673,-0.7340579279735842,0.3178186978727228
tmean,2018,2,Amazonia,26.182720870303083,2018-02-01,25.356062797755076,0.8266580725480068,0.3795947335010907
tmean,2018,3,Amazonia,25.42114011475065,2018-03-01,25.033584825984235,0.3875552887664142,0.4229986981950458
tmean,2018,4,Amazonia,24.345807387706,2018-04-01,24.668468378756078,-0.3226609910500784,0.3615806431150735
tmean,2018,5,Amazonia,24.06016394277458,2018-05-01,24.255605066278488,-0.1954411235039082,0.28464583781387304
tmean,2018,6,Amazonia,23.283509376491967,2018-06-01,23.65228295212746,-0.36877357563549396,0.2037026400956418
tmean,2018,7,Amazonia,23.58772857860479,2018-07-01,23.420486798974668,0.1672417796301211,0.20201662838789383
tmean,2018,8,Amazonia,23.95608719153668,2018-08-01,24.038626401452248,-0.0825392099155664,0.104411493176225
tmean,2018,9,Amazonia,25.11361699133934,2018-09-01,24.645907476137406,0.4677095152019355,0.0935225550163515
tmean,2018,10,Amazonia,25.1380162029887,2018-10-01,24.91997189739998,0.21804430558872312,0.0974492147522854
tmean,2018,11,Amazonia,25.085919175105975,2018-11-01,24.898520034266333,0.18739914083964138,0.09627944180964783
tmean,2018,12,Amazonia,24.71414153563603,2018-12-01,24.91615547823438,-0.2020139425983487,0.02909344432482186
tmean,2019,1,Amazonia,24.904228178964022,2019-01-01,25.280218837582673,-0.375990658618651,0.05893238343773296
tmean,2019,2,Amazonia,25.362921118710798,2019-02-01,25.356062797755076,0.006858320955721808,-0.009384262528290796
tmean,2019,3,Amazonia,25.168792780470802,2019-03-01,25.033584825984235,0.13520795448656742,-0.030413207051611362
tmean,2019,4,Amazonia,25.35654095306053,2019-04-01,24.668468378756078,0.6880725743044529,0.053814590061266245
tmean,2019,5,Amazonia,24.74195340590308,2019-05-01,24.255605066278488,0.4863483396245911,0.11063037865530785
tmean,2019,6,Amazonia,23.894954779686156,2019-06-01,23.65228295212746,0.24267182755869499,0.1615841622548236
tmean,2019,7,Amazonia,23.67932663811204,2019-07-01,23.420486798974668,0.25883983913737296,0.16921733388042792
tmean,2019,8,Amazonia,24.18945906883281,2019-08-01,24.038626401452248,0.15083266738056267,0.188664990321772
tmean,2019,9,Amazonia,25.55782584965978,2019-09-01,24.645907476137406,0.9119183735223721,0.2256823951818084
tmean,2019,10,Amazonia,24.827926560605704,2019-10-01,24.91997189739998,-0.09204533679427485,0.1998415916498919
tmean,2019,11,Amazonia,25.08195422615509,2019-11-01,24.898520034266333,0.18343419188875743,0.19951117923731823
tmean,2019,12,Amazonia,24.942675446797463,2019-12-01,24.91615547823438,0.026519968563082585,0.21855567183410418
tmean,2020,1,Amazonia,25.96595973442058,2020-01-01,25.280218837582673,0.6857408968379062,0.30703330145548396
tmean,2020,2,Amazonia,26.298953185500388,2020-02-01,25.356062797755076,0.9428903877453116,0.3850359736879498
tmean,2020,3,Amazonia,26.18926462057454,2020-03-01,25.033584825984235,1.1556797945903057,0.4700752936965946
tmean,2020,4,Amazonia,25.431273107692274,2020-04-01,24.668468378756078,0.7628047289361959,0.47630297324923987
tmean,2020,5,Amazonia,24.58896966532123,2020-05-01,24.255605066278488,0.33336459904274207,0.46355432820075243
tmean,2020,6,Amazonia,24.536018192989097,2020-06-01,23.65228295212746,0.8837352408616361,0.5169762793093309
tmean,2020,7,Amazonia,24.231284960840135,2020-07-01,23.420486798974668,0.8107981618654669,0.5629728062033387
tmean,2020,8,Amazonia,24.608906478288432,2020-08-01,24.038626401452248,0.570280076836184,0.5979267569913072
tmean,2020,9,Amazonia,25.289728774403134,2020-09-01,24.645907476137406,0.6438212982657276,0.5755853340532534
tmean,2020,10,Amazonia,25.554811908072065,2020-10-01,24.91997189739998,0.634840010672086,0.6361591130087835
tmean,2020,11,Amazonia,25.09117891102747,2020-11-01,24.898520034266333,0.19265887676113636,0.6369278367481485
tmean,2020,12,Amazonia,24.79765456745943,2020-12-01,24.91615547823438,-0.1185009107749515,0.6248427634699789
tmean,2021,1,Amazonia,24.775637188459672,2021-01-01,25.280218837582673,-0.5045816491230006,0.5256492179732367
tmean,2021,2,Amazonia,25.767514002758112,2021-02-01,25.356062797755076,0.41145120500303634,0.4813626194113804
tmean,2021,3,Amazonia,24.617324782124538,2021-03-01,25.033584825984235,-0.4162600438596975,0.3503676328738801
tmean,2021,4,Amazonia,24.601340449845896,2021-04-01,24.668468378756078,-0.06712792891018182,0.28120657805334864
tmean,2021,5,Amazonia,24.224325128875392,2021-05-01,24.255605066278488,-0.031279937403095204,0.2508195333495289
tmean,2021,6,Amazonia,24.068109153743574,2021-06-01,23.65228295212746,0.41582620161611317,0.21182711341240198
tmean,2021,7,Amazonia,23.437989666534506,2021-07-01,23.420486798974668,0.017502867559837654,0.1457191722202662
tmean,2021,8,Amazonia,24.561091153586332,2021-08-01,24.038626401452248,0.5224647521340842,0.14173456182842456
tmean,2021,9,Amazonia,24.961731991123756,2021-09-01,24.645907476137406,0.31582451498634967,0.11440149655514305
tmean,2021,10,Amazonia,25.36823996331992,2021-10-01,24.91997189739998,0.4482680659199403,0.09885383449246425
tmean,2021,11,Amazonia,25.399284849563184,2021-11-01,24.898520034266333,0.5007648152968507,0.12452932937044044
tmean,2021,12,Amazonia,25.690266470671002,2021-12-01,24.91615547823438,0.7741109924366221,0.19891365463807156
tmean,2022,1,Amazonia,26.074030837993988,2022-01-01,25.280218837582673,0.7938120004113145,0.30711312543259783
tmean,2022,2,Amazonia,25.368489373322852,2022-02-01,25.356062797755076,0.012426575567776155,0.2738610729796595
tmean,2022,3,Amazonia,24.705436114063467,2022-03-01,25.033584825984235,-0.3281487119207682,0.28120368397457024
tmean,2022,4,Amazonia,24.747496871557587,2022-04-01,24.668468378756078,0.07902849280150903,0.29338338578387785
tmean,2022,5,Amazonia,24.071258636772498,2022-05-01,24.255605066278488,-0.18434642950598956,0.2806278447753033
tmean,2022,6,Amazonia,23.71902175074762,2022-06-01,23.65228295212746,0.06673879862015752,0.25153722785897364
tmean,2022,7,Amazonia,24.00721969767909,2022-07-01,23.420486798974668,0.5867328987044225,0.29897306378768906
tmean,2022,8,Amazonia,24.34181955648401,2022-08-01,24.038626401452248,0.30319315503176014,0.28070043069582873
tmean,2022,9,Amazonia,25.36988955345099,2022-09-01,24.645907476137406,0.7239820773135826,0.3147135608897648
tmean,2022,10,Amazonia,25.278347114933876,2022-10-01,24.91997189739998,0.35837521753389723,0.3072224901909279
tmean,2022,11,Amazonia,24.813577515996702,2022-11-01,24.898520034266333,-0.0849425182696315,0.2584135457270544
tmean,2022,12,Amazonia,25.56917262016747,2022-12-01,24.91615547823438,0.6530171419330912,0.2483223915184268
tmean,2023,1,Amazonia,24.81146046456952,2023-01-01,25.280218837582673,-0.46875837301315215,0.14310819373305458
tmean,2023,2,Amazonia,25.312242597368346,2023-02-01,25.356062797755076,-0.043820200386729624,0.13842096240351243
tmean,2023,3,Amazonia,25.278678666112842,2023-03-01,25.033584825984235,0.24509384012860735,0.18619117507429372
tmean,2023,4,Amazonia,24.921662244183725,2023-04-01,24.668468378756078,0.2531938654276473,0.2007049561264719
tmean,2023,5,Amazonia,25.157148285072488,2023-05-01,24.255605066278488,0.901543218794,0.29119576015147103
tmean,2023,6,Amazonia,24.31468382074125,2023-06-01,23.65228295212746,0.6624008686137905,0.3408342659842738
tmean,2023,7,Amazonia,24.5055821734989,2023-07-01,23.420486798974668,1.0850953745242329,0.38236447230259135
tmean,2023,8,Amazonia,25.677231051691688,2023-08-01,24.038626401452248,1.63860465023944,0.493648763569898
tmean,2023,9,Amazonia,26.473850288539843,2023-09-01,24.645907476137406,1.827942812402437,0.5856454914939692
tmean,2023,10,Amazonia,27.13606446676979,2023-10-01,24.91997189739998,2.2160925693698097,0.7404552708136286
tmean,2023,11,Amazonia,26.224685446798176,2023-11-01,24.898520034266333,1.326165412531843,0.8580475983804181
tmean,2023,12,Amazonia,25.66158724960822,2023-12-01,24.91615547823438,0.7454317713738412,0.8657488175004806
tmean,2024,1,Amazonia,26.694463550114392,2024-01-01,25.280218837582673,1.414244712531719,1.0226657412958866
tmean,2024,2,Amazonia,26.528458564919063,2024-02-01,25.356062797755076,1.1723957671639873,1.124017071925113
tmean,2024,3,Amazonia,26.57150873328021,2024-03-01,25.033584825984235,1.5379239072959763,1.231752910855727
tmean,2024,4,Amazonia,26.197338329783975,2024-04-01,24.668468378756078,1.5288699510278967,1.3380592513224145
tmean,2024,5,Amazonia,25.31875033273006,2024-05-01,24.255605066278488,1.0631452664515706,1.351526088627212
tmean,2024,6,Amazonia,24.86878580263288,2024-06-01,23.65228295212746,1.2165028505054174,1.3977012537848477
tmean,2024,7,Amazonia,24.374261442713458,2024-07-01,23.420486798974668,0.9537746437387895,1.3867578595527272
tmean,2024,8,Amazonia,25.479992633526138,2024-08-01,24.038626401452248,1.4413662320738894,1.370321324705598
tmean,2024,9,Amazonia,26.875508093812154,2024-09-01,24.645907476137406,2.2296006176747483,1.4037928084782907
tmean,2024,10,Amazonia,26.681756581169193,2024-10-01,24.91997189739998,1.7617846837692142,1.3659338180115743
tmean,2024,11,Amazonia,25.94614288713195,2024-11-01,24.898520034266333,1.047622852865615,1.3427219380393887
tmean,2024,12,Amazonia,25.534290012566288,2024-12-01,24.91615547823438,0.618134534331908,1.332113834952561
tmean,2025,1,Amazonia,25.577919061126767,2025-01-01,25.280218837582673,0.2977002235440942,1.239068460870259
tmean,2025,2,Amazonia,25.08062978078037,2025-02-01,25.356062797755076,-0.2754330169747057,1.1184160621920345
tmean,2025,3,Amazonia,25.286574782324372,2025-03-01,25.033584825984235,0.2529899563401372,1.0113382329457146
tmean,2025,4,Amazonia,25.116106791863086,2025-04-01,24.668468378756078,0.4476384131070077,0.9212356047856405
tmean,2025,5,Amazonia,24.45466441623875,2025-05-01,24.255605066278488,0.19905934996026176,0.8492284450780314
tmean,2025,6,Amazonia,23.91379519553129,2025-06-01,23.65228295212746,0.2615122434038284,0.7696458944862323
tmean,2025,7,Amazonia,23.35522542596458,2025-07-01,23.420486798974668,-0.06526137301008816,0.6847262264238259
tmean,2025,8,Amazonia,24.251499245652504,2025-08-01,24.038626401452248,0.21287284420025543,0.5823517774343564
tmean,2025,9,Amazonia,24.90408029763524,2025-09-01,24.645907476137406,0.2581728214978334,0.41806612775294677
tmean,2025,10,Amazonia,25.13382755437534,2025-10-01,24.91997189739998,0.2138556569753618,0.28907204218679244
tmean,2025,11,Amazonia,25.12480944858036,2025-11-01,24.898520034266333,0.22628941431402794,0.22062758897416015
tmean,2025,12,Amazonia,25.964108556972516,2025-12-01,24.91615547823438,1.0479530787381357,0.25644580100801245
tmean,2026,1,Amazonia,25.048162206953815,2026-01-01,25.280218837582673,-0.23205663062885762,0.21229939649359983
tmean,2026,2,Amazonia,25.532544886339192,2026-02-01,25.356062797755076,0.17648208858411607,0.24995898862350163
tmean,2026,3,Amazonia,26.235144866160596,2026-03-01,25.033584825984235,1.2015600401763606,0.32900649560985357
tmean,1991,1,Andina,19.07547557556683,1991-01-01,19.221880258507362,-0.14640468294053122,
tmean,1991,2,Andina,19.754825079935934,1991-02-01,19.671347890039897,0.08347718989603692,
tmean,1991,3,Andina,19.424989702082826,1991-03-01,19.713509673021505,-0.28851997093867965,
tmean,1991,4,Andina,19.10811717416708,1991-04-01,19.501129593757398,-0.39301241959031685,
tmean,1991,5,Andina,19.17752603267747,1991-05-01,19.415320406823085,-0.237794374145615,
tmean,1991,6,Andina,19.240997490898177,1991-06-01,19.31754010004152,-0.07654260914334188,
tmean,1991,7,Andina,18.900879146283437,1991-07-01,19.258647599668826,-0.35776845338538976,
tmean,1991,8,Andina,19.146133099348642,1991-08-01,19.52339742423437,-0.37726432488572925,
tmean,1991,9,Andina,19.195346100594133,1991-09-01,19.477429093811597,-0.28208299321746466,
tmean,1991,10,Andina,18.689939894538472,1991-10-01,19.107073141599095,-0.4171332470606224,
tmean,1991,11,Andina,18.54484050483837,1991-11-01,18.850734591249218,-0.3058940864108486,
tmean,1991,12,Andina,18.731045554610645,1991-12-01,18.97454161524851,-0.2434960606378631,-0.2535363360383638
tmean,1992,1,Andina,19.11960556420084,1992-01-01,19.221880258507362,-0.10227469430652292,-0.24985883698552977
tmean,1992,2,Andina,19.349510185692562,1992-02-01,19.671347890039897,-0.3218377043473346,-0.2836350781724774
tmean,1992,3,Andina,20.23678232592534,1992-03-01,19.713509673021505,0.5232726529038345,-0.21598569285226787
tmean,1992,4,Andina,19.81861814432255,1992-04-01,19.501129593757398,0.3174885505651517,-0.1567772786726455
tmean,1992,5,Andina,19.400270213437818,1992-05-01,19.415320406823085,-0.015050193385267363,-0.13821526360928318
tmean,1992,6,Andina,19.416328240689214,1992-06-01,19.31754010004152,0.09878814064769514,-0.12360436779336344
tmean,1992,7,Andina,18.72070761759097,1992-07-01,19.258647599668826,-0.5379399820778552,-0.1386186618510689
tmean,1992,8,Andina,19.15125241621652,1992-08-01,19.52339742423437,-0.3721450080178528,-0.1381920521120792
tmean,1992,9,Andina,18.952382891710595,1992-09-01,19.477429093811597,-0.5250462021010023,-0.15843898618570731
tmean,1992,10,Andina,18.94531047966026,1992-10-01,19.107073141599095,-0.16176266193883393,-0.13715810409222495
tmean,1992,11,Andina,18.590044621542255,1992-11-01,18.850734591249218,-0.2606899697069629,-0.13339109436690114
tmean,1992,12,Andina,18.602774694320942,1992-12-01,18.97454161524851,-0.37176692092756625,-0.1440803327243764
tmean,1993,1,Andina,18.62548963957143,1993-01-01,19.221880258507362,-0.5963906189359314,-0.18525665977682712
tmean,1993,2,Andina,19.0170256519041,1993-02-01,19.671347890039897,-0.6543222381357978,-0.21296370425919905
tmean,1993,3,Andina,18.99085856439535,1993-03-01,19.713509673021505,-0.722651108626156,-0.3167906843866983
tmean,1993,4,Andina,19.141649735578202,1993-04-01,19.501129593757398,-0.3594798581791956,-0.3732047184487272
tmean,1993,5,Andina,19.14118529677895,1993-05-01,19.415320406823085,-0.27413511004413493,-0.3947951281702995
tmean,1993,6,Andina,19.387515041464678,1993-06-01,19.31754010004152,0.0699749414231583,-0.39719622810567756
tmean,1993,7,Andina,19.145436890758994,1993-07-01,19.258647599668826,-0.11321070890983265,-0.36180212200834233
tmean,1993,8,Andina,19.423600121330796,1993-08-01,19.52339742423437,-0.0997973029035748,-0.33910647991548587
tmean,1993,9,Andina,18.913582877572885,1993-09-01,19.477429093811597,-0.5638462162387121,-0.34233981442696165
tmean,1993,10,Andina,19.110677509052145,1993-10-01,19.107073141599095,0.003604367453050372,-0.32855922864430465
tmean,1993,11,Andina,18.493537088823317,1993-11-01,18.850734591249218,-0.3571975024259011,-0.3366015230375495
tmean,1993,12,Andina,18.856666200258932,1993-12-01,18.97454161524851,-0.11787541498957665,-0.315443897542717
tmean,1994,1,Andina,18.669301144446408,1994-01-01,19.221880258507362,-0.5525791140609542,-0.3117929388031356
tmean,1994,2,Andina,18.77128924960832,1994-02-01,19.671347890039897,-0.9000586404315776,-0.3322709723277839
tmean,1994,3,Andina,18.875147418490805,1994-03-01,19.713509673021505,-0.8383622545307006,-0.3419135678198293
tmean,1994,4,Andina,18.859378135809063,1994-04-01,19.501129593757398,-0.6417514579483345,-0.3654362011339242
tmean,1994,5,Andina,19.087102830540513,1994-05-01,19.415320406823085,-0.3282175762825723,-0.36994307332046067
tmean,1994,6,Andina,18.90152480423061,1994-06-01,19.31754010004152,-0.416015295810908,-0.41044225975663284
tmean,1994,7,Andina,18.989578725733427,1994-07-01,19.258647599668826,-0.26906887393539947,-0.4234304401754301
tmean,1994,8,Andina,19.144444712725086,1994-08-01,19.52339742423437,-0.3789527115092852,-0.4466933908925726
tmean,1994,9,Andina,19.450642549856067,1994-09-01,19.477429093811597,-0.026786543955530817,-0.4019384182023075
tmean,1994,10,Andina,18.561911539546347,1994-10-01,19.107073141599095,-0.5451616020527474,-0.447668915661124
tmean,1994,11,Andina,18.542145507398278,1994-11-01,18.850734591249218,-0.30858908385093997,-0.44361821411321056
tmean,1994,12,Andina,19.03000316437216,1994-12-01,18.97454161524851,0.05546154912365253,-0.4291734671037748
tmean,1995,1,Andina,19.521383489234612,1995-01-01,19.221880258507362,0.29950323072725027,-0.3581666050380911
tmean,1995,2,Andina,20.08937405190123,1995-02-01,19.671347890039897,0.41802616186133434,-0.2483262048470151
tmean,1995,3,Andina,19.593837546475537,1995-03-01,19.713509673021505,-0.11967212654596793,-0.18843536084828738
tmean,1995,4,Andina,19.666431721370834,1995-04-01,19.501129593757398,0.16530212761343677,-0.12118089538480643
tmean,1995,5,Andina,19.327772896591036,1995-05-01,19.415320406823085,-0.08754751023204932,-0.10112505654726285
tmean,1995,6,Andina,19.214045416844947,1995-06-01,19.31754010004152,-0.10349468319657262,-0.07508167216273491
tmean,1995,7,Andina,18.94762867071107,1995-07-01,19.258647599668826,-0.3110189289577576,-0.07857751008126475
tmean,1995,8,Andina,19.0621650418416,1995-08-01,19.52339742423437,-0.4612323823927724,-0.08543414932155535
tmean,1995,9,Andina,19.313866896753584,1995-09-01,19.477429093811597,-0.16356219705801323,-0.09683212041342888
tmean,1995,10,Andina,18.683116153937085,1995-10-01,19.107073141599095,-0.4239569876620095,-0.0867317358808674
tmean,1995,11,Andina,18.634887747897793,1995-11-01,18.850734591249218,-0.21584684335142512,-0.07900321583924115
tmean,1995,12,Andina,18.50189362060978,1995-12-01,18.97454161524851,-0.4726479946387272,-0.12301234448610614
tmean,1996,1,Andina,18.416214774681286,1996-01-01,19.221880258507362,-0.8056654838260755,-0.21510973736554995
tmean,1996,2,Andina,18.714214616802884,1996-02-01,19.671347890039897,-0.9571332732370124,-0.32970635695707884
tmean,1996,3,Andina,19.015842739944564,1996-03-01,19.713509673021505,-0.6976669330769418,-0.37787259083466
tmean,1996,4,Andina,19.192319980191098,1996-04-01,19.501129593757398,-0.3088096135663001,-0.4173819025996381
tmean,1996,5,Andina,18.899065821949183,1996-05-01,19.415320406823085,-0.5162545848739022,-0.4531074921531258
tmean,1996,6,Andina,18.92422864982418,1996-06-01,19.31754010004152,-0.3933114502173396,-0.4772588894048564
tmean,1996,7,Andina,18.599110130471036,1996-07-01,19.258647599668826,-0.6595374691977902,-0.5063021010915257
tmean,1996,8,Andina,19.003519056865247,1996-08-01,19.52339742423437,-0.5198783673691239,-0.5111892665062218
tmean,1996,9,Andina,19.353509640682518,1996-09-01,19.477429093811597,-0.12391945312907993,-0.507885704512144
tmean,1996,10,Andina,18.806492710954306,1996-10-01,19.107073141599095,-0.30058043064478923,-0.4976043247607089
tmean,1996,11,Andina,18.714776927269288,1996-11-01,18.850734591249218,-0.13595766397993003,-0.49094689314641765
tmean,1996,12,Andina,18.596038589565396,1996-12-01,18.97454161524851,-0.3785030256831128,-0.48310147906678313
tmean,1997,1,Andina,18.399539503878216,1997-01-01,19.221880258507362,-0.8223407546291455,-0.48449108496703897
tmean,1997,2,Andina,18.99370793703208,1997-02-01,19.671347890039897,-0.6776399530078159,-0.46119997494793924
tmean,1997,3,Andina,19.64095944223583,1997-03-01,19.713509673021505,-0.07255023078567646,-0.40910691642366714
tmean,1997,4,Andina,19.415141913249993,1997-04-01,19.501129593757398,-0.08598768050740446,-0.3905384220020925
tmean,1997,5,Andina,19.60555583318934,1997-05-01,19.415320406823085,0.1902354263662538,-0.3316642543987462
tmean,1997,6,Andina,19.256190452368735,1997-06-01,19.31754010004152,-0.06134964767278461,-0.3040007708533666
tmean,1997,7,Andina,19.93067227577748,1997-07-01,19.258647599668826,0.6720246761086521,-0.1930372587444964
tmean,1997,8,Andina,20.344453882475644,1997-08-01,19.52339742423437,0.8210564582412729,-0.08129268994363
tmean,1997,9,Andina,19.7440951566881,1997-09-01,19.477429093811597,0.26666606287650296,-0.048743896943164756
tmean,1997,10,Andina,19.68083500167819,1997-10-01,19.107073141599095,0.5737618600790952,0.024117960617158946
tmean,1997,11,Andina,19.23610055276221,1997-11-01,18.850734591249218,0.3853659615129921,0.06756159607490246
tmean,1997,12,Andina,20.177700874723303,1997-12-01,18.97454161524851,1.2031592594747949,0.19936678650472808
tmean,1998,1,Andina,20.995465098522008,1998-01-01,19.221880258507362,1.773584840014646,0.4156939193917107
tmean,1998,2,Andina,20.96698297051798,1998-02-01,19.671347890039897,1.2956350804780818,0.5801335055155356
tmean,1998,3,Andina,20.93288969563356,1998-03-01,19.713509673021505,1.2193800226120537,0.6877943599653463
tmean,1998,4,Andina,20.43632325894149,1998-04-01,19.501129593757398,0.9351936651840909,0.7728928054396377
tmean,1998,5,Andina,20.074731986257724,1998-05-01,19.415320406823085,0.6594115794346393,0.8119908181953365
tmean,1998,6,Andina,19.642721323284096,1998-06-01,19.31754010004152,0.32518122324257703,0.8442017241049499
tmean,1998,7,Andina,19.307190947422693,1998-07-01,19.258647599668826,0.04854334775386704,0.7922449467420511
tmean,1998,8,Andina,19.58803400481728,1998-08-01,19.52339742423437,0.06463658058290989,0.7292099569371876
tmean,1998,9,Andina,19.434258108367306,1998-09-01,19.477429093811597,-0.04317098544429143,0.7033902029104547
tmean,1998,10,Andina,19.39300832363315,1998-10-01,19.107073141599095,0.28593518203405566,0.6794046464067014
tmean,1998,11,Andina,18.728025281241955,1998-11-01,18.850734591249218,-0.12270931000726293,0.6370650404466801
tmean,1998,12,Andina,18.497858059755806,1998-12-01,18.97454161524851,-0.476683555492702,0.49707813919938876
tmean,1999,1,Andina,18.461759513688133,1999-01-01,19.221880258507362,-0.7601207448192291,0.28593600712989914
tmean,1999,2,Andina,18.37045498171733,1999-02-01,19.671347890039897,-1.3008929083225667,0.06955867472984512
tmean,1999,3,Andina,18.733498007388814,1999-03-01,19.713509673021505,-0.9800116656326914,-0.11372396595721697
tmean,1999,4,Andina,18.919968383168356,1999-04-01,19.501129593757398,-0.5811612105890411,-0.24008687227164463
tmean,1999,5,Andina,18.820868392935612,1999-05-01,19.415320406823085,-0.5944520138874729,-0.34457550504848733
tmean,1999,6,Andina,18.790964012411013,1999-06-01,19.31754010004152,-0.5265760876305059,-0.41555528095457755
tmean,1999,7,Andina,18.80113494913601,1999-07-01,19.258647599668826,-0.4575126505328164,-0.45772661414513455
tmean,1999,8,Andina,18.917285532053334,1999-08-01,19.52339742423437,-0.6061118921810369,-0.5136223202087967
tmean,1999,9,Andina,18.580290579090427,1999-09-01,19.477429093811597,-0.8971385147211706,-0.58478628098187
tmean,1999,10,Andina,18.473517838501362,1999-10-01,19.107073141599095,-0.633555303097733,-0.6614104880761857
tmean,1999,11,Andina,18.324073057452672,1999-11-01,18.850734591249218,-0.5266615337965455,-0.6950731733919593
tmean,1999,12,Andina,18.15557298962397,1999-12-01,18.97454161524851,-0.8189686256245388,-0.723596929236279
tmean,2000,1,Andina,17.859823604502395,2000-01-01,19.221880258507362,-1.3620566540049666,-0.7737582550017571
tmean,2000,2,Andina,18.26697853480641,2000-02-01,19.671347890039897,-1.404369355233488,-0.782381292244334
tmean,2000,3,Andina,18.70866321897514,2000-03-01,19.713509673021505,-1.0048464540463655,-0.7844508579454734
tmean,2000,4,Andina,18.875986511748827,2000-04-01,19.501129593757398,-0.6251430820085702,-0.7881160138971008
tmean,2000,5,Andina,18.941254852609596,2000-05-01,19.415320406823085,-0.47406555421348884,-0.7780838089242689
tmean,2000,6,Andina,18.835317451089107,2000-06-01,19.31754010004152,-0.48222264895241196,-0.7743876890344277
tmean,2000,7,Andina,18.71124888943703,2000-07-01,19.258647599668826,-0.5473987102317963,-0.7818781940093427
tmean,2000,8,Andina,19.190766758652234,2000-08-01,19.52339742423437,-0.33263066558213694,-0.7590880917927677
tmean,2000,9,Andina,18.697478912691736,2000-09-01,19.477429093811597,-0.7799501811198617,-0.7493223973259919
tmean,2000,10,Andina,18.839457351904603,2000-10-01,19.107073141599095,-0.2676157896944922,-0.7188274378757219
tmean,2000,11,Andina,18.461773850208512,2000-11-01,18.850734591249218,-0.3889607410407052,-0.7073523718127351
tmean,2000,12,Andina,18.562566965482993,2000-12-01,18.97454161524851,-0.411974649765515,-0.6734362071578165
tmean,2001,1,Andina,18.591814893319093,2001-01-01,19.221880258507362,-0.630065365188269,-0.6124369330897584
tmean,2001,2,Andina,19.380269623723635,2001-02-01,19.671347890039897,-0.2910782663162621,-0.5196626756799896
tmean,2001,3,Andina,19.17528816013315,2001-03-01,19.713509673021505,-0.5382215128883558,-0.48077726391682213
tmean,2001,4,Andina,19.577397848773337,2001-04-01,19.501129593757398,0.0762682550159397,-0.42232631916477964
tmean,2001,5,Andina,19.324554580640715,2001-05-01,19.415320406823085,-0.09076582618236984,-0.3903846751621864
tmean,2001,6,Andina,18.993065626549214,2001-06-01,19.31754010004152,-0.3244744734923053,-0.37723899387384413
tmean,2001,7,Andina,19.063635030730918,2001-07-01,19.258647599668826,-0.19501256893790853,-0.3478734820993535
tmean,2001,8,Andina,19.864899859830473,2001-08-01,19.52339742423437,0.3415024355961016,-0.29169572366783364
tmean,2001,9,Andina,19.0502133252243,2001-09-01,19.477429093811597,-0.42721576858729904,-0.2623011892901201
tmean,2001,10,Andina,19.260866700136297,2001-10-01,19.107073141599095,0.15379355853720256,-0.2271837436041455
tmean,2001,11,Andina,18.77289530504126,2001-11-01,18.850734591249218,-0.07783928620795777,-0.20125695570141655
tmean,2001,12,Andina,19.08958940411654,2001-12-01,18.97454161524851,0.1150477888680328,-0.1573384191486209
tmean,2002,1,Andina,19.190124119507498,2002-01-01,19.221880258507362,-0.03175613899986374,-0.10747931696625379
tmean,2002,2,Andina,19.74215932663877,2002-02-01,19.671347890039897,0.07081143659887346,-0.07732184172332583
tmean,2002,3,Andina,20.03581761341536,2002-03-01,19.713509673021505,0.3223079403938556,-0.005611053949808209
tmean,2002,4,Andina,19.10780206994507,2002-04-01,19.501129593757398,-0.39332752381232794,-0.044744035518830515
tmean,2002,5,Andina,19.580153135891347,2002-05-01,19.415320406823085,0.1648327290682623,-0.02344415591461117
tmean,2002,6,Andina,19.135848651783967,2002-06-01,19.31754010004152,-0.18169144825755268,-0.011545570478381784
tmean,2002,7,Andina,19.517070408842706,2002-07-01,19.258647599668826,0.2584228091738794,0.026240711030933877
tmean,2002,8,Andina,19.744449352733696,2002-08-01,19.52339742423437,0.22105192849932465,0.01620316877286913
tmean,2002,9,Andina,19.520819639017652,2002-09-01,19.477429093811597,0.04339054520605501,0.05542036158898197
tmean,2002,10,Andina,19.371263832839073,2002-10-01,19.107073141599095,0.2641906912399783,0.06462012264754662
tmean,2002,11,Andina,19.14891224906778,2002-11-01,18.850734591249218,0.2981776578185631,0.09595486798309001
tmean,2002,12,Andina,19.608127115151166,2002-12-01,18.97454161524851,0.633585499902658,0.13916634390264213
tmean,2003,1,Andina,20.251668384005328,2003-01-01,19.221880258507362,1.0297881254979657,0.22762836594412791
tmean,2003,2,Andina,20.576779450924178,2003-02-01,19.671347890039897,0.9054315608842813,0.2971800429679119
tmean,2003,3,Andina,20.193045607969893,2003-03-01,19.713509673021505,0.4795359349483874,0.3102823758474562
tmean,2003,4,Andina,19.56528808600667,2003-04-01,19.501129593757398,0.06415849224927328,0.3484062105192563
tmean,2003,5,Andina,19.723757366424373,2003-05-01,19.415320406823085,0.3084369596012877,0.36037322973034175
tmean,2003,6,Andina,19.073106820548347,2003-06-01,19.31754010004152,-0.2444332794931725,0.3551447437940401
tmean,2003,7,Andina,19.265153039486464,2003-07-01,19.258647599668826,0.006505439817637182,0.3341516296810199
tmean,2003,8,Andina,19.515483004722356,2003-08-01,19.52339742423437,-0.007914419512015769,0.3150711006800749
tmean,2003,9,Andina,19.372238705891274,2003-09-01,19.477429093811597,-0.10519038792032376,0.3026893562528767
tmean,2003,10,Andina,18.999163647438298,2003-10-01,19.107073141599095,-0.10790949416079698,0.2716810074694787
tmean,2003,11,Andina,18.972034393765963,2003-11-01,18.850734591249218,0.1212998025167451,0.2569411861943272
tmean,2003,12,Andina,18.921309576605125,2003-12-01,18.97454161524851,-0.053232038643383106,0.19970639131549048
tmean,2004,1,Andina,19.056534688856136,2004-01-01,19.221880258507362,-0.16534556965122604,0.10011191671972448
tmean,2004,2,Andina,20.008192749547046,2004-02-01,19.671347890039897,0.33684485950714915,0.05272969160496347
tmean,2004,3,Andina,20.420674022478437,2004-03-01,19.713509673021505,0.7071643494569315,0.07169872614734214
tmean,2004,4,Andina,19.512688563056535,2004-04-01,19.501129593757398,0.0115589692991378,0.06731543256816419
tmean,2004,5,Andina,19.31158026832435,2004-05-01,19.415320406823085,-0.1037401384987362,0.03296734105982887
tmean,2004,6,Andina,19.32462056720596,2004-06-01,19.31754010004152,0.007080467164442439,0.053926819947963445
tmean,2004,7,Andina,18.925031731659086,2004-07-01,19.258647599668826,-0.3336158680097405,0.025583377629015303
tmean,2004,8,Andina,19.646311353749347,2004-08-01,19.52339742423437,0.1229139295149757,0.03648574004793126
tmean,2004,9,Andina,19.19288559506081,2004-09-01,19.477429093811597,-0.2845434987507858,0.021539647478726092
tmean,2004,10,Andina,18.936104994287298,2004-10-01,19.107073141599095,-0.17096814731179677,0.016284759716142776
tmean,2004,11,Andina,18.838024259417733,2004-11-01,18.850734591249218,-0.012710331831485178,0.0051172485204569185
tmean,2004,12,Andina,18.876518767692694,2004-12-01,18.97454161524851,-0.09802284755581425,0.0013846811110876562
tmean,2005,1,Andina,19.080602870243165,2005-01-01,19.221880258507362,-0.14127738826419645,0.003390362893340123
tmean,2005,2,Andina,19.830741893051645,2005-02-01,19.671347890039897,0.159394003011748,-0.01139720848127664
tmean,2005,3,Andina,20.26532185918679,2005-03-01,19.713509673021505,0.5518121861652858,-0.02434322208891378
tmean,2005,4,Andina,19.959547382295767,2005-04-01,19.501129593757398,0.45841778853836956,0.012895012847688866
tmean,2005,5,Andina,19.437321089111972,2005-05-01,19.415320406823085,0.022000682288886964,0.023373414579990797
tmean,2005,6,Andina,19.529587496345833,2005-06-01,19.31754010004152,0.2120473963043139,0.04045399200831342
tmean,2005,7,Andina,19.55124858499267,2005-07-01,19.258647599668826,0.29260098532384404,0.09263872978611214
tmean,2005,8,Andina,19.556023626878723,2005-08-01,19.52339742423437,0.032626202644351565,0.08511475254689345
tmean,2005,9,Andina,19.73823867636285,2005-09-01,19.477429093811597,0.2608095825512535,0.13056084265539672
tmean,2005,10,Andina,18.886456084281694,2005-10-01,19.107073141599095,-0.22061705731740133,0.12642343348826302
tmean,2005,11,Andina,18.63421894941018,2005-11-01,18.850734591249218,-0.21651564183903815,0.10943965765430026
tmean,2005,12,Andina,18.53918946182599,2005-12-01,18.97454161524851,-0.4353521534225173,0.08132888216540834
tmean,2006,1,Andina,18.794452115437167,2006-01-01,19.221880258507362,-0.4274281430701947,0.05748298593157516
tmean,2006,2,Andina,19.51085106272322,2006-02-01,19.671347890039897,-0.16049682731667758,0.03082541673753969
tmean,2006,3,Andina,19.113564046003333,2006-03-01,19.713509673021505,-0.5999456270181724,-0.0651544010277485
tmean,2006,4,Andina,18.916542932756084,2006-04-01,19.501129593757398,-0.584586661001314,-0.15207143848938878
tmean,2006,5,Andina,19.158821981035455,2006-05-01,19.415320406823085,-0.2564984257876297,-0.1752796974957652
tmean,2006,6,Andina,19.04287588656154,2006-06-01,19.31754010004152,-0.27466421347997994,-0.215838998311123
tmean,2006,7,Andina,19.341938068297566,2006-07-01,19.258647599668826,0.08329046862873923,-0.2332815413690484
tmean,2006,8,Andina,19.73979374809292,2006-08-01,19.52339742423437,0.21639632385855023,-0.2179673646011985
tmean,2006,9,Andina,19.644643131291435,2006-09-01,19.477429093811597,0.16721403747983743,-0.22576699335714986
tmean,2006,10,Andina,19.285614189979146,2006-10-01,19.107073141599095,0.17854104838005114,-0.19250381788236215
tmean,2006,11,Andina,18.765664608060156,2006-11-01,18.850734591249218,-0.08506998318906156,-0.1815500129948641
tmean,2006,12,Andina,19.016043641677864,2006-12-01,18.97454161524851,0.041502026429355965,-0.14181216467387467
tmean,2007,1,Andina,19.83018762692397,2007-01-01,19.221880258507362,0.6083073684166074,-0.05550087204997448
tmean,2007,2,Andina,20.224210215182467,2007-02-01,19.671347890039897,0.5528623251425699,0.003945723988296142
tmean,2007,3,Andina,19.77741488994077,2007-03-01,19.713509673021505,0.0639052169192631,0.059266627649749104
tmean,2007,4,Andina,19.309020064192318,2007-04-01,19.501129593757398,-0.1921095295650801,0.09197305526943526
tmean,2007,5,Andina,19.224061352711846,2007-05-01,19.415320406823085,-0.19125905411123867,0.09740966957580117
tmean,2007,6,Andina,19.04782825985691,2007-06-01,19.31754010004152,-0.26971184018460903,0.09782236735041543
tmean,2007,7,Andina,19.166907199682452,2007-07-01,19.258647599668826,-0.0917403999863744,0.08323646163248928
tmean,2007,8,Andina,18.97810294523245,2007-08-01,19.52339742423437,-0.545294479001921,0.019762228060783354
tmean,2007,9,Andina,19.28896703751541,2007-09-01,19.477429093811597,-0.1884620562961885,-0.009877446420552142
tmean,2007,10,Andina,18.678327639940992,2007-10-01,19.107073141599095,-0.42874550165810277,-0.060484658923731636
tmean,2007,11,Andina,18.700157323633853,2007-11-01,18.850734591249218,-0.15057726761536472,-0.06594359929259024
tmean,2007,12,Andina,18.224880729366536,2007-12-01,18.97454161524851,-0.7496608858819727,-0.13187384198520094
tmean,2008,1,Andina,18.561600355183643,2008-01-01,19.221880258507362,-0.660279903323719,-0.2375894479635615
tmean,2008,2,Andina,18.67881801024485,2008-02-01,19.671347890039897,-0.9925298797950468,-0.36637213170836286
tmean,2008,3,Andina,18.818696327882876,2008-03-01,19.713509673021505,-0.8948133451386298,-0.4462653452131873
tmean,2008,4,Andina,18.893120357208574,2008-04-01,19.501129593757398,-0.6080092365488241,-0.4809236541284993
tmean,2008,5,Andina,18.70849845244592,2008-05-01,19.415320406823085,-0.7068219543771654,-0.5238872291506599
tmean,2008,6,Andina,18.834087658383392,2008-06-01,19.31754010004152,-0.48345244165812673,-0.5416989459401197
tmean,2008,7,Andina,18.645019406198013,2008-07-01,19.258647599668826,-0.613628193470813,-0.5851895953971562
tmean,2008,8,Andina,18.913732387915772,2008-08-01,19.52339742423437,-0.6096650363185994,-0.5905538085068794
tmean,2008,9,Andina,19.25517769970211,2008-09-01,19.477429093811597,-0.22225139410948813,-0.5933695866579877
tmean,2008,10,Andina,18.91474340744149,2008-10-01,19.107073141599095,-0.19232973415760313,-0.5736682726996127
tmean,2008,11,Andina,18.542948334321043,2008-11-01,18.850734591249218,-0.30778625692817485,-0.5867690218090136
tmean,2008,12,Andina,18.424068680672853,2008-12-01,18.97454161524851,-0.5504729345756552,-0.5701700258668204
tmean,2009,1,Andina,18.628806209387548,2009-01-01,19.221880258507362,-0.5930740491198137,-0.564569538016495
tmean,2009,2,Andina,18.897640219733077,2009-02-01,19.671347890039897,-0.7737076703068198,-0.5463343538924761
tmean,2009,3,Andina,18.951907813465745,2009-03-01,19.713509673021505,-0.7616018595557605,-0.5352333967605704
tmean,2009,4,Andina,19.35779764752824,2009-04-01,19.501129593757398,-0.14333194622915713,-0.4965102892339314
tmean,2009,5,Andina,19.25794983093098,2009-05-01,19.415320406823085,-0.1573705758921058,-0.45072267436017643
tmean,2009,6,Andina,19.220545290623818,2009-06-01,19.31754010004152,-0.09699480941770133,-0.4185178716734743
tmean,2009,7,Andina,19.46498389676978,2009-07-01,19.258647599668826,0.2063362971009539,-0.3501874974591604
tmean,2009,8,Andina,19.631795427877357,2009-08-01,19.52339742423437,0.10839800364298569,-0.29034891079569497
tmean,2009,9,Andina,20.105374628702908,2009-09-01,19.477429093811597,0.6279455348913103,-0.2194991667122951
tmean,2009,10,Andina,19.458479152679317,2009-10-01,19.107073141599095,0.35140601108022196,-0.17418785460914302
tmean,2009,11,Andina,19.28091380567966,2009-11-01,18.850734591249218,0.43017921443044216,-0.11269073199592494
tmean,2009,12,Andina,19.533428573732756,2009-12-01,18.97454161524851,0.5588869584842477,-0.020244074240933035
tmean,2010,1,Andina,20.183269400013707,2010-01-01,19.221880258507362,0.9613891415063449,0.10929452497791352
tmean,2010,2,Andina,21.028147549426293,2010-02-01,19.671347890039897,1.3567996593863967,0.2868368024523482
tmean,2010,3,Andina,20.741826862682156,2010-03-01,19.713509673021505,1.028317189660651,0.4359967232203825
tmean,2010,4,Andina,19.952630055130598,2010-04-01,19.501129593757398,0.4515004613732003,0.485566090520579
tmean,2010,5,Andina,19.81346840026689,2010-05-01,19.415320406823085,0.39814799344380347,0.5318593046319048
tmean,2010,6,Andina,19.273284871983172,2010-06-01,19.31754010004152,-0.04425522805834703,0.5362542697451843
tmean,2010,7,Andina,18.84948425205218,2010-07-01,19.258647599668826,-0.40916334761664785,0.48496263268538414
tmean,2010,8,Andina,19.180171878861163,2010-08-01,19.52339742423437,-0.34322554537320826,0.44732733693403465
tmean,2010,9,Andina,18.957364228950688,2010-09-01,19.477429093811597,-0.5200648648609096,0.35165980362134963
tmean,2010,10,Andina,18.831314391086217,2010-10-01,19.107073141599095,-0.27575875051287824,0.29939607348859126
tmean,2010,11,Andina,18.166202619404586,2010-11-01,18.850734591249218,-0.6845319718446312,0.20650347463233518
tmean,2010,12,Andina,18.076367019367655,2010-12-01,18.97454161524851,-0.8981745958808531,0.08508167843524343
tmean,2011,1,Andina,18.625038024695634,2011-01-01,19.221880258507362,-0.5968422338117279,-0.04477093617459597
tmean,2011,2,Andina,18.843165254381496,2011-02-01,19.671347890039897,-0.8281826356584006,-0.22685279409499573
tmean,2011,3,Andina,18.50864219503387,2011-03-01,19.713509673021505,-1.2048674779876336,-0.41295151639901945
tmean,2011,4,Andina,18.69065973132839,2011-04-01,19.501129593757398,-0.8104698624290059,-0.5181157100492033
tmean,2011,5,Andina,19.072849227877885,2011-05-01,19.415320406823085,-0.34247117894519974,-0.5798339744149535
tmean,2011,6,Andina,19.196267730409705,2011-06-01,19.31754010004152,-0.12127236963181431,-0.5862520695460759
tmean,2011,7,Andina,19.02655175959897,2011-07-01,19.258647599668826,-0.2320958400698565,-0.5714964439171766
tmean,2011,8,Andina,19.32680941796396,2011-08-01,19.52339742423437,-0.19658800627041018,-0.5592766489919434
tmean,2011,9,Andina,19.324681901819947,2011-09-01,19.477429093811597,-0.15274719199165077,-0.5286668429195052
tmean,2011,10,Andina,18.36521273594076,2011-10-01,19.107073141599095,-0.7418604056583362,-0.56750864751496
tmean,2011,11,Andina,18.34286402340159,2011-11-01,18.850734591249218,-0.507870567847629,-0.5527868638485431
tmean,2011,12,Andina,18.48508782517424,2011-12-01,18.97454161524851,-0.48945379007426837,-0.5187267966979944
tmean,2012,1,Andina,18.645311916958732,2012-01-01,19.221880258507362,-0.5765683415486293,-0.5170373056760695
tmean,2012,2,Andina,18.993104712950473,2012-02-01,19.671347890039897,-0.6782431770894242,-0.5045423507953215
tmean,2012,3,Andina,19.294899870348047,2012-03-01,19.713509673021505,-0.4186098026734584,-0.43902087785247357
tmean,2012,4,Andina,18.804408393768625,2012-04-01,19.501129593757398,-0.6967211999887724,-0.4295418226491208
tmean,2012,5,Andina,19.19585861603249,2012-05-01,19.415320406823085,-0.21946179079059647,-0.4192910403029038
tmean,2012,6,Andina,19.413810857075994,2012-06-01,19.31754010004152,0.09627075703447474,-0.4011624464140464
tmean,2012,7,Andina,19.460317477459554,2012-07-01,19.258647599668826,0.20166987779072798,-0.3650153032589977
tmean,2012,8,Andina,19.416015136893854,2012-08-01,19.52339742423437,-0.10738228734051702,-0.3575814933481733
tmean,2012,9,Andina,19.687864100145372,2012-09-01,19.477429093811597,0.21043500633377477,-0.32731631015438784
tmean,2012,10,Andina,18.986890881256272,2012-10-01,19.107073141599095,-0.12018226034282264,-0.27550979804476167
tmean,2012,11,Andina,19.13735272149548,2012-11-01,18.850734591249218,0.2866181302462607,-0.20930240653693755
tmean,2012,12,Andina,18.98779366625405,2012-12-01,18.97454161524851,0.013252051005540721,-0.16741025311362012
tmean,2013,1,Andina,20.006984963164307,2013-01-01,19.221880258507362,0.7851047046569448,-0.05393749926315561
tmean,2013,2,Andina,19.578710412453848,2013-02-01,19.671347890039897,-0.09263747758604879,-0.005137024304540994
tmean,2013,3,Andina,19.83983256676823,2013-03-01,19.713509673021505,0.12632289374672467,0.04027403373047426
tmean,2013,4,Andina,19.936978238381197,2013-04-01,19.501129593757398,0.4358486446237997,0.13465485411485525
tmean,2013,5,Andina,19.151944295755747,2013-05-01,19.415320406823085,-0.2633761110673376,0.13099532742512685
tmean,2013,6,Andina,19.431931711237677,2013-06-01,19.31754010004152,0.11439161119615804,0.1325053986052671
tmean,2013,7,Andina,19.259033102219867,2013-07-01,19.258647599668826,0.00038550255104041753,0.11573170066862648
tmean,2013,8,Andina,19.17129785941856,2013-08-01,19.52339742423437,-0.3520995648158127,0.09533859421235184
tmean,2013,9,Andina,19.481034080162466,2013-09-01,19.477429093811597,0.0036049863508686997,0.07810275921377634
tmean,2013,10,Andina,19.224206838919883,2013-10-01,19.107073141599095,0.1171336973207886,0.09787908901907727
tmean,2013,11,Andina,18.663066576120336,2013-11-01,18.850734591249218,-0.18766801512888165,0.05835524357114874
tmean,2013,12,Andina,18.77913275032179,2013-12-01,18.97454161524851,-0.19540886492671916,0.040966833910127086
tmean,2014,1,Andina,19.324190123050347,2014-01-01,19.221880258507362,0.10230986454298474,-0.01593273609936959
tmean,2014,2,Andina,19.736757466088527,2014-02-01,19.671347890039897,0.06540957604862996,-0.002762148296479694
tmean,2014,3,Andina,19.691264340812236,2014-03-01,19.713509673021505,-0.02224533220926972,-0.01514283379281256
tmean,2014,4,Andina,20.017072486597858,2014-04-01,19.501129593757398,0.5159428928404601,-0.008468313108090856
tmean,2014,5,Andina,19.40889861676381,2014-05-01,19.415320406823085,-0.006421790059274457,0.012944546975914406
tmean,2014,6,Andina,19.803290902285127,2014-06-01,19.31754010004152,0.4857508022436079,0.04389114622986856
tmean,2014,7,Andina,19.998338050502355,2014-07-01,19.258647599668826,0.7396904508335282,0.10549989192007588
tmean,2014,8,Andina,19.63300135173376,2014-08-01,19.52339742423437,0.10960392749938919,0.1439751829463427
tmean,2014,9,Andina,19.643033415523668,2014-09-01,19.477429093811597,0.1656043217120704,0.1574751275597762
tmean,2014,10,Andina,19.19221919087723,2014-10-01,19.107073141599095,0.08514604927813352,0.15480949022288826
tmean,2014,11,Andina,18.940287428689093,2014-11-01,18.850734591249218,0.08955283743987508,0.17791122793695133
tmean,2014,12,Andina,19.193333221116518,2014-12-01,18.97454161524851,0.2187916058680095,0.21242793383651204
tmean,2015,1,Andina,19.493195553786663,2015-01-01,19.221880258507362,0.271315295279301,0.22651171973120507
tmean,2015,2,Andina,19.697547014128098,2015-02-01,19.671347890039897,0.02619912408820113,0.223244182067836
tmean,2015,3,Andina,19.807364040530384,2015-03-01,19.713509673021505,0.09385436750887877,0.23291915704434837
tmean,2015,4,Andina,19.70334389683476,2015-04-01,19.501129593757398,0.202214303077362,0.2067751078974235
tmean,2015,5,Andina,19.98772815924148,2015-05-01,19.415320406823085,0.5724077524183961,0.25501090310389607
tmean,2015,6,Andina,19.98181410756992,2015-06-01,19.31754010004152,0.6642740075284017,0.2698878368776289
tmean,2015,7,Andina,19.869925036481973,2015-07-01,19.258647599668826,0.6112774368131468,0.2591867523759304
tmean,2015,8,Andina,20.265556500499816,2015-08-01,19.52339742423437,0.7421590762654446,0.3118996814397684
tmean,2015,9,Andina,20.527953869649483,2015-09-01,19.477429093811597,1.0505247758378857,0.38564305261691967
tmean,2015,10,Andina,20.074778628488616,2015-10-01,19.107073141599095,0.9677054868895212,0.4591896724178686
tmean,2015,11,Andina,19.45500544791798,2015-11-01,18.850734591249218,0.6042708566687622,0.5020828406869425
tmean,2015,12,Andina,20.303072673033526,2015-12-01,18.97454161524851,1.3285310577850176,0.5945611283466933
tmean,2016,1,Andina,20.725902650139865,2016-01-01,19.221880258507362,1.5040223916325033,0.6972867197094601
tmean,2016,2,Andina,21.255590483939205,2016-02-01,19.671347890039897,1.584242593899308,0.8271236755270523
tmean,2016,3,Andina,21.395110708897864,2016-03-01,19.713509673021505,1.6816010358763585,0.959435897891009
tmean,2016,4,Andina,20.41177120062249,2016-04-01,19.501129593757398,0.9106416068650915,1.0184715065399865
tmean,2016,5,Andina,20.14580291544711,2016-05-01,19.415320406823085,0.730482508624025,1.0316444028904554
tmean,2016,6,Andina,19.678600619951876,2016-06-01,19.31754010004152,0.3610605199103567,1.0063766122556184
tmean,2016,7,Andina,19.5106033282229,2016-07-01,19.258647599668826,0.2519557285540728,0.9764331365673623
tmean,2016,8,Andina,20.202074814149853,2016-08-01,19.52339742423437,0.6786773899154817,0.9711429960381986
tmean,2016,9,Andina,19.771985200537486,2016-09-01,19.477429093811597,0.2945561067258886,0.9081456069455323
tmean,2016,10,Andina,19.42294577855023,2016-10-01,19.107073141599095,0.3158726369511342,0.853826202784
tmean,2016,11,Andina,19.196615381395457,2016-11-01,18.850734591249218,0.3458807901462393,0.8322936972404564
tmean,2016,12,Andina,19.065976905834997,2016-12-01,18.97454161524851,0.0914352905864888,0.7292023833072457
tmean,2017,1,Andina,19.025439401953424,2017-01-01,19.221880258507362,-0.19644085655393795,0.5874971126250422
tmean,2017,2,Andina,20.06997117934266,2017-02-01,19.671347890039897,0.3986232893027619,0.4886955039086634
tmean,2017,3,Andina,19.483052398766805,2017-03-01,19.713509673021505,-0.2304572742547002,0.3293573113977419
tmean,2017,4,Andina,20.017132086045066,2017-04-01,19.501129593757398,0.5160024922876687,0.29647071851629
tmean,2017,5,Andina,19.74622069386897,2017-05-01,19.415320406823085,0.3309002870458855,0.263172200051445
tmean,2017,6,Andina,19.69024603806801,2017-06-01,19.31754010004152,0.3727059380264919,0.26414265156112293
tmean,2017,7,Andina,19.714968794947417,2017-07-01,19.258647599668826,0.4563211952785906,0.2811731071214994
tmean,2017,8,Andina,19.964452695507145,2017-08-01,19.52339742423437,0.44105527127277355,0.26137126390127374
tmean,2017,9,Andina,20.14678281433861,2017-09-01,19.477429093811597,0.6693537205270133,0.2926043983847008
tmean,2017,10,Andina,19.81056433022931,2017-10-01,19.107073141599095,0.7034911886302169,0.32490594435795767
tmean,2017,11,Andina,19.38973411938042,2017-11-01,18.850734591249218,0.5389995281312032,0.34099917252337136
tmean,2017,12,Andina,19.5071046518759,2017-12-01,18.97454161524851,0.5325630366273906,0.3777598180267798
tmean,2018,1,Andina,19.13204206177258,2018-01-01,19.221880258507362,-0.08983819673478166,0.38664337301170953
tmean,2018,2,Andina,19.995012604817056,2018-02-01,19.671347890039897,0.3236647147771592,0.38039682513457596
tmean,2018,3,Andina,20.2767683232459,2018-03-01,19.713509673021505,0.5632586502243946,0.44653981884116717
tmean,2018,4,Andina,19.2203414656189,2018-04-01,19.501129593757398,-0.2807881281384965,0.38014060047232007
tmean,2018,5,Andina,19.30606391499041,2018-05-01,19.415320406823085,-0.10925649183267439,0.34346086889910676
tmean,2018,6,Andina,19.54604430293765,2018-06-01,19.31754010004152,0.22850420289612927,0.3314440576382432
tmean,2018,7,Andina,19.65056662711194,2018-07-01,19.258647599668826,0.39191902744311236,0.32607721031862
tmean,2018,8,Andina,19.88568387527348,2018-08-01,19.52339742423437,0.3622864510391075,0.31951314196581454
tmean,2018,9,Andina,19.847328231205857,2018-09-01,19.477429093811597,0.3698991373942597,0.2945585933714184
tmean,2018,10,Andina,19.298075565248737,2018-10-01,19.107073141599095,0.1910024236496426,0.25185119628970387
tmean,2018,11,Andina,19.525498714796964,2018-11-01,18.850734591249218,0.674764123547746,0.26316491257441577
tmean,2018,12,Andina,19.67376810284217,2018-12-01,18.97454161524851,0.6992264875936627,0.2770535334882718
tmean,2019,1,Andina,20.20532989325613,2019-01-01,19.221880258507362,0.9834496347487693,0.36649418611190104
tmean,2019,2,Andina,20.733302557213133,2019-02-01,19.671347890039897,1.0619546671732358,0.4280183488115741
tmean,2019,3,Andina,20.4429902763216,2019-03-01,19.713509673021505,0.7294806033000931,0.44187017823454894
tmean,2019,4,Andina,20.15918056719349,2019-04-01,19.501129593757398,0.6580509734360938,0.5201067700324314
tmean,2019,5,Andina,19.94556463320082,2019-05-01,19.415320406823085,0.5302442263777358,0.5733984965499657
tmean,2019,6,Andina,19.957146889440473,2019-06-01,19.31754010004152,0.6396067893989539,0.607657045425201
tmean,2019,7,Andina,19.985753135977674,2019-07-01,19.258647599668826,0.7271055363088479,0.6355892544973457
tmean,2019,8,Andina,20.350523141980847,2019-08-01,19.52339742423437,0.8271257177464761,0.674325860056293
tmean,2019,9,Andina,20.445096002183845,2019-09-01,19.477429093811597,0.967666908372248,0.7241398409711254
tmean,2019,10,Andina,19.434789951853386,2019-10-01,19.107073141599095,0.3277168102542909,0.7355327065215128
tmean,2019,11,Andina,19.600437273683273,2019-11-01,18.850734591249218,0.7497026824340551,0.7417775864287052
tmean,2019,12,Andina,19.956472046837263,2019-12-01,18.97454161524851,0.9819304315887543,0.7653362484282962
tmean,2020,1,Andina,20.15985459527368,2020-01-01,19.221880258507362,0.9379743367663167,0.7615466402630918
tmean,2020,2,Andina,21.06510165476845,2020-02-01,19.671347890039897,1.3937537647285545,0.7891965650593683
tmean,2020,3,Andina,21.018339605213896,2020-03-01,19.713509673021505,1.3048299321923906,0.8371423424670598
tmean,2020,4,Andina,20.48722978089043,2020-04-01,19.501129593757398,0.986100187133033,0.8644797769418048
tmean,2020,5,Andina,20.483180516762808,2020-05-01,19.415320406823085,1.0678601099397227,0.9092811005719703
tmean,2020,6,Andina,19.742365829322168,2020-06-01,19.31754010004152,0.42482572928064855,0.8913826788954449
tmean,2020,7,Andina,19.439310815508176,2020-07-01,19.258647599668826,0.18066321583934908,0.8458458188563199
tmean,2020,8,Andina,19.7440897213892,2020-08-01,19.52339742423437,0.22069229715483019,0.7953097004736828
tmean,2020,9,Andina,19.685736817054384,2020-09-01,19.477429093811597,0.20830772324278612,0.732029768379561
tmean,2020,10,Andina,19.59590950309271,2020-10-01,19.107073141599095,0.48883636149361465,0.7454563976495047
tmean,2020,11,Andina,19.178999063359115,2020-11-01,18.850734591249218,0.32826447210989684,0.7103365467891581
tmean,2020,12,Andina,19.262862930631762,2020-12-01,18.97454161524851,0.28832131538325356,0.6525357871053664
tmean,2021,1,Andina,19.57736678839423,2021-01-01,19.221880258507362,0.3554865298868677,0.6039951365320789
tmean,2021,2,Andina,20.32721455564426,2021-02-01,19.671347890039897,0.6558666656043641,0.5425045449383964
tmean,2021,3,Andina,19.40790957053646,2021-03-01,19.713509673021505,-0.30560010248504454,0.40830204204861015
tmean,2021,4,Andina,19.602579117266483,2021-04-01,19.501129593757398,0.10144952350908554,0.3345811534132812
tmean,2021,5,Andina,19.400418447771578,2021-05-01,19.415320406823085,-0.014901959051506708,0.24435098099734542
tmean,2021,6,Andina,19.044431869472024,2021-06-01,19.31754010004152,-0.27310823056949474,0.18618981767650014
tmean,2021,7,Andina,19.40844171949315,2021-07-01,19.258647599668826,0.14979411982432467,0.18361739300858146
tmean,2021,8,Andina,19.298819142302452,2021-08-01,19.52339742423437,-0.22457828193191887,0.14651151141801902
tmean,2021,9,Andina,19.476110029447117,2021-09-01,19.477429093811597,-0.0013190643644804823,0.1290426124507468
tmean,2021,10,Andina,19.394773558691032,2021-10-01,19.107073141599095,0.28770041709193706,0.11228128375060702
tmean,2021,11,Andina,18.963619071519595,2021-11-01,18.850734591249218,0.11288448027037745,0.09433295109731372
tmean,2021,12,Andina,19.365279243991818,2021-12-01,18.97454161524851,0.39073762874330953,0.1028676438773184
tmean,2022,1,Andina,19.252055684681725,2022-01-01,19.221880258507362,0.030175426174363196,0.07575838523460969
tmean,2022,2,Andina,19.344252421455312,2022-02-01,19.671347890039897,-0.3270954685845844,-0.0061551259478026905
tmean,2022,3,Andina,19.286858659161343,2022-03-01,19.713509673021505,-0.42665101386016246,-0.016242701895729184
tmean,2022,4,Andina,19.346780895929804,2022-04-01,19.501129593757398,-0.15434869782759364,-0.03755922034045245
tmean,2022,5,Andina,19.371273790615493,2022-05-01,19.415320406823085,-0.04404661620759143,-0.03998794177012618
tmean,2022,6,Andina,18.589718155048164,2022-06-01,19.31754010004152,-0.7278219449933552,-0.07788075130544787
tmean,2022,7,Andina,19.16162845903451,2022-07-01,19.258647599668826,-0.09701914063431616,-0.09844852301033462
tmean,2022,8,Andina,19.239637917876202,2022-08-01,19.52339742423437,-0.2837595063581695,-0.10338029171252217
tmean,2022,9,Andina,19.351009798924764,2022-09-01,19.477429093811597,-0.12641929488683346,-0.11380531092271824
tmean,2022,10,Andina,19.000857616693196,2022-10-01,19.107073141599095,-0.10621552490589892,-0.1466316394225379
tmean,2022,11,Andina,18.719827275047507,2022-11-01,18.850734591249218,-0.1309073162017107,-0.16694762246187858
tmean,2022,12,Andina,18.746296171878093,2022-12-01,18.97454161524851,-0.2282454433704153,-0.21852954513802234
tmean,2023,1,Andina,18.614272382965208,2023-01-01,19.221880258507362,-0.6076078755421541,-0.2716781536143988
tmean,2023,2,Andina,19.78369190714709,2023-02-01,19.671347890039897,0.1123440171071941,-0.23505819647341722
tmean,2023,3,Andina,19.243145132950065,2023-03-01,19.713509673021505,-0.47036454007144,-0.23870099032435702
tmean,2023,4,Andina,19.455796931107624,2023-04-01,19.501129593757398,-0.045332662649773425,-0.22961632072620533
tmean,2023,5,Andina,20.21394504714255,2023-05-01,19.415320406823085,0.7986246403194635,-0.15939371601561744
tmean,2023,6,Andina,19.985174464729166,2023-06-01,19.31754010004152,0.6676343646876468,-0.043105690208867266
tmean,2023,7,Andina,20.209843081756997,2023-07-01,19.258647599668826,0.9511954820881705,0.044245528351339956
tmean,2023,8,Andina,20.494061524960625,2023-08-01,19.52339742423437,0.9706641007262533,0.14878082894170852
tmean,2023,9,Andina,20.770415882362634,2023-09-01,19.477429093811597,1.2929867885510369,0.2670646692281977
tmean,2023,10,Andina,20.142961933343305,2023-10-01,19.107073141599095,1.0358887917442097,0.3622400289490401
tmean,2023,11,Andina,19.842839815333512,2023-11-01,18.850734591249218,0.9921052240842947,0.4558244073062072
tmean,2023,12,Andina,20.285479171564603,2023-12-01,18.97454161524851,1.3109375563160945,0.584089657280083
tmean,2024,1,Andina,20.873208213192065,2024-01-01,19.221880258507362,1.651327954684703,0.7723343097989878
tmean,2024,2,Andina,20.72303030271152,2024-02-01,19.671347890039897,1.0516824126716244,0.850612509429357
tmean,2024,3,Andina,21.53865934161237,2024-03-01,19.713509673021505,1.8251496685908641,1.0419053601512156
tmean,2024,4,Andina,20.723392327389785,2024-04-01,19.501129593757398,1.2222627336323875,1.1475383098413958
tmean,2024,5,Andina,20.32801543207906,2024-05-01,19.415320406823085,0.9126950252559745,1.1570441752527716
tmean,2024,6,Andina,19.82718348357809,2024-06-01,19.31754010004152,0.5096433835365701,1.1438782601568487
tmean,2024,7,Andina,20.005262688630022,2024-07-01,19.258647599668826,0.746615088961196,1.126829894062934
tmean,2024,8,Andina,20.168066971789482,2024-08-01,19.52339742423437,0.644669547555111,1.0996636812986722
tmean,2024,9,Andina,20.67772357774571,2024-09-01,19.477429093811597,1.2002944839341119,1.0919393225805951
tmean,2024,10,Andina,19.961727525411483,2024-10-01,19.107073141599095,0.8546543838123881,1.0768364552529432
tmean,2024,11,Andina,19.05159161375101,2024-11-01,18.850734591249218,0.20085702250179338,1.0108991051210683
tmean,2024,12,Andina,19.430526038077485,2024-12-01,18.97454161524851,0.4559844228289762,0.9396530106638084
tmean,2025,1,Andina,19.387040808542167,2025-01-01,19.221880258507362,0.16516055003480545,0.8158057269429836
tmean,2025,2,Andina,19.63821000060451,2025-02-01,19.671347890039897,-0.033137889435387535,0.7254040351007326
tmean,2025,3,Andina,19.625484834169015,2025-03-01,19.713509673021505,-0.08802483885249046,0.5659728261471196
tmean,2025,4,Andina,19.683737187383898,2025-04-01,19.501129593757398,0.18260759362649992,0.4793348978132957
tmean,2025,5,Andina,19.467567737576772,2025-05-01,19.415320406823085,0.05224733075368704,0.4076309232714384
tmean,2025,6,Andina,19.250783517932405,2025-06-01,19.31754010004152,-0.0667565821091145,0.3595975928009647
tmean,2025,7,Andina,19.513412420312378,2025-07-01,19.258647599668826,0.2547648206435511,0.31861007044116096
tmean,2025,8,Andina,19.53651760674284,2025-08-01,19.52339742423437,0.013120182508469469,0.2659809566872742
tmean,2025,9,Andina,19.566204663097075,2025-09-01,19.477429093811597,0.08877556928547747,0.17335438046655463
tmean,2025,10,Andina,19.067377561560594,2025-10-01,19.107073141599095,-0.03969558003850082,0.09882521681231389
tmean,2025,11,Andina,19.17590466272922,2025-11-01,18.850734591249218,0.3251700714800023,0.10918463756049797
tmean,2025,12,Andina,18.976054656773943,2025-12-01,18.97454161524851,0.001513041525434744,0.07131202245186952
tmean,2026,1,Andina,18.876412361386038,2026-01-01,19.221880258507362,-0.3454678971213241,0.028759651855525387
tmean,2026,2,Andina,18.94661765661561,2026-02-01,19.671347890039897,-0.7247302334242853,-0.02887304347688276
tmean,2026,3,Andina,19.531388339600753,2026-03-01,19.713509673021505,-0.18212133342075276,-0.03671441802423795
tmean,1991,1,Caribe,25.563073287071816,1991-01-01,25.69052473665928,-0.1274514495874648,
tmean,1991,2,Caribe,26.515536513884665,1991-02-01,26.51460068072299,0.0009358331616766691,
tmean,1991,3,Caribe,26.344548525322537,1991-03-01,26.52694804895896,-0.1823995236364233,
tmean,1991,4,Caribe,25.649764391116502,1991-04-01,25.960166046773757,-0.3104016556572553,
tmean,1991,5,Caribe,25.19299984851679,1991-05-01,25.57229132916436,-0.37929148064757,
tmean,1991,6,Caribe,25.58107403007118,1991-06-01,25.729532158062987,-0.1484581279918089,
tmean,1991,7,Caribe,25.64542881502859,1991-07-01,25.83176428399468,-0.18633546896608877,
tmean,1991,8,Caribe,25.748342375472156,1991-08-01,25.78141099631766,-0.03306862084550488,
tmean,1991,9,Caribe,25.23048144812608,1991-09-01,25.324772769158542,-0.09429132103246118,
tmean,1991,10,Caribe,24.561825890314903,1991-10-01,24.86399261068323,-0.3021667203683265,
tmean,1991,11,Caribe,24.36990014175532,1991-11-01,24.685702504269383,-0.3158023625140629,
tmean,1991,12,Caribe,24.698283626772326,1991-12-01,25.062471426957135,-0.36418780018480845,-0.20357655818917486
tmean,1992,1,Caribe,25.306865884711748,1992-01-01,25.69052473665928,-0.38365885194753346,-0.22492717505251392
tmean,1992,2,Caribe,25.8760114470812,1992-02-01,26.51460068072299,-0.6385892336417882,-0.27822093061946934
tmean,1992,3,Caribe,26.947121041567073,1992-03-01,26.52694804895896,0.42017299260811214,-0.22800655426575803
tmean,1992,4,Caribe,26.136224923661306,1992-04-01,25.960166046773757,0.17605887688754862,-0.18746817655369105
tmean,1992,5,Caribe,25.215139435264526,1992-05-01,25.57229132916436,-0.3571518938998359,-0.18562321099137988
tmean,1992,6,Caribe,25.712611649689403,1992-06-01,25.729532158062987,-0.016920508373583942,-0.17466174268986112
tmean,1992,7,Caribe,25.243819210145304,1992-07-01,25.83176428399468,-0.5879450738493759,-0.20812920976346838
tmean,1992,8,Caribe,25.39074681256773,1992-08-01,25.78141099631766,-0.39066418374993006,-0.23792884000550382
tmean,1992,9,Caribe,24.701174453490488,1992-09-01,25.324772769158542,-0.6235983156680547,-0.2820377562251366
tmean,1992,10,Caribe,24.73642356555533,1992-10-01,24.86399261068323,-0.12756904512789902,-0.267487949955101
tmean,1992,11,Caribe,24.360072783229285,1992-11-01,24.685702504269383,-0.325629721040098,-0.26830689649893724
tmean,1992,12,Caribe,24.588883437756127,1992-12-01,25.062471426957135,-0.47358798920100753,-0.27742357891695385
tmean,1993,1,Caribe,24.905864421070362,1993-01-01,25.69052473665928,-0.7846603155889191,-0.31084036755373595
tmean,1993,2,Caribe,25.743713415956428,1993-02-01,26.51460068072299,-0.7708872647665608,-0.32186520348080033
tmean,1993,3,Caribe,25.800994690419945,1993-03-01,26.52694804895896,-0.7259533585390159,-0.417375732743061
tmean,1993,4,Caribe,25.216402324199095,1993-04-01,25.960166046773757,-0.7437637225746627,-0.49402761603157863
tmean,1993,5,Caribe,24.892338226830557,1993-05-01,25.57229132916436,-0.6799531023338048,-0.5209277167344094
tmean,1993,6,Caribe,25.934976867341277,1993-06-01,25.729532158062987,0.2054447092782894,-0.5023972819300866
tmean,1993,7,Caribe,25.701744879613305,1993-07-01,25.83176428399468,-0.13001940438137538,-0.46423680947441986
tmean,1993,8,Caribe,25.65996107735691,1993-08-01,25.78141099631766,-0.12144991896074941,-0.44180228740865485
tmean,1993,9,Caribe,24.642241528241577,1993-09-01,25.324772769158542,-0.6825312409169655,-0.44671336451273075
tmean,1993,10,Caribe,24.950260528775384,1993-10-01,24.86399261068323,0.08626791809215462,-0.42889361757772626
tmean,1993,11,Caribe,24.438835083524356,1993-11-01,24.685702504269383,-0.24686742074502632,-0.42233009255313697
tmean,1993,12,Caribe,24.841233545928613,1993-12-01,25.062471426957135,-0.2212378810285216,-0.40130091687209646
tmean,1994,1,Caribe,25.04221246043885,1994-01-01,25.69052473665928,-0.6483122762204303,-0.3899385802580557
tmean,1994,2,Caribe,25.814014256215764,1994-02-01,26.51460068072299,-0.7005864245072253,-0.3840801769031111
tmean,1994,3,Caribe,25.410293711083977,1994-03-01,26.52694804895896,-1.1166543378749836,-0.4166385918477751
tmean,1994,4,Caribe,25.18805722089249,1994-04-01,25.960166046773757,-0.7721088258812685,-0.4190006837899922
tmean,1994,5,Caribe,25.277647225460406,1994-05-01,25.57229132916436,-0.29464410370395555,-0.3868916005708381
tmean,1994,6,Caribe,25.557223059428008,1994-06-01,25.729532158062987,-0.17230909863497956,-0.41837108456361055
tmean,1994,7,Caribe,25.76827684941714,1994-07-01,25.83176428399468,-0.06348743457753869,-0.41282675374662414
tmean,1994,8,Caribe,25.384985176743616,1994-08-01,25.78141099631766,-0.3964258195740449,-0.43574141213106543
tmean,1994,9,Caribe,25.397930786570125,1994-09-01,25.324772769158542,0.07315801741158268,-0.37276730727035307
tmean,1994,10,Caribe,24.394654610270404,1994-10-01,24.86399261068323,-0.4693380004128258,-0.41906780047910147
tmean,1994,11,Caribe,24.35503283559749,1994-11-01,24.685702504269383,-0.3306696686718915,-0.42605132113967353
tmean,1994,12,Caribe,25.164201277925816,1994-12-01,25.062471426957135,0.10172985096868103,-0.39913734347324
tmean,1995,1,Caribe,26.266500244440568,1995-01-01,25.69052473665928,0.5759755077812869,-0.2971133614730969
tmean,1995,2,Caribe,26.984689291890625,1995-02-01,26.51460068072299,0.4700886111676361,-0.1995571085001918
tmean,1995,3,Caribe,26.575493552675894,1995-03-01,26.52694804895896,0.04854550371693378,-0.10245712170086534
tmean,1995,4,Caribe,26.145991879008065,1995-04-01,25.960166046773757,0.1858258322343076,-0.022629233524567322
tmean,1995,5,Caribe,25.454772820555203,1995-05-01,25.57229132916436,-0.1175185086091588,-0.007868767266667595
tmean,1995,6,Caribe,25.41255559868195,1995-06-01,25.729532158062987,-0.3169765593810361,-0.019924388995505637
tmean,1995,7,Caribe,25.273893565365313,1995-07-01,25.83176428399468,-0.557870718629367,-0.06112299599982466
tmean,1995,8,Caribe,24.849927046141143,1995-08-01,25.78141099631766,-0.9314839501765171,-0.10571117355003068
tmean,1995,9,Caribe,25.18617171780318,1995-09-01,25.324772769158542,-0.13860105135536216,-0.12335776261394275
tmean,1995,10,Caribe,24.30371099717413,1995-10-01,24.86399261068323,-0.5602816135091011,-0.13093639703863236
tmean,1995,11,Caribe,24.675496378353625,1995-11-01,24.685702504269383,-0.01020612591575798,-0.10423110180895456
tmean,1995,12,Caribe,24.56959315763842,1995-12-01,25.062471426957135,-0.4928782693187159,-0.15378177849957098
tmean,1996,1,Caribe,24.716649022238624,1996-01-01,25.69052473665928,-0.9738757144206573,-0.2829360470163997
tmean,1996,2,Caribe,25.47102894243877,1996-02-01,26.51460068072299,-1.0435717382842178,-0.4090744094707208
tmean,1996,3,Caribe,25.511472572606163,1996-03-01,26.52694804895896,-1.0154754763527976,-0.4977428244765318
tmean,1996,4,Caribe,25.65254583276449,1996-04-01,25.960166046773757,-0.307620214009269,-0.5388633283301631
tmean,1996,5,Caribe,24.96420602193881,1996-05-01,25.57229132916436,-0.6080853072255508,-0.5797438948815291
tmean,1996,6,Caribe,25.270441845796245,1996-06-01,25.729532158062987,-0.459090312266742,-0.5915867076220046
tmean,1996,7,Caribe,25.12465697164423,1996-07-01,25.83176428399468,-0.7071073123504483,-0.6040230904320948
tmean,1996,8,Caribe,25.253990285566065,1996-08-01,25.78141099631766,-0.5274207107515956,-0.5703511538133513
tmean,1996,9,Caribe,25.07766279324509,1996-09-01,25.324772769158542,-0.24710997591345318,-0.5793935641931922
tmean,1996,10,Caribe,24.554678278971757,1996-10-01,24.86399261068323,-0.30931433171147305,-0.5584796240433899
tmean,1996,11,Caribe,24.50380656241248,1996-11-01,24.685702504269383,-0.1818959418569044,-0.572787108705152
tmean,1996,12,Caribe,24.82752626856432,1996-12-01,25.062471426957135,-0.23494515839281505,-0.5512926827946604
tmean,1997,1,Caribe,25.02237620600412,1997-01-01,25.69052473665928,-0.6681485306551593,-0.5258154174808688
tmean,1997,2,Caribe,26.005119331435726,1997-02-01,26.51460068072299,-0.5094813492872632,-0.48130788506445593
tmean,1997,3,Caribe,26.52295562585172,1997-03-01,26.52694804895896,-0.003992423107241905,-0.3970176306273263
tmean,1997,4,Caribe,25.97595354370588,1997-04-01,25.960166046773757,0.015787496932123446,-0.37006698804887694
tmean,1997,5,Caribe,26.12806783944484,1997-05-01,25.57229132916436,0.5557765102804773,-0.27307850325670796
tmean,1997,6,Caribe,25.53891717921944,1997-06-01,25.729532158062987,-0.1906149788435485,-0.25070555880477513
tmean,1997,7,Caribe,27.04337871681979,1997-07-01,25.83176428399468,1.2116144328251117,-0.09081208004014514
tmean,1997,8,Caribe,27.150734940861437,1997-08-01,25.78141099631766,1.3693239445437762,0.0672499745678025
tmean,1997,9,Caribe,25.817158983992485,1997-09-01,25.324772769158542,0.4923862148339424,0.12887465713008547
tmean,1997,10,Caribe,25.569681339958834,1997-10-01,24.86399261068323,0.7056887292756038,0.2134582455456752
tmean,1997,11,Caribe,25.29191917748395,1997-11-01,24.685702504269383,0.6062166732145684,0.27913429680163127
tmean,1997,12,Caribe,26.436316411722427,1997-12-01,25.062471426957135,1.3738449847652916,0.4132001420648068
tmean,1998,1,Caribe,27.411860859065502,1998-01-01,25.69052473665928,1.7213361224062211,0.6123238631532552
tmean,1998,2,Caribe,27.358783837476768,1998-02-01,26.51460068072299,0.844183156753779,0.7251292386566753
tmean,1998,3,Caribe,27.466874679031026,1998-03-01,26.52694804895896,0.9399266300720654,0.803789159754951
tmean,1998,4,Caribe,26.535098317737422,1998-04-01,25.960166046773757,0.5749322709636644,0.8503845575909127
tmean,1998,5,Caribe,26.142562839211013,1998-05-01,25.57229132916436,0.570271510046652,0.8515924742380939
tmean,1998,6,Caribe,26.014743204446717,1998-06-01,25.729532158062987,0.2852110463837292,0.8912446430070338
tmean,1998,7,Caribe,25.697189407280526,1998-07-01,25.83176428399468,-0.13457487671415436,0.7790622005454283
tmean,1998,8,Caribe,25.777010696246187,1998-08-01,25.78141099631766,-0.0044003000714738505,0.6645851801608241
tmean,1998,9,Caribe,25.120745219265874,1998-09-01,25.324772769158542,-0.20402754989266825,0.6065506997669399
tmean,1998,10,Caribe,24.981474955644323,1998-10-01,24.86399261068323,0.11748234496109333,0.557533501074064
tmean,1998,11,Caribe,24.643541246632346,1998-11-01,24.685702504269383,-0.04216125763703715,0.5035020068364302
tmean,1998,12,Caribe,24.326164641489353,1998-12-01,25.062471426957135,-0.7363067854677823,0.32765602598367405
tmean,1999,1,Caribe,24.845978525625835,1999-01-01,25.69052473665928,-0.8445462110334461,0.11383249819703511
tmean,1999,2,Caribe,24.801033168015852,1999-02-01,26.51460068072299,-1.7135675127071366,-0.09931339092470785
tmean,1999,3,Caribe,25.387647521763,1999-03-01,26.52694804895896,-1.1393005271959602,-0.2725823206970433
tmean,1999,4,Caribe,25.412284078116702,1999-04-01,25.960166046773757,-0.5478819686570553,-0.36615017399877
tmean,1999,5,Caribe,25.057681734878482,1999-05-01,25.57229132916436,-0.5146095942858793,-0.45655693269314757
tmean,1999,6,Caribe,25.051219333793693,1999-06-01,25.729532158062987,-0.6783128242692946,-0.5368505885808995
tmean,1999,7,Caribe,25.43951390063167,1999-07-01,25.83176428399468,-0.39225038336300955,-0.5583235474683041
tmean,1999,8,Caribe,25.01768411402746,1999-08-01,25.78141099631766,-0.7637268822902001,-0.621600762653198
tmean,1999,9,Caribe,24.308307776421557,1999-09-01,25.324772769158542,-1.016464992736985,-0.6893038828902244
tmean,1999,10,Caribe,24.123989399301177,1999-10-01,24.86399261068323,-0.7400032113820529,-0.7607610125854866
tmean,1999,11,Caribe,23.9369992021901,1999-11-01,24.685702504269383,-0.7487033020792815,-0.819639516289007
tmean,1999,12,Caribe,23.83383842157075,1999-12-01,25.062471426957135,-1.228633005386385,-0.8606667012822239
tmean,2000,1,Caribe,24.076236195495262,2000-01-01,25.69052473665928,-1.6142885411640187,-0.9248118954597716
tmean,2000,2,Caribe,24.970624264884723,2000-02-01,26.51460068072299,-1.5439764158382658,-0.9106793040540323
tmean,2000,3,Caribe,25.527572070472974,2000-03-01,26.52694804895896,-0.9993759784859861,-0.8990189249948678
tmean,2000,4,Caribe,25.588630049051904,2000-04-01,25.960166046773757,-0.3715359977218533,-0.8843234274169344
tmean,2000,5,Caribe,25.16240272787192,2000-05-01,25.57229132916436,-0.4098886012924403,-0.8755966780008144
tmean,2000,6,Caribe,25.267953952250203,2000-06-01,25.729532158062987,-0.46157820581278486,-0.8575354597961052
tmean,2000,7,Caribe,25.391644141716103,2000-07-01,25.83176428399468,-0.44012014227857676,-0.8615246063724026
tmean,2000,8,Caribe,25.724353001994118,2000-08-01,25.78141099631766,-0.05705799432354297,-0.8026355323751811
tmean,2000,9,Caribe,24.45311525305526,2000-09-01,25.324772769158542,-0.8716575161032836,-0.790568242655706
tmean,2000,10,Caribe,24.714061289977963,2000-10-01,24.86399261068323,-0.14993132070526727,-0.7413955850993071
tmean,2000,11,Caribe,24.381216115594842,2000-11-01,24.685702504269383,-0.30448638867454036,-0.7043775089822454
tmean,2000,12,Caribe,24.630204116475,2000-12-01,25.062471426957135,-0.4322673104821355,-0.6380137010735579
tmean,2001,1,Caribe,24.911306800454238,2001-01-01,25.69052473665928,-0.7792179362050433,-0.5684244839936433
tmean,2001,2,Caribe,26.227252981387824,2001-02-01,26.51460068072299,-0.28734769933516446,-0.46370542428505157
tmean,2001,3,Caribe,25.525789717157515,2001-03-01,26.52694804895896,-1.0011583318014452,-0.4638539537280065
tmean,2001,4,Caribe,25.916736796597668,2001-04-01,25.960166046773757,-0.04342925017608934,-0.4365117247658595
tmean,2001,5,Caribe,25.266183339043558,2001-05-01,25.57229132916436,-0.3061079901208039,-0.42786334050155644
tmean,2001,6,Caribe,25.64580199138962,2001-06-01,25.729532158062987,-0.08373016667336586,-0.3963760039066049
tmean,2001,7,Caribe,25.57594784695403,2001-07-01,25.83176428399468,-0.25581643704065016,-0.3810173618034443
tmean,2001,8,Caribe,26.352411743914892,2001-08-01,25.78141099631766,0.5710007475972319,-0.32867913331004645
tmean,2001,9,Caribe,25.095497747796866,2001-09-01,25.324772769158542,-0.22927502136167632,-0.2751472587482458
tmean,2001,10,Caribe,24.995036995857436,2001-10-01,24.86399261068323,0.13104438517420647,-0.251732616591623
tmean,2001,11,Caribe,24.59594450971717,2001-11-01,24.685702504269383,-0.08975799455221178,-0.23383858374809563
tmean,2001,12,Caribe,24.815351515394976,2001-12-01,25.062471426957135,-0.24711991156215873,-0.21840963383809756
tmean,2002,1,Caribe,25.615447806070215,2002-01-01,25.69052473665928,-0.07507693058906639,-0.15973121670343282
tmean,2002,2,Caribe,26.42809673804844,2002-02-01,26.51460068072299,-0.08650394267455042,-0.14299423698171498
tmean,2002,3,Caribe,26.92268517775235,2002-03-01,26.52694804895896,0.39573712879338885,-0.02658628193214548
tmean,2002,4,Caribe,25.700976258107026,2002-04-01,25.960166046773757,-0.25918978866673115,-0.04456632680636563
tmean,2002,5,Caribe,26.29774391819477,2002-05-01,25.57229132916436,0.7254525890304073,0.04139705478956864
tmean,2002,6,Caribe,25.67725101785002,2002-06-01,25.729532158062987,-0.052281140212969035,0.044017806994601706
tmean,2002,7,Caribe,26.21579461417844,2002-07-01,25.83176428399468,0.38403033018375865,0.09733837092996911
tmean,2002,8,Caribe,26.26532644351514,2002-08-01,25.78141099631766,0.4839154471974787,0.09008126256332301
tmean,2002,9,Caribe,25.22754586190452,2002-09-01,25.324772769158542,-0.09722690725402217,0.10108527207229419
tmean,2002,10,Caribe,25.147531835071113,2002-10-01,24.86399261068323,0.2835392243878836,0.11379317534010062
tmean,2002,11,Caribe,25.465403432264424,2002-11-01,24.685702504269383,0.7797009279950409,0.18624808555237168
tmean,2002,12,Caribe,25.84946421944311,2002-12-01,25.062471426957135,0.7869927924859752,0.2724241442230495
tmean,2003,1,Caribe,26.70030797489862,2003-01-01,25.69052473665928,1.00978323823934,0.36282915829208334
tmean,2003,2,Caribe,27.608001519493257,2003-02-01,26.51460068072299,1.0934008387702683,0.46115455674581823
tmean,2003,3,Caribe,27.18090464940772,2003-03-01,26.52694804895896,0.6539566004487583,0.48267284605043237
tmean,2003,4,Caribe,25.863624344572212,2003-04-01,25.960166046773757,-0.09654170220154512,0.4962268532558645
tmean,2003,5,Caribe,25.819605794285433,2003-05-01,25.57229132916436,0.2473144651210717,0.45638200959675324
tmean,2003,6,Caribe,25.157158550337137,2003-06-01,25.729532158062987,-0.5723736077258508,0.4130409706373464
tmean,2003,7,Caribe,25.694157803315374,2003-07-01,25.83176428399468,-0.13760648067930603,0.3695712363987577
tmean,2003,8,Caribe,25.652431011921045,2003-08-01,25.78141099631766,-0.12897998439661507,0.31849661709924987
tmean,2003,9,Caribe,25.242526449977486,2003-09-01,25.324772769158542,-0.0822463191810563,0.3197449994386637
tmean,2003,10,Caribe,24.628213752911638,2003-10-01,24.86399261068323,-0.23577885777159224,0.2764684925920407
tmean,2003,11,Caribe,24.689890310434837,2003-11-01,24.685702504269383,0.004187806165454333,0.21184239910624184
tmean,2003,12,Caribe,24.754500395588117,2003-12-01,25.062471426957135,-0.3079710313690178,0.12059541378499243
tmean,2004,1,Caribe,25.182765065429155,2004-01-01,25.69052473665928,-0.5077596712301258,-0.005866495337463047
tmean,2004,2,Caribe,26.84039821423694,2004-02-01,26.51460068072299,0.3257975335139527,-0.06983343744215602
tmean,2004,3,Caribe,27.623106914321202,2004-03-01,26.52694804895896,1.0961588653622414,-0.03298324869936575
tmean,2004,4,Caribe,25.705304193954735,2004-04-01,25.960166046773757,-0.2548618528190225,-0.04617659458415554
tmean,2004,5,Caribe,25.484436052067124,2004-05-01,25.57229132916436,-0.08785527709723695,-0.07410740643568126
tmean,2004,6,Caribe,25.963903277588564,2004-06-01,25.729532158062987,0.23437111952557643,-0.006878679164728989
tmean,2004,7,Caribe,25.273662766957933,2004-07-01,25.83176428399468,-0.5581015170367465,-0.041919932194515695
tmean,2004,8,Caribe,26.105864821517955,2004-08-01,25.78141099631766,0.324453825200294,-0.004133781394773273
tmean,2004,9,Caribe,24.85992407453558,2004-09-01,25.324772769158542,-0.46484869462296174,-0.036017312681598725
tmean,2004,10,Caribe,24.5720716638834,2004-10-01,24.86399261068323,-0.2919209467998307,-0.0406958201006186
tmean,2004,11,Caribe,24.445418170210896,2004-11-01,24.685702504269383,-0.2402843340584866,-0.061068498452613675
tmean,2004,12,Caribe,24.958250198776405,2004-12-01,25.062471426957135,-0.10422122818073021,-0.04408934818692304
tmean,2005,1,Caribe,25.439498028880184,2005-01-01,25.69052473665928,-0.2510267077790971,-0.022694934566003983
tmean,2005,2,Caribe,26.37109710364402,2005-02-01,26.51460068072299,-0.14350357707897032,-0.06180336044874757
tmean,2005,3,Caribe,27.14316969618306,2005-03-01,26.52694804895896,0.6162216472241013,-0.1017981286269259
tmean,2005,4,Caribe,26.24905398631375,2005-04-01,25.960166046773757,0.28888793953999325,-0.056485645930341256
tmean,2005,5,Caribe,25.513750969710166,2005-05-01,25.57229132916436,-0.05854035945419511,-0.05404273612675444
tmean,2005,6,Caribe,25.488769952856384,2005-06-01,25.729532158062987,-0.24076220520660385,-0.09363717985443613
tmean,2005,7,Caribe,25.77148161810515,2005-07-01,25.83176428399468,-0.06028266588953102,-0.052152275592168174
tmean,2005,8,Caribe,25.48603741161917,2005-08-01,25.78141099631766,-0.29537358469849195,-0.10380455975040033
tmean,2005,9,Caribe,25.480719380811244,2005-09-01,25.324772769158542,0.15594661165270196,-0.052071617560761695
tmean,2005,10,Caribe,24.585432990078353,2005-10-01,24.86399261068323,-0.27855962060487727,-0.05095817371118224
tmean,2005,11,Caribe,24.18492954721629,2005-11-01,24.685702504269383,-0.5007729570530941,-0.07266555896073286
tmean,2005,12,Caribe,24.61072291784675,2005-12-01,25.062471426957135,-0.45174850911038433,-0.10162616570487071
tmean,2006,1,Caribe,25.321197538631726,2006-01-01,25.69052473665928,-0.3693271980275554,-0.11148453989224223
tmean,2006,2,Caribe,26.107940535868224,2006-02-01,26.51460068072299,-0.4066601448547651,-0.13341425387355846
tmean,2006,3,Caribe,26.093394762772014,2006-03-01,26.52694804895896,-0.433553286186946,-0.22089549832447908
tmean,2006,4,Caribe,25.155645867880118,2006-04-01,25.960166046773757,-0.8045201788936396,-0.3120128415272818
tmean,2006,5,Caribe,25.277349311552108,2006-05-01,25.57229132916436,-0.2949420176122537,-0.33171297970712005
tmean,2006,6,Caribe,25.401313124708043,2006-06-01,25.729532158062987,-0.3282190333549444,-0.3390010487194817
tmean,2006,7,Caribe,25.828199386159998,2006-07-01,25.83176428399468,-0.003564897834682057,-0.33427456804824435
tmean,2006,8,Caribe,25.861487992343434,2006-08-01,25.78141099631766,0.0800769960257739,-0.3029870196545555
tmean,2006,9,Caribe,25.542770824379073,2006-09-01,25.324772769158542,0.21799805522053006,-0.29781606602390315
tmean,2006,10,Caribe,25.05750817883028,2006-10-01,24.86399261068323,0.19351556814704907,-0.25847646696124266
tmean,2006,11,Caribe,24.715790270060822,2006-11-01,24.685702504269383,0.030087765791439125,-0.21423807339086487
tmean,2006,12,Caribe,25.163232413434663,2006-12-01,25.062471426957135,0.10076098647752829,-0.16819561542520547
tmean,2007,1,Caribe,26.28805839369863,2007-01-01,25.69052473665928,0.5975336570393495,-0.08762387750296341
tmean,2007,2,Caribe,27.14169866694686,2007-02-01,26.51460068072299,0.6270979862238697,-0.001477366579743844
tmean,2007,3,Caribe,26.601529655548756,2007-03-01,26.52694804895896,0.07458160658979551,0.04086720781831795
tmean,2007,4,Caribe,25.339993637432922,2007-04-01,25.960166046773757,-0.6201724093408352,0.05622952194771832
tmean,2007,5,Caribe,25.016885120856376,2007-05-01,25.57229132916436,-0.5554062083079856,0.03452417272307399
tmean,2007,6,Caribe,25.60911093224652,2007-06-01,25.729532158062987,-0.12042122581646808,0.051840656684613684
tmean,2007,7,Caribe,25.55503179436557,2007-07-01,25.83176428399468,-0.27673248962911146,0.029076690701744567
tmean,2007,8,Caribe,24.864740082967547,2007-08-01,25.78141099631766,-0.9166709133501136,-0.053985635079579396
tmean,2007,9,Caribe,25.032438721739087,2007-09-01,25.324772769158542,-0.29233404741945535,-0.09651331029957817
tmean,2007,10,Caribe,24.176396591240692,2007-10-01,24.86399261068323,-0.6875960194425375,-0.16993927593204372
tmean,2007,11,Caribe,24.588675234223384,2007-11-01,24.685702504269383,-0.09702727004599865,-0.18053219558516354
tmean,2007,12,Caribe,24.232525916002345,2007-12-01,25.062471426957135,-0.82994551095479,-0.25809107037119006
tmean,2008,1,Caribe,25.162672517384692,2008-01-01,25.69052473665928,-0.5278522192745889,-0.35187322673068494
tmean,2008,2,Caribe,25.702288610745697,2008-02-01,26.51460068072299,-0.8123120699772919,-0.47182406474744837
tmean,2008,3,Caribe,25.81442663313665,2008-03-01,26.52694804895896,-0.7125214158223088,-0.5374159832817904
tmean,2008,4,Caribe,25.532180443050912,2008-04-01,25.960166046773757,-0.42798560372284555,-0.521400416146958
tmean,2008,5,Caribe,24.843838202208467,2008-05-01,25.57229132916436,-0.7284531269558947,-0.5358209927009504
tmean,2008,6,Caribe,25.255209052586427,2008-06-01,25.729532158062987,-0.47432310547656087,-0.5653128160059581
tmean,2008,7,Caribe,25.039903591184842,2008-07-01,25.83176428399468,-0.7918606928098377,-0.6082401662710186
tmean,2008,8,Caribe,24.91565690144155,2008-08-01,25.78141099631766,-0.8657540948761095,-0.6039970980648516
tmean,2008,9,Caribe,25.11917513663926,2008-09-01,25.324772769158542,-0.20559763251928231,-0.5967690634898372
tmean,2008,10,Caribe,24.559259979831754,2008-10-01,24.86399261068323,-0.3047326308514755,-0.5648637811072487
tmean,2008,11,Caribe,24.10648213118035,2008-11-01,24.685702504269383,-0.5792203730890328,-0.6050465396941682
tmean,2008,12,Caribe,24.54183243445089,2008-12-01,25.062471426957135,-0.520638992506246,-0.5792709964901229
tmean,2009,1,Caribe,25.30961405280555,2009-01-01,25.69052473665928,-0.38091068385373106,-0.5670258685383848
tmean,2009,2,Caribe,25.955224721406125,2009-02-01,26.51460068072299,-0.5593759593168635,-0.5459478593166823
tmean,2009,3,Caribe,25.5781262710759,2009-03-01,26.52694804895896,-0.9488217778830617,-0.5656395561550784
tmean,2009,4,Caribe,26.118280423724844,2009-04-01,25.960166046773757,0.15811437695108665,-0.5167978910989174
tmean,2009,5,Caribe,25.267904910335147,2009-05-01,25.57229132916436,-0.304386418829214,-0.48145899875502735
tmean,2009,6,Caribe,25.378657888557093,2009-06-01,25.729532158062987,-0.3508742695058942,-0.4711715957574718
tmean,2009,7,Caribe,25.949199428198263,2009-07-01,25.83176428399468,0.11743514420358281,-0.3953969426730201
tmean,2009,8,Caribe,25.78835883069705,2009-08-01,25.78141099631766,0.006947834379388951,-0.32267178190172857
tmean,2009,9,Caribe,26.04980241927798,2009-09-01,25.324772769158542,0.7250296501194384,-0.24511950834850182
tmean,2009,10,Caribe,25.341756834830147,2009-10-01,24.86399261068323,0.47776422414691666,-0.1799114370986358
tmean,2009,11,Caribe,25.033263478853335,2009-11-01,24.685702504269383,0.34756097458395274,-0.10267965812588702
tmean,2009,12,Caribe,25.69625037443435,2009-12-01,25.062471426957135,0.6337789474772144,-0.006478163127265309
tmean,2010,1,Caribe,26.56101396394339,2010-01-01,25.69052473665928,0.8704892272841107,0.09780516280088818
tmean,2010,2,Caribe,27.419471073375544,2010-02-01,26.51460068072299,0.9048703926525548,0.21982569213167302
tmean,2010,3,Caribe,26.64353201767588,2010-03-01,26.52694804895896,0.11658396871692034,0.30860950434833817
tmean,2010,4,Caribe,26.21481891101728,2010-04-01,25.960166046773757,0.2546528642435213,0.3166543782893744
tmean,2010,5,Caribe,26.00115511700235,2010-05-01,25.57229132916436,0.4288637878379902,0.3777585621783081
tmean,2010,6,Caribe,25.37369215699913,2010-06-01,25.729532158062987,-0.35584000106385716,0.3773447512151445
tmean,2010,7,Caribe,24.980639115615517,2010-07-01,25.83176428399468,-0.8511251683791627,0.29663139183324905
tmean,2010,8,Caribe,25.02703493957487,2010-08-01,25.78141099631766,-0.7543760567427888,0.23318773423973424
tmean,2010,9,Caribe,24.669385255779844,2010-09-01,25.324772769158542,-0.6553875133786988,0.11815297061488945
tmean,2010,10,Caribe,24.599420693552712,2010-10-01,24.86399261068323,-0.2645719171305174,0.05629162550843662
tmean,2010,11,Caribe,23.734476449991053,2010-11-01,24.685702504269383,-0.9512260542783295,-0.05194062689675357
tmean,2010,12,Caribe,23.72018351317242,2010-12-01,25.062471426957135,-1.3422879137847161,-0.2166128653352478
tmean,2011,1,Caribe,24.9484175022003,2011-01-01,25.69052473665928,-0.742107234458981,-0.35099590381383877
tmean,2011,2,Caribe,25.633518468752726,2011-02-01,26.51460068072299,-0.8810822119702628,-0.4998252875324069
tmean,2011,3,Caribe,24.95438820874652,2011-03-01,26.52694804895896,-1.5725598402124419,-0.6405872716098537
tmean,2011,4,Caribe,24.88036453749655,2011-04-01,25.960166046773757,-1.0798015092772069,-0.7517918027365811
tmean,2011,5,Caribe,25.09742875856277,2011-05-01,25.57229132916436,-0.47486257060159076,-0.8271023326065462
tmean,2011,6,Caribe,25.415790671066052,2011-06-01,25.729532158062987,-0.3137414869969355,-0.8235941231009694
tmean,2011,7,Caribe,25.270806569747965,2011-07-01,25.83176428399468,-0.5609577142467153,-0.7994135019232654
tmean,2011,8,Caribe,25.33323076469928,2011-08-01,25.78141099631766,-0.4481802316183803,-0.773897183162898
tmean,2011,9,Caribe,25.109740648339685,2011-09-01,25.324772769158542,-0.21503212081885792,-0.737200900449578
tmean,2011,10,Caribe,24.021151722551057,2011-10-01,24.86399261068323,-0.842840888132173,-0.7853899813663826
tmean,2011,11,Caribe,23.97447189549981,2011-11-01,24.685702504269383,-0.7112306087695721,-0.7653903609073195
tmean,2011,12,Caribe,24.242091858283377,2011-12-01,25.062471426957135,-0.8203795686737578,-0.7218979988147396
tmean,2012,1,Caribe,25.17034603436512,2012-01-01,25.69052473665928,-0.5201787022941602,-0.7034039544676712
tmean,2012,2,Caribe,26.212119484323416,2012-02-01,26.51460068072299,-0.3024811963995724,-0.6551872031701137
tmean,2012,3,Caribe,26.538025906616618,2012-03-01,26.52694804895896,0.01107785765765712,-0.5232173950142721
tmean,2012,4,Caribe,24.88213039692804,2012-04-01,25.960166046773757,-1.0780356498457166,-0.5230702400616479
tmean,2012,5,Caribe,25.359835384617462,2012-05-01,25.57229132916436,-0.21245594454689964,-0.5012030212237569
tmean,2012,6,Caribe,25.867942027259087,2012-06-01,25.729532158062987,0.13840986919609932,-0.46352374154100406
tmean,2012,7,Caribe,26.010182895107835,2012-07-01,25.83176428399468,0.17841861111315538,-0.4019090477610148
tmean,2012,8,Caribe,25.51426208809005,2012-08-01,25.78141099631766,-0.26714890822761106,-0.3868231041451174
tmean,2012,9,Caribe,25.698174905576227,2012-09-01,25.324772769158542,0.3734021364176847,-0.33778691604207217
tmean,2012,10,Caribe,24.657438463634648,2012-10-01,24.86399261068323,-0.20655414704858188,-0.2847630209517729
tmean,2012,11,Caribe,25.020309454419394,2012-11-01,24.685702504269383,0.3346069501500111,-0.19760989104180768
tmean,2012,12,Caribe,25.187301198366328,2012-12-01,25.062471426957135,0.1248297714091926,-0.11884244603489513
tmean,2013,1,Caribe,26.589320495617528,2013-01-01,25.69052473665928,0.8987957589582471,-0.0005945742638611881
tmean,2013,2,Caribe,26.78066168593326,2013-02-01,26.51460068072299,0.2660610052102719,0.04678394253695917
tmean,2013,3,Caribe,26.07160409172859,2013-03-01,26.52694804895896,-0.4553439572303688,0.007915457962957007
tmean,2013,4,Caribe,26.23264331173752,2013-04-01,25.960166046773757,0.27247726496376146,0.12045820086374685
tmean,2013,5,Caribe,25.340352715130084,2013-05-01,25.57229132916436,-0.23193861403427718,0.11883464507313206
tmean,2013,6,Caribe,25.75410738662801,2013-06-01,25.729532158062987,0.024575228565023366,0.10934842502054239
tmean,2013,7,Caribe,25.880224128034804,2013-07-01,25.83176428399468,0.04845984404012427,0.09851852776445646
tmean,2013,8,Caribe,25.40679041471605,2013-08-01,25.78141099631766,-0.3746205816016115,0.08956255498328976
tmean,2013,9,Caribe,25.131634275967834,2013-09-01,25.324772769158542,-0.19313849319070897,0.04235083584925695
tmean,2013,10,Caribe,25.108352620346835,2013-10-01,24.86399261068323,0.24436000966360538,0.07992701557527256
tmean,2013,11,Caribe,24.63079070551796,2013-11-01,24.685702504269383,-0.054911798751422936,0.04746711983348639
tmean,2013,12,Caribe,25.20952462084439,2013-12-01,25.062471426957135,0.14705319388725613,0.049319071706658356
tmean,2014,1,Caribe,26.070757867801074,2014-01-01,25.69052473665928,0.380233131141793,0.00610551938862051
tmean,2014,2,Caribe,26.93157914959264,2014-02-01,26.51460068072299,0.41697846886965095,0.018681974693568765
tmean,2014,3,Caribe,26.583144687477134,2014-03-01,26.52694804895896,0.05619663851817336,0.06131035767261395
tmean,2014,4,Caribe,26.713820961595076,2014-04-01,25.960166046773757,0.7536549148213183,0.10140849516074368
tmean,2014,5,Caribe,25.675368101089564,2014-05-01,25.57229132916436,0.10307677192520259,0.12932644399070034
tmean,2014,6,Caribe,26.551294334031176,2014-06-01,25.729532158062987,0.821762175968189,0.1957586896076308
tmean,2014,7,Caribe,27.10087025141144,2014-07-01,25.83176428399468,1.2691059674167597,0.2974791998890171
tmean,2014,8,Caribe,25.926912092519846,2014-08-01,25.78141099631766,0.1455010962021852,0.3408226730393335
tmean,2014,9,Caribe,25.54216133674454,2014-09-01,25.324772769158542,0.21738856758599923,0.3750332614373925
tmean,2014,10,Caribe,25.00869008166662,2014-10-01,24.86399261068323,0.1446974709833917,0.366728049880708
tmean,2014,11,Caribe,24.87767204891347,2014-11-01,24.685702504269383,0.19196954464408833,0.3873014951636673
tmean,2014,12,Caribe,25.282648604603274,2014-12-01,25.062471426957135,0.2201771776461392,0.39339516047690753
tmean,2015,1,Caribe,26.273870279533526,2015-01-01,25.69052473665928,0.5833455428742447,0.4103211947879452
tmean,2015,2,Caribe,26.659171645608875,2015-02-01,26.51460068072299,0.1445709648858866,0.38762056945596485
tmean,2015,3,Caribe,26.99488518594334,2015-03-01,26.52694804895896,0.46793713698437855,0.42193227766148195
tmean,2015,4,Caribe,26.492488373069452,2015-04-01,25.960166046773757,0.5323223262956951,0.40348789528434664
tmean,2015,5,Caribe,26.509269665612713,2015-05-01,25.57229132916436,0.9369783364483517,0.4729796923279424
tmean,2015,6,Caribe,27.013671807506924,2015-06-01,25.729532158062987,1.2841396494439365,0.5115111484509214
tmean,2015,7,Caribe,26.63233526291835,2015-07-01,25.83176428399468,0.8005709789236697,0.47246656607649723
tmean,2015,8,Caribe,26.71697543209637,2015-08-01,25.78141099631766,0.9355644357787085,0.5383051777078741
tmean,2015,9,Caribe,26.544831829161776,2015-09-01,25.324772769158542,1.2200590600032335,0.621861052075977
tmean,2015,10,Caribe,25.91377808365391,2015-10-01,24.86399261068323,1.0497854729706795,0.6972850522415843
tmean,2015,11,Caribe,25.328035094376858,2015-11-01,24.685702504269383,0.6423325901074755,0.7348153060302
tmean,2015,12,Caribe,26.6133095736668,2015-12-01,25.062471426957135,1.5508381467096655,0.8457037201188271
tmean,2016,1,Caribe,26.709302275210963,2016-01-01,25.69052473665928,1.0187775385516815,0.8819897197586135
tmean,2016,2,Caribe,28.103970218909353,2016-02-01,26.51460068072299,1.5893695381863644,1.0023896008669866
tmean,2016,3,Caribe,28.586049330296692,2016-03-01,26.52694804895896,2.059101281337732,1.1349866128964328
tmean,2016,4,Caribe,26.898747773049603,2016-04-01,25.960166046773757,0.9385817262758458,1.1688415628947786
tmean,2016,5,Caribe,26.260306617132787,2016-05-01,25.57229132916436,0.688015287968426,1.1480946421881182
tmean,2016,6,Caribe,26.064011776467183,2016-06-01,25.729532158062987,0.3344796184041954,1.0689563062681398
tmean,2016,7,Caribe,26.080752683114824,2016-07-01,25.83176428399468,0.2489883991201438,1.0229910912845126
tmean,2016,8,Caribe,26.46412752741759,2016-08-01,25.78141099631766,0.6827165310999277,1.001920432561281
tmean,2016,9,Caribe,25.760418826797846,2016-09-01,25.324772769158542,0.4356460576393033,0.9365526823642867
tmean,2016,10,Caribe,24.906893511849898,2016-10-01,24.86399261068323,0.04290090116666789,0.8526456347139524
tmean,2016,11,Caribe,24.712651059732984,2016-11-01,24.685702504269383,0.02694855546360131,0.8013636318269629
tmean,2016,12,Caribe,25.19652090010615,2016-12-01,25.062471426957135,0.13404947314901605,0.6832979090302421
tmean,2017,1,Caribe,25.87717258869964,2017-01-01,25.69052473665928,0.18664785204035894,0.6139537684876318
tmean,2017,2,Caribe,27.34180766992144,2017-02-01,26.51460068072299,0.8272069891984515,0.5504402227386391
tmean,2017,3,Caribe,26.591181525783814,2017-03-01,26.52694804895896,0.06423347682485314,0.3842012390292326
tmean,2017,4,Caribe,26.98058157978373,2017-04-01,25.960166046773757,1.0204155330099738,0.39102072292374324
tmean,2017,5,Caribe,25.898152928722592,2017-05-01,25.57229132916436,0.32586159955823035,0.36084124888956026
tmean,2017,6,Caribe,25.993004806606333,2017-06-01,25.729532158062987,0.2634726485433454,0.3549240014011561
tmean,2017,7,Caribe,26.463219504874505,2017-07-01,25.83176428399468,0.6314552208798254,0.3867962365477962
tmean,2017,8,Caribe,26.128623858227396,2017-08-01,25.78141099631766,0.34721286190973544,0.35883759744861354
tmean,2017,9,Caribe,26.044245013679753,2017-09-01,25.324772769158542,0.7194722445212101,0.38248977968877246
tmean,2017,10,Caribe,25.87182262435643,2017-10-01,24.86399261068323,1.0078300136731997,0.4629005390643168
tmean,2017,11,Caribe,25.251520777858083,2017-11-01,24.685702504269383,0.5658182735887003,0.507806348908075
tmean,2017,12,Caribe,25.771552824267935,2017-12-01,25.062471426957135,0.7090813973108006,0.5557256759215571
tmean,2018,1,Caribe,25.774360255357198,2018-01-01,25.69052473665928,0.08383551869791717,0.5471579814763535
tmean,2018,2,Caribe,26.874397793408217,2018-02-01,26.51460068072299,0.3597971126852286,0.508207158433585
tmean,2018,3,Caribe,27.294098866889193,2018-03-01,26.52694804895896,0.7671508179302329,0.5667836035257
tmean,2018,4,Caribe,26.096236812732197,2018-04-01,25.960166046773757,0.13607076595843992,0.4930882062714055
tmean,2018,5,Caribe,25.48527993745464,2018-05-01,25.57229132916436,-0.08701139170972283,0.45868212366574274
tmean,2018,6,Caribe,26.18951582700156,2018-06-01,25.729532158062987,0.45998366893857323,0.4750580420320117
tmean,2018,7,Caribe,26.52676116515623,2018-07-01,25.83176428399468,0.6949968811615506,0.48035318038882213
tmean,2018,8,Caribe,26.653504920344623,2018-08-01,25.78141099631766,0.872093924026963,0.5240932688985911
tmean,2018,9,Caribe,25.76099828430032,2018-09-01,25.324772769158542,0.43622551514177843,0.5004893747836384
tmean,2018,10,Caribe,25.168082664044547,2018-10-01,24.86399261068323,0.30409005336131756,0.4418443780909816
tmean,2018,11,Caribe,25.623318183117675,2018-11-01,24.685702504269383,0.9376156788482923,0.47282749519594763
tmean,2018,12,Caribe,26.234846993782444,2018-12-01,25.062471426957135,1.172375566825309,0.51143534265549
tmean,2019,1,Caribe,26.866746424260477,2019-01-01,25.69052473665928,1.1762216876011955,0.6024675233974298
tmean,2019,2,Caribe,27.624648208868688,2019-02-01,26.51460068072299,1.1100475281456994,0.6649883913524691
tmean,2019,3,Caribe,27.442954012687238,2019-03-01,26.52694804895896,0.9160059637282778,0.6773929868356395
tmean,2019,4,Caribe,26.970111953522036,2019-04-01,25.960166046773757,1.0099459067482783,0.7502159152347927
tmean,2019,5,Caribe,26.2773050235888,2019-05-01,25.57229132916436,0.7050136944244372,0.8162180057459727
tmean,2019,6,Caribe,26.668392678787722,2019-06-01,25.729532158062987,0.9388605207247345,0.8561244100614861
tmean,2019,7,Caribe,26.904218716087666,2019-07-01,25.83176428399468,1.0724544320929859,0.8875792059724391
tmean,2019,8,Caribe,27.13537782554188,2019-08-01,25.78141099631766,1.3539668292242197,0.9277352814055438
tmean,2019,9,Caribe,26.36829583893551,2019-09-01,25.324772769158542,1.0435230697769668,0.9783434109584762
tmean,2019,10,Caribe,25.31334872099299,2019-10-01,24.86399261068323,0.4493561103097612,0.9904489157041798
tmean,2019,11,Caribe,25.79155834466876,2019-11-01,24.685702504269383,1.1058558403993786,1.0044689291667703
tmean,2019,12,Caribe,26.418112255688253,2019-12-01,25.062471426957135,1.3556408287311186,1.0197410343255877
tmean,2020,1,Caribe,26.78594912837358,2020-01-01,25.69052473665928,1.0954243917142996,1.0130079263350131
tmean,2020,2,Caribe,27.934121461937597,2020-02-01,26.51460068072299,1.419520781214608,1.0387973640907555
tmean,2020,3,Caribe,28.130470166774376,2020-03-01,26.52694804895896,1.603522117815416,1.0960903769313504
tmean,2020,4,Caribe,27.360288280393245,2020-04-01,25.960166046773757,1.4001222336194878,1.1286050708372846
tmean,2020,5,Caribe,26.98876928779139,2020-05-01,25.57229132916436,1.416477958627027,1.1878937595208336
tmean,2020,6,Caribe,26.075648760698513,2020-06-01,25.729532158062987,0.3461166026355258,1.1384984330133996
tmean,2020,7,Caribe,25.86999292068963,2020-07-01,25.83176428399468,0.03822863669494936,1.0523129500635633
tmean,2020,8,Caribe,25.885439259387223,2020-08-01,25.78141099631766,0.10402826306956214,0.9481514028840085
tmean,2020,9,Caribe,25.52790628220012,2020-09-01,25.324772769158542,0.20313351304157834,0.878118939822726
tmean,2020,10,Caribe,25.3968294553682,2020-10-01,24.86399261068323,0.5328368446849687,0.8850756676873267
tmean,2020,11,Caribe,24.843654503050136,2020-11-01,24.685702504269383,0.15795199878075294,0.8060836808857745
tmean,2020,12,Caribe,25.459675174717884,2020-12-01,25.062471426957135,0.3972037477607486,0.7262139241382437
tmean,2021,1,Caribe,26.204229496426603,2021-01-01,25.69052473665928,0.5137047597673217,0.6777372881426622
tmean,2021,2,Caribe,27.47642455115634,2021-02-01,26.51460068072299,0.9618238704333528,0.639595878910891
tmean,2021,3,Caribe,27.0291288925919,2021-03-01,26.52694804895896,0.5021808436329387,0.5478174393956845
tmean,2021,4,Caribe,25.956214216536335,2021-04-01,25.960166046773757,-0.003951830237422627,0.4308112674076086
tmean,2021,5,Caribe,25.868820815903394,2021-05-01,25.57229132916436,0.2965294867390327,0.3374822280836091
tmean,2021,6,Caribe,25.465478421716096,2021-06-01,25.729532158062987,-0.26405373634689155,0.28663469983507434
tmean,2021,7,Caribe,26.014344193177333,2021-07-01,25.83176428399468,0.1825799091826532,0.29866397254238297
tmean,2021,8,Caribe,25.459087514136083,2021-08-01,25.78141099631766,-0.32232348218157725,0.26313466043812134
tmean,2021,9,Caribe,25.577110376253177,2021-09-01,25.324772769158542,0.2523376070946348,0.2672350016092094
tmean,2021,10,Caribe,25.232699388417462,2021-10-01,24.86399261068323,0.3687067777342321,0.25355749602998134
tmean,2021,11,Caribe,25.029513464939825,2021-11-01,24.685702504269383,0.34381096067044226,0.26904574285412214
tmean,2021,12,Caribe,25.623380326332573,2021-12-01,25.062471426957135,0.5609088993754376,0.28268783882201287
tmean,2022,1,Caribe,25.976687298369434,2022-01-01,25.69052473665928,0.2861625617101531,0.26372598898391547
tmean,2022,2,Caribe,26.576334114798343,2022-02-01,26.51460068072299,0.0617334340753537,0.1887184526207489
tmean,2022,3,Caribe,26.336833514814636,2022-03-01,26.52694804895896,-0.19011453414432467,0.13102717113931028
tmean,2022,4,Caribe,25.62281352028674,2022-04-01,25.960166046773757,-0.33735252648701675,0.10324377978517744
tmean,2022,5,Caribe,25.70529000163667,2022-05-01,25.57229132916436,0.1329986724723078,0.08961621192961704
tmean,2022,6,Caribe,24.827438572297194,2022-06-01,25.729532158062987,-0.9020935857657939,0.036446224478041835
tmean,2022,7,Caribe,25.588890107613935,2022-07-01,25.83176428399468,-0.24287417638074515,0.0009917173477586398
tmean,2022,8,Caribe,25.441357635725247,2022-08-01,25.78141099631766,-0.34005336059241387,-0.0004857725198110785
tmean,2022,9,Caribe,25.250767932475014,2022-09-01,25.324772769158542,-0.0740048366835282,-0.02768097616799133
tmean,2022,10,Caribe,24.844831716138348,2022-10-01,24.86399261068323,-0.019160894544882012,-0.06000328219125084
tmean,2022,11,Caribe,24.472925613382934,2022-11-01,24.685702504269383,-0.2127768908864489,-0.1063856031543251
tmean,2022,12,Caribe,25.16500437461998,2022-12-01,25.062471426957135,0.10253294766284426,-0.14458359913037455
tmean,2023,1,Caribe,25.410598154321534,2023-01-01,25.69052473665928,-0.2799265823377475,-0.1917576944676996
tmean,2023,2,Caribe,26.93254548590201,2023-02-01,26.51460068072299,0.41794480517902244,-0.16207341354239388
tmean,2023,3,Caribe,26.47907112364184,2023-03-01,26.52694804895896,-0.0478769253171194,-0.1502202794734601
tmean,2023,4,Caribe,26.593312993858042,2023-04-01,25.960166046773757,0.6331469470842848,-0.0693453233425183
tmean,2023,5,Caribe,26.887888465670436,2023-05-01,25.57229132916436,1.3155971365060743,0.029204548660295575
tmean,2023,6,Caribe,26.573250551380735,2023-06-01,25.729532158062987,0.8437183933177472,0.17468888025059068
tmean,2023,7,Caribe,27.050897238613448,2023-07-01,25.83176428399468,1.2191329546187681,0.29652280783388346
tmean,2023,8,Caribe,27.04878549554308,2023-08-01,25.78141099631766,1.2673744992254186,0.4304751294853695
tmean,2023,9,Caribe,26.98653031506774,2023-09-01,25.324772769158542,1.6617575459091967,0.5751219947014299
tmean,2023,10,Caribe,25.98954644672471,2023-10-01,24.86399261068323,1.1255538360414796,0.67051488891696
tmean,2023,11,Caribe,25.838323386162596,2023-11-01,24.685702504269383,1.1526208818932133,0.7842980366485985
tmean,2023,12,Caribe,26.864121154070155,2023-12-01,25.062471426957135,1.8016497271130198,0.9258911016027799
tmean,2024,1,Caribe,27.722611217194373,2024-01-01,25.69052473665928,2.032086480535092,1.1185588568421831
tmean,2024,2,Caribe,27.248309697343597,2024-02-01,26.51460068072299,0.7337090166206082,1.144872541128982
tmean,2024,3,Caribe,28.464939735221623,2024-03-01,26.52694804895896,1.937991686262663,1.3103615920939637
tmean,2024,4,Caribe,27.69782209667609,2024-04-01,25.960166046773757,1.7376560499023341,1.4024040173288013
tmean,2024,5,Caribe,26.68081563461745,2024-05-01,25.57229132916436,1.1085243054530878,1.3851479480743858
tmean,2024,6,Caribe,26.154506572797764,2024-06-01,25.729532158062987,0.42497441473477693,1.3502526165258049
tmean,2024,7,Caribe,26.676468006729205,2024-07-01,25.83176428399468,0.8447037227345255,1.3190501805354513
tmean,2024,8,Caribe,26.471122636848794,2024-08-01,25.78141099631766,0.689711640531133,1.2709116089775943
tmean,2024,9,Caribe,26.275500262503325,2024-09-01,25.324772769158542,0.9507274933447825,1.2116591045972263
tmean,2024,10,Caribe,25.910115635362256,2024-10-01,24.86399261068323,1.0461230246790265,1.205039870317022
tmean,2024,11,Caribe,24.834123829543472,2024-11-01,24.685702504269383,0.14842132527408936,1.121356573932095
tmean,2024,12,Caribe,25.793339953545534,2024-12-01,25.062471426957135,0.7308685265883987,1.0321248072217097
tmean,2025,1,Caribe,26.173050672646557,2025-01-01,25.69052473665928,0.482525935987276,0.9029947618427251
tmean,2025,2,Caribe,26.90883051235688,2025-02-01,26.51460068072299,0.3942298316338899,0.8747048297604986
tmean,2025,3,Caribe,26.85921542809745,2025-03-01,26.52694804895896,0.33226737913848936,0.7408944708334841
tmean,2025,4,Caribe,26.34193752593046,2025-04-01,25.960166046773757,0.3817714791567042,0.6279040899380149
tmean,2025,5,Caribe,25.99282783225695,2025-05-01,25.57229132916436,0.4205365030925883,0.57057177307464
tmean,2025,6,Caribe,25.972819569681377,2025-06-01,25.729532158062987,0.24328741161838963,0.5554311894816077
tmean,2025,7,Caribe,26.684825407931363,2025-07-01,25.83176428399468,0.8530611239366834,0.5561276395817876
tmean,2025,8,Caribe,26.31916881893481,2025-08-01,25.78141099631766,0.5377578226171487,0.5434648214222889
tmean,2025,9,Caribe,26.071717647998103,2025-09-01,25.324772769158542,0.7469448788395603,0.526482936880187
tmean,2025,10,Caribe,25.1402259097986,2025-10-01,24.86399261068323,0.2762332991153684,0.4623254597498822
tmean,2025,11,Caribe,25.389100095509338,2025-11-01,24.685702504269383,0.7033975912399555,0.5085734819137043
tmean,2025,12,Caribe,25.304666773935384,2025-12-01,25.062471426957135,0.2421953469782494,0.4678507169461919
tmean,2026,1,Caribe,25.206027746944073,2026-01-01,25.69052473665928,-0.4844969897152076,0.38726547313765164
tmean,2026,2,Caribe,25.172719541880383,2026-02-01,26.51460068072299,-1.3418811388426057,0.24258955893127698
tmean,2026,3,Caribe,26.04962805331684,2026-03-01,26.52694804895896,-0.47731999564211947,0.17512394436622625
tmean,1991,1,Colombia,24.05010129940846,1991-01-01,23.895152205879107,0.15494909352935338,
tmean,1991,2,Colombia,24.301601083026455,1991-02-01,24.282198769260084,0.019402313766370582,
tmean,1991,3,Colombia,23.848987672369233,1991-03-01,24.05807393986415,-0.20908626749491788,
tmean,1991,4,Colombia,23.129626434689328,1991-04-01,23.542525731454077,-0.4128992967647491,
tmean,1991,5,Colombia,23.034206832480432,1991-05-01,23.169908887476023,-0.13570205499559052,
tmean,1991,6,Colombia,22.812817510567715,1991-06-01,22.78401830649656,0.02879920407115577,
tmean,1991,7,Colombia,22.258631220118062,1991-07-01,22.62673653953249,-0.36810531941442903,
tmean,1991,8,Colombia,22.567698297097873,1991-08-01,23.04491278075498,-0.4772144836571073,
tmean,1991,9,Colombia,22.921310496212328,1991-09-01,23.32469301395566,-0.40338251774333145,
tmean,1991,10,Colombia,22.77603972716304,1991-10-01,23.323919362485867,-0.5478796353228255,
tmean,1991,11,Colombia,22.89364973746191,1991-11-01,23.220325706945957,-0.32667596948404665,
tmean,1991,12,Colombia,23.36764039059755,1991-12-01,23.383445006497883,-0.015804615900332664,-0.22446662911753754
tmean,1992,1,Colombia,23.984185206217585,1992-01-01,23.895152205879107,0.08903300033847827,-0.22995963688344379
tmean,1992,2,Colombia,24.669334678422107,1992-02-01,24.282198769260084,0.3871359091620228,-0.19931517060047277
tmean,1992,3,Colombia,24.369626966470296,1992-03-01,24.05807393986415,0.3115530266061448,-0.15592856275871755
tmean,1992,4,Colombia,23.800785683784735,1992-04-01,23.542525731454077,0.2582599523306577,-0.09999862533410031
tmean,1992,5,Colombia,23.49261432015559,1992-05-01,23.169908887476023,0.322705432679566,-0.061798001361170606
tmean,1992,6,Colombia,22.983665479163623,1992-06-01,22.78401830649656,0.19964717266706344,-0.04756067064484496
tmean,1992,7,Colombia,21.972404242977046,1992-07-01,22.62673653953249,-0.6543322965554452,-0.07141291873992965
tmean,1992,8,Colombia,22.562789519818388,1992-08-01,23.04491278075498,-0.48212326093659286,-0.07182198351322011
tmean,1992,9,Colombia,22.71680299375163,1992-09-01,23.32469301395566,-0.607890020204028,-0.08886427538494483
tmean,1992,10,Colombia,23.071846181386054,1992-10-01,23.323919362485867,-0.2520731810998136,-0.06421373753302717
tmean,1992,11,Colombia,22.795027733669123,1992-11-01,23.220325706945957,-0.42529797327683383,-0.07243223784909276
tmean,1992,12,Colombia,23.058470600240558,1992-12-01,23.383445006497883,-0.32497440625732565,-0.09819638704550886
tmean,1993,1,Colombia,23.17265297021304,1993-01-01,23.895152205879107,-0.7224992356660671,-0.16582407337922098
tmean,1993,2,Colombia,23.579732234771843,1993-02-01,24.282198769260084,-0.7024665344882415,-0.256624277016743
tmean,1993,3,Colombia,23.05215276542551,1993-03-01,24.05807393986415,-1.0059211744386403,-0.36641379377047506
tmean,1993,4,Colombia,23.122444717327237,1993-04-01,23.542525731454077,-0.42008101412683985,-0.4229422076419332
tmean,1993,5,Colombia,23.157968552374047,1993-05-01,23.169908887476023,-0.011940335101975563,-0.45082935495706167
tmean,1993,6,Colombia,22.806672338051644,1993-06-01,22.78401830649656,0.02265403155508494,-0.46557878338305986
tmean,1993,7,Colombia,22.59274748754064,1993-07-01,22.62673653953249,-0.033989051991849095,-0.4138835130027602
tmean,1993,8,Colombia,22.739948910645108,1993-08-01,23.04491278075498,-0.3049638701098729,-0.39912023043386685
tmean,1993,9,Colombia,22.78568825969309,1993-09-01,23.32469301395566,-0.5390047542625709,-0.3933797916054121
tmean,1993,10,Colombia,23.07617252774318,1993-10-01,23.323919362485867,-0.24774683474268855,-0.39301926274231835
tmean,1993,11,Colombia,22.836764482901692,1993-11-01,23.220325706945957,-0.3835612240442643,-0.3895412003062709
tmean,1993,12,Colombia,23.309726910878982,1993-12-01,23.383445006497883,-0.07371809561890075,-0.3686031744197355
tmean,1994,1,Colombia,23.862065489960614,1994-01-01,23.895152205879107,-0.033086715918493326,-0.31115213110743767
tmean,1994,2,Colombia,23.571686332168515,1994-02-01,24.282198769260084,-0.7105124370915696,-0.31182262299104835
tmean,1994,3,Colombia,23.260987778965227,1994-03-01,24.05807393986415,-0.7970861608989246,-0.294419705196072
tmean,1994,4,Colombia,22.93614254774524,1994-04-01,23.542525731454077,-0.6063831837088358,-0.3099448859945717
tmean,1994,5,Colombia,22.934323087065273,1994-05-01,23.169908887476023,-0.2355858004107496,-0.3285820081036362
tmean,1994,6,Colombia,22.390288313732622,1994-06-01,22.78401830649656,-0.3937299927639373,-0.3632806767968881
tmean,1994,7,Colombia,22.214491735896697,1994-07-01,22.62673653953249,-0.41224480363579374,-0.39480198943388345
tmean,1994,8,Colombia,22.62146178630506,1994-08-01,23.04491278075498,-0.4234509944499223,-0.4046759164622209
tmean,1994,9,Colombia,23.058143280934463,1994-09-01,23.32469301395566,-0.266549733021197,-0.3819713313587731
tmean,1994,10,Colombia,22.893391699487623,1994-10-01,23.323919362485867,-0.4305276629982444,-0.3972030670467361
tmean,1994,11,Colombia,22.98226160368795,1994-11-01,23.220325706945957,-0.23806410325800798,-0.3850783069812147
tmean,1994,12,Colombia,23.51706554315142,1994-12-01,23.383445006497883,0.13362053665353812,-0.36780008762517813
tmean,1995,1,Colombia,24.08555771874865,1995-01-01,23.895152205879107,0.19040551286954255,-0.3491757352261751
tmean,1995,2,Colombia,25.072700146227618,1995-02-01,24.282198769260084,0.7905013769675335,-0.22409125072124988
tmean,1995,3,Colombia,23.996895714569803,1995-03-01,24.05807393986415,-0.061178225294348465,-0.16276558942086852
tmean,1995,4,Colombia,23.76714054213493,1995-04-01,23.542525731454077,0.2246148106808512,-0.09351575655506128
tmean,1995,5,Colombia,23.13589580936121,1995-05-01,23.169908887476023,-0.03401307811481402,-0.07671802969706665
tmean,1995,6,Colombia,22.73122444715771,1995-06-01,22.78401830649656,-0.05279385933884839,-0.04830668524497591
tmean,1995,7,Colombia,22.593413129974692,1995-07-01,22.62673653953249,-0.033323409557798556,-0.016729902405142976
tmean,1995,8,Colombia,23.077450538141875,1995-08-01,23.04491278075498,0.03253775738689413,0.02126916024792506
tmean,1995,9,Colombia,23.22841063366219,1995-09-01,23.32469301395566,-0.09628238029347003,0.03545810630856897
tmean,1995,10,Colombia,23.02846049475154,1995-10-01,23.323919362485867,-0.29545886773432883,0.046713839247228606
tmean,1995,11,Colombia,23.095706532877173,1995-11-01,23.220325706945957,-0.12461917406878342,0.05616758334633065
tmean,1995,12,Colombia,23.220097608427167,1995-12-01,23.383445006497883,-0.16334739807071585,0.03142025545264282
tmean,1996,1,Colombia,23.568823965893674,1996-01-01,23.895152205879107,-0.3263282399854326,-0.011640890618605107
tmean,1996,2,Colombia,23.141152025941416,1996-02-01,24.282198769260084,-1.1410467433186682,-0.17260323397578858
tmean,1996,3,Colombia,23.849969451458957,1996-03-01,24.05807393986415,-0.20810448840519413,-0.1848470892350257
tmean,1996,4,Colombia,23.520515289663187,1996-04-01,23.542525731454077,-0.022010441790889956,-0.2053991936076708
tmean,1996,5,Colombia,22.786882181757157,1996-05-01,23.169908887476023,-0.38302670571886566,-0.23448366257467512
tmean,1996,6,Colombia,22.373329213542792,1996-06-01,22.78401830649656,-0.410689092953767,-0.26430826537591834
tmean,1996,7,Colombia,22.119549561486156,1996-07-01,22.62673653953249,-0.5071869780463345,-0.30379689608329635
tmean,1996,8,Colombia,22.696318206355905,1996-08-01,23.04491278075498,-0.34859457439907615,-0.3355579237321272
tmean,1996,9,Colombia,23.036160343358528,1996-09-01,23.32469301395566,-0.2885326705971316,-0.3515787812574323
tmean,1996,10,Colombia,22.9740421654241,1996-10-01,23.323919362485867,-0.3498771970617689,-0.356113642034719
tmean,1996,11,Colombia,22.954895647890343,1996-11-01,23.220325706945957,-0.265430059055614,-0.3678478824502882
tmean,1996,12,Colombia,22.85638585532228,1996-12-01,23.383445006497883,-0.5270591511756031,-0.3981571952090288
tmean,1997,1,Colombia,23.57040914801424,1997-01-01,23.895152205879107,-0.32474305786486823,-0.3980250966989818
tmean,1997,2,Colombia,23.11203411132362,1997-02-01,24.282198769260084,-1.1701646579364642,-0.4004515895837981
tmean,1997,3,Colombia,24.15508135488574,1997-03-01,24.05807393986415,0.09700741502159005,-0.3750255976315661
tmean,1997,4,Colombia,23.410874565975593,1997-04-01,23.542525731454077,-0.131651165478484,-0.3841623246055323
tmean,1997,5,Colombia,22.929968413559447,1997-05-01,23.169908887476023,-0.23994047391657602,-0.3722384719553415
tmean,1997,6,Colombia,23.008799440600995,1997-06-01,22.78401830649656,0.22478113410443612,-0.3192826197004912
tmean,1997,7,Colombia,23.059571963099778,1997-07-01,22.62673653953249,0.4328354235672869,-0.24094741956602275
tmean,1997,8,Colombia,23.299551508641514,1997-08-01,23.04491278075498,0.2546387278865332,-0.19067797770888864
tmean,1997,9,Colombia,23.639165013120323,1997-09-01,23.32469301395566,0.3144719991646632,-0.1404275885620724
tmean,1997,10,Colombia,23.964208770610966,1997-10-01,23.323919362485867,0.6402894081250992,-0.05791370479650008
tmean,1997,11,Colombia,23.59029861068668,1997-11-01,23.220325706945957,0.3699729037407238,-0.004963457896805264
tmean,1997,12,Colombia,24.27332310925831,1997-12-01,23.383445006497883,0.8898781027604272,0.11311464659786392
tmean,1998,1,Colombia,25.105004355182537,1998-01-01,23.895152205879107,1.2098521493034298,0.24099758052855544
tmean,1998,2,Colombia,25.08067291028049,1998-02-01,24.282198769260084,0.7984741410204066,0.4050508137749613
tmean,1998,3,Colombia,24.931511992440107,1998-03-01,24.05807393986415,0.8734380525759562,0.4697533669044918
tmean,1998,4,Colombia,24.22701845005012,1998-04-01,23.542525731454077,0.6844927185960437,0.5377653572440358
tmean,1998,5,Colombia,23.63093480853874,1998-05-01,23.169908887476023,0.461025921062717,0.5961792234923102
tmean,1998,6,Colombia,22.872099107119507,1998-06-01,22.78401830649656,0.08808080062294721,0.5847875290355194
tmean,1998,7,Colombia,22.740357931703105,1998-07-01,22.62673653953249,0.1136213921706144,0.5581863597524634
tmean,1998,8,Colombia,23.31134141888784,1998-08-01,23.04491278075498,0.266428638132858,0.5591688522729905
tmean,1998,9,Colombia,23.300356722494538,1998-09-01,23.32469301395566,-0.024336291461121817,0.5309348280541751
tmean,1998,10,Colombia,23.395486089359515,1998-10-01,23.323919362485867,0.07156672687364818,0.48354127128322083
tmean,1998,11,Colombia,23.101575456715768,1998-11-01,23.220325706945957,-0.11875025023018893,0.44281434178564477
tmean,1998,12,Colombia,23.025719892868437,1998-12-01,23.383445006497883,-0.3577251136294457,0.3388474070864887
tmean,1999,1,Colombia,22.957987377214682,1999-01-01,23.895152205879107,-0.9371648286644252,0.15992932558916748
tmean,1999,2,Colombia,22.87644798094565,1999-02-01,24.282198769260084,-1.4057507883144353,-0.023756085188736027
tmean,1999,3,Colombia,23.370720863960265,1999-03-01,24.05807393986415,-0.6873530759038857,-0.1538220125620562
tmean,1999,4,Colombia,22.63250240231186,1999-04-01,23.542525731454077,-0.9100233291422164,-0.28669834987357784
tmean,1999,5,Colombia,22.613204610143757,1999-05-01,23.169908887476023,-0.5567042773322655,-0.3715091997398264
tmean,1999,6,Colombia,22.43975780881751,1999-06-01,22.78401830649656,-0.3442604976790484,-0.4075376412649927
tmean,1999,7,Colombia,22.21251550545297,1999-07-01,22.62673653953249,-0.41422103407952093,-0.45152451011917066
tmean,1999,8,Colombia,22.44444843402798,1999-08-01,23.04491278075498,-0.6004643467270014,-0.5237655921908256
tmean,1999,9,Colombia,22.72589956505319,1999-09-01,23.32469301395566,-0.5987934489024695,-0.5716370219776046
tmean,1999,10,Colombia,22.763499588929776,1999-10-01,23.323919362485867,-0.5604197735560916,-0.6243025636800829
tmean,1999,11,Colombia,22.94834389595659,1999-11-01,23.220325706945957,-0.2719818109893666,-0.6370718604100144
tmean,1999,12,Colombia,22.897816239044552,1999-12-01,23.383445006497883,-0.4856287674533313,-0.6477304982286715
tmean,2000,1,Colombia,23.373507680546542,2000-01-01,23.895152205879107,-0.5216445253325652,-0.6131038062843498
tmean,2000,2,Colombia,23.487531517052695,2000-02-01,24.282198769260084,-0.7946672522073897,-0.5621801782754293
tmean,2000,3,Colombia,23.5664939253035,2000-03-01,24.05807393986415,-0.49158001456065037,-0.5458657564968264
tmean,2000,4,Colombia,22.86732151900146,2000-04-01,23.542525731454077,-0.6752042124526163,-0.5262974967726931
tmean,2000,5,Colombia,22.592906795476257,2000-05-01,23.169908887476023,-0.5770020919997663,-0.5279889813283182
tmean,2000,6,Colombia,22.319242796872306,2000-06-01,22.78401830649656,-0.4647755096242534,-0.5380318989904186
tmean,2000,7,Colombia,22.08221618445974,2000-07-01,22.62673653953249,-0.544520355072752,-0.5488901757398544
tmean,2000,8,Colombia,22.648452024158306,2000-08-01,23.04491278075498,-0.39646075659667446,-0.5318898765623272
tmean,2000,9,Colombia,22.664178162368202,2000-09-01,23.32469301395566,-0.6605148515874575,-0.5370333267860762
tmean,2000,10,Colombia,22.785975207169116,2000-10-01,23.323919362485867,-0.537944155316751,-0.5351603585994645
tmean,2000,11,Colombia,23.012035148143692,2000-11-01,23.220325706945957,-0.20829055880226477,-0.5298527542505393
tmean,2000,12,Colombia,22.803949516549178,2000-12-01,23.383445006497883,-0.5794954899487053,-0.5376749811251539
tmean,2001,1,Colombia,22.940466435242055,2001-01-01,23.895152205879107,-0.9546857706370524,-0.5737617515671944
tmean,2001,2,Colombia,23.817030250442915,2001-02-01,24.282198769260084,-0.46516851881716903,-0.5463035237846761
tmean,2001,3,Colombia,23.610442146544266,2001-03-01,24.05807393986415,-0.4476317933198857,-0.5426411720146124
tmean,2001,4,Colombia,23.511407674243657,2001-04-01,23.542525731454077,-0.031118057210420602,-0.48896732574442936
tmean,2001,5,Colombia,23.0224410293542,2001-05-01,23.169908887476023,-0.1474678581218214,-0.4531728062546006
tmean,2001,6,Colombia,22.166360940390632,2001-06-01,22.78401830649656,-0.6176573661059273,-0.4659129609614068
tmean,2001,7,Colombia,22.38937389895094,2001-07-01,22.62673653953249,-0.23736264058155143,-0.44031648475380675
tmean,2001,8,Colombia,23.01058641312251,2001-08-01,23.04491278075498,-0.03432636763247032,-0.4101386190067897
tmean,2001,9,Colombia,22.821410293948876,2001-09-01,23.32469301395566,-0.5032827200067835,-0.39703594137506687
tmean,2001,10,Colombia,23.326344724446397,2001-10-01,23.323919362485867,0.0024253619605296706,-0.35200514826862683
tmean,2001,11,Colombia,23.120494126913417,2001-11-01,23.220325706945957,-0.09983158003253934,-0.3429669000378164
tmean,2001,12,Colombia,23.13411314512516,2001-12-01,23.383445006497883,-0.249331861372724,-0.3154532643231513
tmean,2002,1,Colombia,23.80027050371074,2002-01-01,23.895152205879107,-0.09488170216836878,-0.2438029252840943
tmean,2002,2,Colombia,24.33747252129932,2002-02-01,24.282198769260084,0.055273752039234125,-0.2004327360460607
tmean,2002,3,Colombia,24.062356635689262,2002-03-01,24.05807393986415,0.004282695825111205,-0.16277319528397763
tmean,2002,4,Colombia,23.18544823123927,2002-04-01,23.542525731454077,-0.3570775002148068,-0.1899364822010098
tmean,2002,5,Colombia,23.235888270425374,2002-05-01,23.169908887476023,0.0659793829493509,-0.17214921211174547
tmean,2002,6,Colombia,22.499765073898327,2002-06-01,22.78401830649656,-0.2842532325982319,-0.14436553431943752
tmean,2002,7,Colombia,22.68056550333426,2002-07-01,22.62673653953249,0.05382896380177016,-0.12009956728749405
tmean,2002,8,Colombia,23.00345596292718,2002-08-01,23.04491278075498,-0.04145681782780031,-0.12069377147043821
tmean,2002,9,Colombia,23.23085297684734,2002-09-01,23.32469301395566,-0.09384003710831834,-0.08657354789556611
tmean,2002,10,Colombia,23.275233623653467,2002-10-01,23.323919362485867,-0.04868573883240046,-0.09083280629497696
tmean,2002,11,Colombia,23.08759882658239,2002-11-01,23.220325706945957,-0.13272688036356683,-0.09357408132256258
tmean,2002,12,Colombia,23.646295001196275,2002-12-01,23.383445006497883,0.2628499946983922,-0.0508922599833029
tmean,2003,1,Colombia,24.752695772183145,2003-01-01,23.895152205879107,0.857543566304038,0.028476512389397673
tmean,2003,2,Colombia,24.765560901408964,2003-02-01,24.282198769260084,0.4833621321488799,0.06415054406520149
tmean,2003,3,Colombia,24.262717234894538,2003-03-01,24.05807393986415,0.2046432950303867,0.08084726066564112
tmean,2003,4,Colombia,23.447442427764962,2003-04-01,23.542525731454077,-0.09508330368911544,0.1026801103761154
tmean,2003,5,Colombia,23.0291909894832,2003-05-01,23.169908887476023,-0.14071789799282186,0.08545533696426766
tmean,2003,6,Colombia,22.608354603151763,2003-06-01,22.78401830649656,-0.17566370334479586,0.094504464402054
tmean,2003,7,Colombia,22.425100840197196,2003-07-01,22.62673653953249,-0.20163569933529502,0.07321574247396523
tmean,2003,8,Colombia,22.78993341224866,2003-08-01,23.04491278075498,-0.2549793685063193,0.055422196584088645
tmean,2003,9,Colombia,22.986627465226093,2003-09-01,23.32469301395566,-0.33806554872956696,0.03507007061565126
tmean,2003,10,Colombia,23.16910202844593,2003-10-01,23.323919362485867,-0.15481733403993658,0.026225771015023252
tmean,2003,11,Colombia,23.176024569307415,2003-11-01,23.220325706945957,-0.04430113763854138,0.03359458290877537
tmean,2003,12,Colombia,23.141810052356437,2003-12-01,23.383445006497883,-0.2416349541414462,-0.008445829494544496
tmean,2004,1,Colombia,24.06793578835363,2004-01-01,23.895152205879107,0.17278358247452275,-0.06550916148033743
tmean,2004,2,Colombia,24.7176279068816,2004-02-01,24.282198769260084,0.43542913762151514,-0.06950357769095117
tmean,2004,3,Colombia,24.30262476055123,2004-03-01,24.05807393986415,0.24455082068707767,-0.06617795055289359
tmean,2004,4,Colombia,23.665379074833336,2004-04-01,23.542525731454077,0.12285334337925846,-0.04801656329719576
tmean,2004,5,Colombia,22.89120066505647,2004-05-01,23.169908887476023,-0.27870822241955295,-0.05951575699942335
tmean,2004,6,Colombia,22.537863310860892,2004-06-01,22.78401830649656,-0.246154995635667,-0.06539003135699595
tmean,2004,7,Colombia,22.360368310441316,2004-07-01,22.62673653953249,-0.2663682290911744,-0.07078440883665256
tmean,2004,8,Colombia,22.852417313642267,2004-08-01,23.04491278075498,-0.19249546711271392,-0.06557741705385212
tmean,2004,9,Colombia,23.00479768656749,2004-09-01,23.32469301395566,-0.3198953273881706,-0.06406323194206909
tmean,2004,10,Colombia,23.242412524373258,2004-10-01,23.323919362485867,-0.08150683811260961,-0.057954023948125176
tmean,2004,11,Colombia,23.102756568034554,2004-11-01,23.220325706945957,-0.11756913891140286,-0.06405969072086364
tmean,2004,12,Colombia,23.32225650282943,2004-12-01,23.383445006497883,-0.061188503668454075,-0.04902248651478095
tmean,2005,1,Colombia,23.833183909830993,2005-01-01,23.895152205879107,-0.06196829604811427,-0.06858514305833403
tmean,2005,2,Colombia,24.13470492813952,2005-02-01,24.282198769260084,-0.14749384112056418,-0.11716205795350731
tmean,2005,3,Colombia,24.543397495766378,2005-03-01,24.05807393986415,0.48532355590222664,-0.0970976633522449
tmean,2005,4,Colombia,23.71074232486691,2005-04-01,23.542525731454077,0.1682165934128328,-0.0933173925161137
tmean,2005,5,Colombia,23.40841558417908,2005-05-01,23.169908887476023,0.2385066967030589,-0.05021614925589605
tmean,2005,6,Colombia,23.037309150172923,2005-06-01,22.78401830649656,0.2532908436763641,-0.008595662646560124
tmean,2005,7,Colombia,22.892732957152045,2005-07-01,22.62673653953249,0.2659964176195544,0.035768057912667274
tmean,2005,8,Colombia,23.19136634904377,2005-08-01,23.04491278075498,0.14645356828878775,0.06401381086279241
tmean,2005,9,Colombia,23.47669572033635,2005-09-01,23.32469301395566,0.15200270638069213,0.10333864701019764
tmean,2005,10,Colombia,23.339399983517243,2005-10-01,23.323919362485867,0.015480621031375819,0.11142093527219643
tmean,2005,11,Colombia,23.11629270853612,2005-11-01,23.220325706945957,-0.10403299840983848,0.11254894698066013
tmean,2005,12,Colombia,23.195747484388388,2005-12-01,23.383445006497883,-0.1876975221094952,0.10200652877724004
tmean,2006,1,Colombia,23.241173169537667,2006-01-01,23.895152205879107,-0.6539790363414397,0.052672300419462914
tmean,2006,2,Colombia,24.09985224442465,2006-02-01,24.282198769260084,-0.18234652483543456,0.04976791010989038
tmean,2006,3,Colombia,23.637597265567468,2006-03-01,24.05807393986415,-0.42047667429668323,-0.02571544240668544
tmean,2006,4,Colombia,23.34887536765732,2006-04-01,23.542525731454077,-0.19365036379675615,-0.055871022174151186
tmean,2006,5,Colombia,22.79145860572617,2006-05-01,23.169908887476023,-0.37845028174985273,-0.10728410371189383
tmean,2006,6,Colombia,22.71368683411964,2006-06-01,22.78401830649656,-0.07033147237692106,-0.1342526300496676
tmean,2006,7,Colombia,22.741967027836548,2006-07-01,22.62673653953249,0.11523048830405713,-0.1468164574926257
tmean,2006,8,Colombia,23.302473600090632,2006-08-01,23.04491278075498,0.25756081933565156,-0.13755751990538703
tmean,2006,9,Colombia,23.39515512541886,2006-09-01,23.32469301395566,0.07046211146320047,-0.1443525694818447
tmean,2006,10,Colombia,23.603946929328348,2006-10-01,23.323919362485867,0.280027566842481,-0.12230699066425259
tmean,2006,11,Colombia,23.140297995321845,2006-11-01,23.220325706945957,-0.08002771162411193,-0.12030655009877537
tmean,2006,12,Colombia,23.366296489004572,2006-12-01,23.383445006497883,-0.017148517493311033,-0.1060941330474267
tmean,2007,1,Colombia,24.40958654707156,2007-01-01,23.895152205879107,0.5144343411924517,-0.008726351586269073
tmean,2007,2,Colombia,25.627435739162504,2007-02-01,24.282198769260084,1.3452369699024196,0.11857227297521877
tmean,2007,3,Colombia,24.163417173967005,2007-03-01,24.05807393986415,0.10534323410285396,0.16239059867518021
tmean,2007,4,Colombia,23.411245530623788,2007-04-01,23.542525731454077,-0.13128020083028957,0.1675881122557191
tmean,2007,5,Colombia,23.018924250493527,2007-05-01,23.169908887476023,-0.1509846369824963,0.18654358265299878
tmean,2007,6,Colombia,22.433258447796348,2007-06-01,22.78401830649656,-0.3507598587002114,0.16317455045939125
tmean,2007,7,Colombia,22.781066735280437,2007-07-01,22.62673653953249,0.1543301957479457,0.16643285941304864
tmean,2007,8,Colombia,22.80508865106286,2007-08-01,23.04491278075498,-0.23982412969212064,0.1249841136607343
tmean,2007,9,Colombia,23.100806043513064,2007-09-01,23.32469301395566,-0.22388697044259587,0.10045502350191793
tmean,2007,10,Colombia,23.025773741722226,2007-10-01,23.323919362485867,-0.29814562076364126,0.05227392453474108
tmean,2007,11,Colombia,23.084740419624936,2007-11-01,23.220325706945957,-0.13558528732102104,0.04764412655999865
tmean,2007,12,Colombia,23.040897022846462,2007-12-01,23.383445006497883,-0.34254798365142136,0.02052750438015612
tmean,2008,1,Colombia,23.537671010938368,2008-01-01,23.895152205879107,-0.35748119494073904,-0.052132123630943106
tmean,2008,2,Colombia,23.695286866426503,2008-02-01,24.282198769260084,-0.586911902833581,-0.21314452969227649
tmean,2008,3,Colombia,23.716095697480196,2008-03-01,24.05807393986415,-0.3419782423839557,-0.2504213193995106
tmean,2008,4,Colombia,23.511797991597284,2008-04-01,23.542525731454077,-0.030727739856793335,-0.24204194765171927
tmean,2008,5,Colombia,22.633751613329693,2008-05-01,23.169908887476023,-0.5361572741463299,-0.27413966741537205
tmean,2008,6,Colombia,22.486289113326006,2008-06-01,22.78401830649656,-0.2977291931705537,-0.26972044528790057
tmean,2008,7,Colombia,22.37830271689681,2008-07-01,22.62673653953249,-0.2484338226356826,-0.3032841134865363
tmean,2008,8,Colombia,22.99617442052587,2008-08-01,23.04491278075498,-0.04873836022911249,-0.28736029936461893
tmean,2008,9,Colombia,23.24940858423951,2008-09-01,23.32469301395566,-0.07528442971614879,-0.2749767543040817
tmean,2008,10,Colombia,23.23354489583041,2008-10-01,23.323919362485867,-0.09037446665545801,-0.2576624914617331
tmean,2008,11,Colombia,23.056873993245237,2008-11-01,23.220325706945957,-0.1634517137007201,-0.25998469366004134
tmean,2008,12,Colombia,23.206117787435762,2008-12-01,23.383445006497883,-0.17732721906212134,-0.246216296610933
tmean,2009,1,Colombia,23.247440218185247,2009-01-01,23.895152205879107,-0.6477119876938602,-0.2704021960070264
tmean,2009,2,Colombia,23.684477878210974,2009-02-01,24.282198769260084,-0.5977208910491107,-0.27130294502498725
tmean,2009,3,Colombia,23.53806809489954,2009-03-01,24.05807393986415,-0.5200058449646114,-0.2861385785733752
tmean,2009,4,Colombia,23.53116233442368,2009-04-01,23.542525731454077,-0.011363397030397238,-0.2845248833378422
tmean,2009,5,Colombia,23.296176455315695,2009-05-01,23.169908887476023,0.12626756783967252,-0.22932281317234202
tmean,2009,6,Colombia,22.756185304922383,2009-06-01,22.78401830649656,-0.027833001574176564,-0.20683146387264392
tmean,2009,7,Colombia,22.873635202301404,2009-07-01,22.62673653953249,0.24689866276891337,-0.16555375675559425
tmean,2009,8,Colombia,23.23710197386086,2009-08-01,23.04491278075498,0.1921891931058788,-0.14547646064434497
tmean,2009,9,Colombia,23.824833013473228,2009-09-01,23.32469301395566,0.5001399995175682,-0.09752442487486856
tmean,2009,10,Colombia,23.67845134530431,2009-10-01,23.323919362485867,0.3545319828184432,-0.06044888741871013
tmean,2009,11,Colombia,23.893052150437242,2009-11-01,23.220325706945957,0.6727264434912854,0.009232625680623663
tmean,2009,12,Colombia,24.059049343525135,2009-12-01,23.383445006497883,0.6756043370272522,0.08031025535473812
tmean,2010,1,Colombia,24.817929206740185,2010-01-01,23.895152205879107,0.9227770008610783,0.21118433773431633
tmean,2010,2,Colombia,25.333005606958146,2010-02-01,24.282198769260084,1.0508068376980617,0.3485616484632474
tmean,2010,3,Colombia,24.78230611304949,2010-03-01,24.05807393986415,0.7242321731853387,0.4522481499757432
tmean,2010,4,Colombia,23.9515369002675,2010-04-01,23.542525731454077,0.4090111688134215,0.48727936379606146
tmean,2010,5,Colombia,23.695173045980503,2010-05-01,23.169908887476023,0.5252641585044806,0.5205290796847954
tmean,2010,6,Colombia,23.03603228708287,2010-06-01,22.78401830649656,0.2520139805863124,0.5438496615315028
tmean,2010,7,Colombia,22.68248388240561,2010-07-01,22.62673653953249,0.055747342873118555,0.52792038487352
tmean,2010,8,Colombia,23.06742970573919,2010-08-01,23.04491278075498,0.022516924984209652,0.5137810291967142
tmean,2010,9,Colombia,23.418114622529494,2010-09-01,23.32469301395566,0.09342160857383419,0.47988782995140306
tmean,2010,10,Colombia,23.484106728427903,2010-10-01,23.323919362485867,0.1601873659420363,0.46369244521170244
tmean,2010,11,Colombia,22.852689688494404,2010-11-01,23.220325706945957,-0.36763601845155236,0.37699557338313266
tmean,2010,12,Colombia,22.837869605900426,2010-12-01,23.383445006497883,-0.5455754005974569,0.27523059524774024
tmean,2011,1,Colombia,23.396329226368934,2011-01-01,23.895152205879107,-0.49882297951017307,0.1567639302168026
tmean,2011,2,Colombia,23.837212487624335,2011-02-01,24.282198769260084,-0.4449862816357495,0.03211450360565168
tmean,2011,3,Colombia,23.325889491266924,2011-03-01,24.05807393986415,-0.7321844485972271,-0.08925354820956215
tmean,2011,4,Colombia,23.014656003248007,2011-04-01,23.542525731454077,-0.5278697282060705,-0.1673269562945198
tmean,2011,5,Colombia,22.829647392712566,2011-05-01,23.169908887476023,-0.3402614947634568,-0.23945409406684792
tmean,2011,6,Colombia,22.86289761650612,2011-06-01,22.78401830649656,0.07887931000956172,-0.25388198328157713
tmean,2011,7,Colombia,22.698107712864807,2011-07-01,22.62673653953249,0.07137117333231657,-0.25257999740997733
tmean,2011,8,Colombia,23.190964203457877,2011-08-01,23.04491278075498,0.14605142270289662,-0.24228545593342007
tmean,2011,9,Colombia,23.306589606628084,2011-09-01,23.32469301395566,-0.018103407327576093,-0.2515792072585376
tmean,2011,10,Colombia,23.05765207801895,2011-10-01,23.323919362485867,-0.2662672844669167,-0.287117094792617
tmean,2011,11,Colombia,22.954439558294503,2011-11-01,23.220325706945957,-0.2658861486514539,-0.27863793897594213
tmean,2011,12,Colombia,22.918550440212453,2011-12-01,23.383445006497883,-0.46489456628543024,-0.2719145361166066
tmean,2012,1,Colombia,23.43365163060264,2012-01-01,23.895152205879107,-0.4615005752764674,-0.26880433576379775
tmean,2012,2,Colombia,23.592722226208416,2012-02-01,24.282198769260084,-0.6894765430516685,-0.28917852421512436
tmean,2012,3,Colombia,23.322910858969088,2012-03-01,24.05807393986415,-0.7351630808950631,-0.28942674357327736
tmean,2012,4,Colombia,23.042401046638627,2012-04-01,23.542525731454077,-0.5001246848154501,-0.287114656624059
tmean,2012,5,Colombia,22.921540738730613,2012-05-01,23.169908887476023,-0.2483681487454099,-0.27945687778922174
tmean,2012,6,Colombia,22.889455560493438,2012-06-01,22.78401830649656,0.10543725399687887,-0.2772437157902787
tmean,2012,7,Colombia,22.622500901264072,2012-07-01,22.62673653953249,-0.004235638268418995,-0.28354428342367327
tmean,2012,8,Colombia,22.93679953057168,2012-08-01,23.04491278075498,-0.10811325018330109,-0.3047246728308564
tmean,2012,9,Colombia,23.395883228638336,2012-09-01,23.32469301395566,0.07119021468267661,-0.2972835376633354
tmean,2012,10,Colombia,23.339551008205017,2012-10-01,23.323919362485867,0.0156316457191501,-0.2737919601478298
tmean,2012,11,Colombia,23.6618433415199,2012-11-01,23.220325706945957,0.44151763457394466,-0.21484164487904658
tmean,2012,12,Colombia,23.636372252306177,2012-12-01,23.383445006497883,0.2529272458082943,-0.15502316053790288
tmean,2013,1,Colombia,24.518023531003568,2013-01-01,23.895152205879107,0.6228713251244606,-0.06465883550449221
tmean,2013,2,Colombia,24.15114721961045,2013-02-01,24.282198769260084,-0.13105154964963361,-0.018123419387655975
tmean,2013,3,Colombia,23.96038769239735,2013-03-01,24.05807393986415,-0.09768624746680032,0.03499965006469926
tmean,2013,4,Colombia,23.864093374092608,2013-04-01,23.542525731454077,0.32156764263853077,0.10347401068586433
tmean,2013,5,Colombia,23.119222947866565,2013-05-01,23.169908887476023,-0.05068593960945833,0.1199475281138603
tmean,2013,6,Colombia,23.047878367420452,2013-06-01,22.78401830649656,0.2638600609238928,0.13314942869111146
tmean,2013,7,Colombia,22.521896005378316,2013-07-01,22.62673653953249,-0.10484053415417449,0.1247656873672985
tmean,2013,8,Colombia,22.653708654305643,2013-08-01,23.04491278075498,-0.3912041264493382,0.1011747810117954
tmean,2013,9,Colombia,23.26669379227594,2013-09-01,23.32469301395566,-0.057999221679718715,0.09040899464826246
tmean,2013,10,Colombia,23.42426364258703,2013-10-01,23.323919362485867,0.10034428010116159,0.09746838084676342
tmean,2013,11,Colombia,23.117869146045756,2013-11-01,23.220325706945957,-0.10245656090020105,0.05213719789058461
tmean,2013,12,Colombia,23.394847304649332,2013-12-01,23.383445006497883,0.011402298151448775,0.03201011891918082
tmean,2014,1,Colombia,24.04982418714453,2014-01-01,23.895152205879107,0.15467198126542314,-0.007006493069072306
tmean,2014,2,Colombia,24.506084327591296,2014-02-01,24.282198769260084,0.2238855583312116,0.022571599262664794
tmean,2014,3,Colombia,24.080331222425855,2014-03-01,24.05807393986415,0.022257282561703562,0.03256689343170679
tmean,2014,4,Colombia,23.71041576980202,2014-04-01,23.542525731454077,0.16789003834794158,0.01976042640749102
tmean,2014,5,Colombia,23.370828979316173,2014-05-01,23.169908887476023,0.2009200918401497,0.04072759569495835
tmean,2014,6,Colombia,23.018045637722206,2014-06-01,22.78401830649656,0.23402733122564712,0.03824153488677121
tmean,2014,7,Colombia,22.953445601462555,2014-07-01,22.62673653953249,0.3267090619300639,0.07420400122712441
tmean,2014,8,Colombia,23.028824035832283,2014-08-01,23.04491278075498,-0.01608874492269763,0.10546361635434447
tmean,2014,9,Colombia,23.499659969354994,2014-09-01,23.32469301395566,0.17496695539933427,0.12487746444426555
tmean,2014,10,Colombia,23.280870531684158,2014-10-01,23.323919362485867,-0.04304883080170896,0.112928038535693
tmean,2014,11,Colombia,23.319402316837706,2014-11-01,23.220325706945957,0.09907660989174971,0.12972246943502222
tmean,2014,12,Colombia,23.630352514054422,2014-12-01,23.383445006497883,0.24690750755653923,0.1493479035521131
tmean,2015,1,Colombia,23.57517858310388,2015-01-01,23.895152205879107,-0.3199736227752261,0.10979410321539233
tmean,2015,2,Colombia,24.10710707752885,2015-02-01,24.282198769260084,-0.17509169173123595,0.0765459990435217
tmean,2015,3,Colombia,24.151757612439,2015-03-01,24.05807393986415,0.09368367257484778,0.08249819821128372
tmean,2015,4,Colombia,23.63975993131192,2015-04-01,23.542525731454077,0.09723419985784432,0.07661021167044228
tmean,2015,5,Colombia,23.615072651419872,2015-05-01,23.169908887476023,0.4451637639438495,0.09696385101241727
tmean,2015,6,Colombia,23.102840846491002,2015-06-01,22.78401830649656,0.3188225399944429,0.10403011840981691
tmean,2015,7,Colombia,23.106170553416224,2015-07-01,22.62673653953249,0.47943401388373275,0.11675719773928932
tmean,2015,8,Colombia,23.63970223611737,2015-08-01,23.04491278075498,0.5947894553623883,0.16766371442971315
tmean,2015,9,Colombia,24.377612615050417,2015-09-01,23.32469301395566,1.0529196010947572,0.24082643490433173
tmean,2015,10,Colombia,24.126302248942515,2015-10-01,23.323919362485867,0.8023828864566482,0.3112790780091948
tmean,2015,11,Colombia,23.673051817397496,2015-11-01,23.220325706945957,0.45272611045153965,0.34074986972251065
tmean,2015,12,Colombia,24.13075296276661,2015-12-01,23.383445006497883,0.7473079562687275,0.382449907115193
tmean,2016,1,Colombia,25.580424014036765,2016-01-01,23.895152205879107,1.6852718081576583,0.5495536930262667
tmean,2016,2,Colombia,25.37327945682345,2016-02-01,24.282198769260084,1.091080687563366,0.6550680579674836
tmean,2016,3,Colombia,25.36698726165357,2016-03-01,24.05807393986415,1.3089133217894187,0.7563371954020311
tmean,2016,4,Colombia,24.2097032460176,2016-04-01,23.542525731454077,0.667177514563523,0.8038324716275044
tmean,2016,5,Colombia,23.618373852942504,2016-05-01,23.169908887476023,0.4484649654664814,0.8041075717543903
tmean,2016,6,Colombia,22.952598340153372,2016-06-01,22.78401830649656,0.16858003365681284,0.7915873628929212
tmean,2016,7,Colombia,22.790137727463463,2016-07-01,22.62673653953249,0.16340118793097247,0.7652512940635244
tmean,2016,8,Colombia,23.61726306274317,2016-08-01,23.04491278075498,0.5723502819881894,0.7633813629490079
tmean,2016,9,Colombia,23.49480187852945,2016-09-01,23.32469301395566,0.17010886457379115,0.6898138015722607
tmean,2016,10,Colombia,23.648585811437467,2016-10-01,23.323919362485867,0.3246664489516,0.65000409844684
tmean,2016,11,Colombia,23.595647217316937,2016-11-01,23.220325706945957,0.3753215103709806,0.6435537151067935
tmean,2016,12,Colombia,23.30135329552409,2016-12-01,23.383445006497883,-0.08209171097379198,0.5744370761699168
tmean,2017,1,Colombia,23.389796872824423,2017-01-01,23.895152205879107,-0.505355333054684,0.3918848144022216
tmean,2017,2,Colombia,24.524439055765487,2017-02-01,24.282198769260084,0.2422402865054032,0.32114811431405804
tmean,2017,3,Colombia,23.848942225618394,2017-03-01,24.05807393986415,-0.20913171424575694,0.19464436131112675
tmean,2017,4,Colombia,24.080388402794302,2017-04-01,23.542525731454077,0.5378626713402248,0.1838681243758519
tmean,2017,5,Colombia,23.667450966060645,2017-05-01,23.169908887476023,0.4975420785846225,0.18795788380236367
tmean,2017,6,Colombia,23.237890263604104,2017-06-01,22.78401830649656,0.4538719571075447,0.21173221075659132
tmean,2017,7,Colombia,22.89646888229077,2017-07-01,22.62673653953249,0.26973234275827807,0.22059314032553345
tmean,2017,8,Colombia,23.819607478197934,2017-08-01,23.04491278075498,0.7746946974429534,0.2374551749467638
tmean,2017,9,Colombia,23.98558649053944,2017-09-01,23.32469301395566,0.6608934765837802,0.27835389261426285
tmean,2017,10,Colombia,23.78394008864123,2017-10-01,23.323919362485867,0.4600207261553635,0.2896334157145765
tmean,2017,11,Colombia,23.579900523867074,2017-11-01,23.220325706945957,0.3595748169211177,0.2883211912604213
tmean,2017,12,Colombia,24.038733031569592,2017-12-01,23.383445006497883,0.6552880250717088,0.3497695025975463
tmean,2018,1,Colombia,23.434657626559883,2018-01-01,23.895152205879107,-0.46049457931922433,0.353507898742168
tmean,2018,2,Colombia,24.87010880200394,2018-02-01,24.282198769260084,0.5879100327438564,0.38231371092870575
tmean,2018,3,Colombia,24.5888832154584,2018-03-01,24.05807393986415,0.5308092755942475,0.4439754600820394
tmean,2018,4,Colombia,23.283705366004884,2018-04-01,23.542525731454077,-0.25882036544919274,0.37758520701625464
tmean,2018,5,Colombia,23.011605998008523,2018-05-01,23.169908887476023,-0.1583028894674996,0.3229314596785778
tmean,2018,6,Colombia,22.709148121450234,2018-06-01,22.78401830649656,-0.07487018504632559,0.2788696144990886
tmean,2018,7,Colombia,22.91502346752199,2018-07-01,22.62673653953249,0.28828692798949973,0.28041582993502373
tmean,2018,8,Colombia,23.25341956120963,2018-08-01,23.04491278075498,0.20850678045464832,0.23323350351933167
tmean,2018,9,Colombia,23.72328684016519,2018-09-01,23.32469301395566,0.398593826209531,0.21137519932147755
tmean,2018,10,Colombia,23.569783153543888,2018-10-01,23.323919362485867,0.2458637910580208,0.19352878806336568
tmean,2018,11,Colombia,23.715830342285628,2018-11-01,23.220325706945957,0.49550463533967104,0.20485627293157846
tmean,2018,12,Colombia,23.769066008439683,2018-12-01,23.383445006497883,0.38562100194180005,0.18238402100408604
tmean,2019,1,Colombia,24.360445241924378,2019-01-01,23.895152205879107,0.4652930360452707,0.2595329889511273
tmean,2019,2,Colombia,24.88245892320051,2019-02-01,24.282198769260084,0.6002601539404253,0.26056216571750807
tmean,2019,3,Colombia,24.622937908825214,2019-03-01,24.05807393986415,0.5648639689610633,0.2634000568314094
tmean,2019,4,Colombia,24.24425511175846,2019-04-01,23.542525731454077,0.701729380304382,0.3434458689775406
tmean,2019,5,Colombia,23.703154118670355,2019-05-01,23.169908887476023,0.5332452311943321,0.40107487903269323
tmean,2019,6,Colombia,23.262006713110637,2019-06-01,22.78401830649656,0.4779884066140774,0.44714642833772683
tmean,2019,7,Colombia,23.142593982473997,2019-07-01,22.62673653953249,0.5158574429415062,0.4661106379170607
tmean,2019,8,Colombia,23.55288252025469,2019-08-01,23.04491278075498,0.5079697394997105,0.4910658845041492
tmean,2019,9,Colombia,24.303682952140637,2019-09-01,23.32469301395566,0.9789899381849771,0.5394322271687697
tmean,2019,10,Colombia,23.459788277353788,2019-10-01,23.323919362485867,0.1358689148679204,0.5302659874862613
tmean,2019,11,Colombia,23.723691399733056,2019-11-01,23.220325706945957,0.5033656927870993,0.5309210756068804
tmean,2019,12,Colombia,23.95539904866036,2019-12-01,23.383445006497883,0.5719540421624778,0.5464488289586035
tmean,2020,1,Colombia,24.73758748961056,2020-01-01,23.895152205879107,0.8424352837314544,0.5778773495991189
tmean,2020,2,Colombia,25.516055637930204,2020-02-01,24.282198769260084,1.2338568686701201,0.6306770758265934
tmean,2020,3,Colombia,25.45173960261281,2020-03-01,24.05807393986415,1.3936656627486599,0.6997438836422264
tmean,2020,4,Colombia,24.496983681752457,2020-04-01,23.542525731454077,0.9544579502983801,0.7208045978083929
tmean,2020,5,Colombia,23.908843058297045,2020-05-01,23.169908887476023,0.7389341708210218,0.7379453427772837
tmean,2020,6,Colombia,23.424786206597034,2020-06-01,22.78401830649656,0.6407679001004745,0.7515103005678169
tmean,2020,7,Colombia,23.104255314333134,2020-07-01,22.62673653953249,0.4775187748006431,0.7483154115560783
tmean,2020,8,Colombia,23.428723693615467,2020-08-01,23.04491278075498,0.3838109128604863,0.7379688426694763
tmean,2020,9,Colombia,23.80217604259853,2020-09-01,23.32469301395566,0.47748302864286885,0.6961766002076338
tmean,2020,10,Colombia,23.91940505708754,2020-10-01,23.323919362485867,0.595485694601674,0.73447799851878
tmean,2020,11,Colombia,23.426715648592122,2020-11-01,23.220325706945957,0.2063899416461652,0.7097300192570355
tmean,2020,12,Colombia,23.44727523580732,2020-12-01,23.383445006497883,0.06383022930943838,0.6673863681859489
tmean,2021,1,Colombia,23.716857369446398,2021-01-01,23.895152205879107,-0.17829483643270905,0.5823255248389353
tmean,2021,2,Colombia,24.94199781260272,2021-02-01,24.282198769260084,0.6597990433426375,0.5344873727283117
tmean,2021,3,Colombia,23.818598786428932,2021-03-01,24.05807393986415,-0.23947515343521886,0.3983923047129885
tmean,2021,4,Colombia,23.52182473943161,2021-04-01,23.542525731454077,-0.02070099202246567,0.31712905951958464
tmean,2021,5,Colombia,23.13746761532207,2021-05-01,23.169908887476023,-0.032441272153953093,0.2528477726050034
tmean,2021,6,Colombia,22.92040777056252,2021-06-01,22.78401830649656,0.1363894640659602,0.2108162362687939
tmean,2021,7,Colombia,22.70838868349042,2021-07-01,22.62673653953249,0.0816521439579283,0.17782735036523434
tmean,2021,8,Colombia,23.19246736319277,2021-08-01,23.04491278075498,0.14755458243778818,0.1581393228300095
tmean,2021,9,Colombia,23.54339699879658,2021-09-01,23.32469301395566,0.21870398484092135,0.13657440251318054
tmean,2021,10,Colombia,23.719968431587958,2021-10-01,23.323919362485867,0.3960490691020908,0.1199546837215486
tmean,2021,11,Colombia,23.588210024637874,2021-11-01,23.220325706945957,0.3678843176919173,0.13341254839202796
tmean,2021,12,Colombia,24.091914006291898,2021-12-01,23.383445006497883,0.7084689997940146,0.1871324459324093
tmean,2022,1,Colombia,24.314833628667657,2022-01-01,23.895152205879107,0.4196814227885497,0.2369638008675142
tmean,2022,2,Colombia,24.16826924429988,2022-02-01,24.282198769260084,-0.1139295249602057,0.17248642017561058
tmean,2022,3,Colombia,23.766420067828545,2022-03-01,24.05807393986415,-0.29165387203560655,0.16813819362557827
tmean,2022,4,Colombia,23.55396944155615,2022-04-01,23.542525731454077,0.011443710102071236,0.17081691880262304
tmean,2022,5,Colombia,23.10581750332109,2022-05-01,23.169908887476023,-0.06409138415493132,0.16817940946920817
tmean,2022,6,Colombia,22.48749311087619,2022-06-01,22.78401830649656,-0.2965251956203687,0.13210318782868077
tmean,2022,7,Colombia,22.897943644884354,2022-07-01,22.62673653953249,0.27120710535186277,0.14789943461150865
tmean,2022,8,Colombia,23.11081645870905,2022-08-01,23.04491278075498,0.06590367795406848,0.14109519257119865
tmean,2022,9,Colombia,23.656820867932918,2022-09-01,23.32469301395566,0.3321278539772585,0.15054718166589343
tmean,2022,10,Colombia,23.498963126381028,2022-10-01,23.323919362485867,0.17504376389516096,0.13213007289864928
tmean,2022,11,Colombia,23.074981802452044,2022-11-01,23.220325706945957,-0.1453439044939131,0.0893610543831634
tmean,2022,12,Colombia,23.580479933204558,2022-12-01,23.383445006497883,0.19703492670667444,0.04674154829255173
tmean,2023,1,Colombia,23.359376728070632,2023-01-01,23.895152205879107,-0.5357754778084747,-0.03287986009053364
tmean,2023,2,Colombia,24.379530102558846,2023-02-01,24.282198769260084,0.09733133329876154,-0.015274788568953035
tmean,2023,3,Colombia,24.051995137870485,2023-03-01,24.05807393986415,-0.006078801993666616,0.00852313393454196
tmean,2023,4,Colombia,23.88083410498324,2023-04-01,23.542525731454077,0.33830837352916276,0.03576185588679959
tmean,2023,5,Colombia,24.108399060933984,2023-05-01,23.169908887476023,0.9384901734579607,0.11931031902120726
tmean,2023,6,Colombia,23.48133804132897,2023-06-01,22.78401830649656,0.697319734832412,0.20213072989227232
tmean,2023,7,Colombia,23.683582999497013,2023-07-01,22.62673653953249,1.0568464599645218,0.2676006761099939
tmean,2023,8,Colombia,24.428392689342434,2023-08-01,23.04491278075498,1.3834799085874536,0.37739869532944265
tmean,2023,9,Colombia,24.940710200751774,2023-09-01,23.32469301395566,1.616017186796114,0.48438947306434726
tmean,2023,10,Colombia,25.002180912214925,2023-10-01,23.323919362485867,1.6782615497290578,0.6096576218838387
tmean,2023,11,Colombia,24.48212962930059,2023-11-01,23.220325706945957,1.261803922354634,0.7269199407878842
tmean,2023,12,Colombia,24.590679072696766,2023-12-01,23.383445006497883,1.2072340661988825,0.811103202412235
tmean,2024,1,Colombia,25.457098536353516,2024-01-01,23.895152205879107,1.5619463304744095,0.9859133531024753
tmean,2024,2,Colombia,25.258329447244467,2024-02-01,24.282198769260084,0.9761306779843828,1.059146631826277
tmean,2024,3,Colombia,25.802570472809393,2024-03-01,24.05807393986415,1.7444965329452415,1.2050279097378527
tmean,2024,4,Colombia,25.02010646313106,2024-04-01,23.542525731454077,1.4775807316769836,1.299967272916838
tmean,2024,5,Colombia,24.205178696021324,2024-05-01,23.169908887476023,1.0352698085453014,1.3080322425074495
tmean,2024,6,Colombia,23.646789321099856,2024-06-01,22.78401830649656,0.8627710146032967,1.3218198491550233
tmean,2024,7,Colombia,23.469197202011404,2024-07-01,22.62673653953249,0.8424606624789135,1.3039543660312225
tmean,2024,8,Colombia,24.145703987758292,2024-08-01,23.04491278075498,1.1007912070033115,1.280396974232544
tmean,2024,9,Colombia,25.02245626851815,2024-09-01,23.32469301395566,1.697763254562492,1.2872091465464088
tmean,2024,10,Colombia,24.700424832446494,2024-10-01,23.323919362485867,1.3765054699606267,1.2620628065657062
tmean,2024,11,Colombia,23.954049663194155,2024-11-01,23.220325706945957,0.7337239562481983,1.2180561427235033
tmean,2024,12,Colombia,24.083321559528883,2024-12-01,23.383445006497883,0.6998765530310003,1.175776349959513
tmean,2025,1,Colombia,24.043586568221905,2025-01-01,23.895152205879107,0.1484343623427975,1.0579836859485454
tmean,2025,2,Colombia,24.190209588697726,2025-02-01,24.282198769260084,-0.09198918056235783,0.9689736977363171
tmean,2025,3,Colombia,24.28290563868086,2025-03-01,24.05807393986415,0.22483169881670761,0.8423349615589393
tmean,2025,4,Colombia,23.87896515855342,2025-04-01,23.542525731454077,0.33643942709934294,0.7472398528441359
tmean,2025,5,Colombia,23.349119867108982,2025-05-01,23.169908887476023,0.17921097963295907,0.6759016171014407
tmean,2025,6,Colombia,22.901994161877727,2025-06-01,22.78401830649656,0.11797585538116806,0.61383535383293
tmean,2025,7,Colombia,22.781728477533107,2025-07-01,22.62673653953249,0.1549919380006166,0.5565462934597386
tmean,2025,8,Colombia,23.242027168378044,2025-08-01,23.04491278075498,0.19711438762306344,0.4812398918447179
tmean,2025,9,Colombia,23.64543368157004,2025-09-01,23.32469301395566,0.32074066761438047,0.36648800959904193
tmean,2025,10,Colombia,23.52691042260477,2025-10-01,23.323919362485867,0.20299106011890444,0.2686951421122317
tmean,2025,11,Colombia,23.56338590041978,2025-11-01,23.220325706945957,0.3430601934738249,0.23613982854770063
tmean,2025,12,Colombia,23.93574712293999,2025-12-01,23.383445006497883,0.5523021164421067,0.22384195883195948
tmean,2026,1,Colombia,23.52459139810297,2026-01-01,23.895152205879107,-0.37056080777613687,0.18059236132204828
tmean,2026,2,Colombia,23.94401826929223,2026-02-01,24.282198769260084,-0.33818049996785504,0.16007641803825687
tmean,2026,3,Colombia,24.790878748204783,2026-03-01,24.05807393986415,0.7328048083406316,0.20240751049858385
tmean,1991,1,Orinoquia,26.36872936740595,1991-01-01,26.262470862724438,0.10625850468151299,
tmean,1991,2,Orinoquia,26.49976390306477,1991-02-01,26.895851910303573,-0.3960880072388022,
tmean,1991,3,Orinoquia,25.563518536501437,1991-03-01,26.296113187300026,-0.732594650798589,
tmean,1991,4,Orinoquia,24.36717103983375,1991-04-01,25.099789375818926,-0.7326183359851761,
tmean,1991,5,Orinoquia,24.239511553611727,1991-05-01,24.43915293379718,-0.19964138018545086,
tmean,1991,6,Orinoquia,23.8223779628914,1991-06-01,23.8238751120589,-0.001497149167498435,
tmean,1991,7,Orinoquia,23.085729406642873,1991-07-01,23.58939986737808,-0.5036704607352078,
tmean,1991,8,Orinoquia,23.56015444042208,1991-08-01,24.217320535881704,-0.6571660954596226,
tmean,1991,9,Orinoquia,24.139284775833197,1991-09-01,24.785664816687472,-0.6463800408542753,
tmean,1991,10,Orinoquia,24.205905119652762,1991-10-01,24.948340108054655,-0.742434988401893,
tmean,1991,11,Orinoquia,24.422526580096513,1991-11-01,24.884977103047326,-0.4624505229508138,
tmean,1991,12,Orinoquia,25.104700456913317,1991-12-01,25.20971589874997,-0.10501544183665246,-0.42277488074437236
tmean,1992,1,Orinoquia,26.105152266984177,1992-01-01,26.262470862724438,-0.15731859574026075,-0.4447396391128535
tmean,1992,2,Orinoquia,27.7279234458364,1992-02-01,26.895851910303573,0.8320715355328261,-0.34239301054855115
tmean,1992,3,Orinoquia,26.461056103589264,1992-03-01,26.296113187300026,0.16494291628923818,-0.26759821329123223
tmean,1992,4,Orinoquia,25.281346150418756,1992-04-01,25.099789375818926,0.1815567745998301,-0.19141695407581505
tmean,1992,5,Orinoquia,24.85292498585956,1992-05-01,24.43915293379718,0.4137720520623809,-0.1402991680551624
tmean,1992,6,Orinoquia,23.98891956549608,1992-06-01,23.8238751120589,0.16504445343717933,-0.12642070117143925
tmean,1992,7,Orinoquia,22.866258111047348,1992-07-01,23.58939986737808,-0.7231417563307332,-0.1447099758043997
tmean,1992,8,Orinoquia,23.603900201963736,1992-08-01,24.217320535881704,-0.6134203339179685,-0.14106449567592852
tmean,1992,9,Orinoquia,24.111181153045695,1992-09-01,24.785664816687472,-0.6744836636417766,-0.14340646424155365
tmean,1992,10,Orinoquia,24.591285327858337,1992-10-01,24.948340108054655,-0.357054780196318,-0.11129144689108905
tmean,1992,11,Orinoquia,24.256582770239778,1992-11-01,24.884977103047326,-0.6283943328075487,-0.12512009771248364
tmean,1992,12,Orinoquia,24.858713717776926,1992-12-01,25.20971589874997,-0.3510021809730439,-0.14561899264051625
tmean,1993,1,Orinoquia,25.305098575425887,1993-01-01,26.262470862724438,-0.9573722872985506,-0.21229013360370708
tmean,1993,2,Orinoquia,25.994188119330826,1993-02-01,26.895851910303573,-0.9016637909727478,-0.35676807747917155
tmean,1993,3,Orinoquia,24.6689993354702,1993-03-01,26.296113187300026,-1.6271138518298258,-0.5061061414890936
tmean,1993,4,Orinoquia,24.600198903917533,1993-04-01,25.099789375818926,-0.49959047190139216,-0.5628684120308621
tmean,1993,5,Orinoquia,24.44018006576951,1993-05-01,24.43915293379718,0.0010271319723322847,-0.5972638220383661
tmean,1993,6,Orinoquia,23.706340122912128,1993-06-01,23.8238751120589,-0.11753498914677252,-0.6208121089203621
tmean,1993,7,Orinoquia,23.528379640394633,1993-07-01,23.58939986737808,-0.06102022698344811,-0.5656353148080884
tmean,1993,8,Orinoquia,23.820477850972534,1993-08-01,24.217320535881704,-0.39684268490917063,-0.5475871773906885
tmean,1993,9,Orinoquia,24.289824342582545,1993-09-01,24.785664816687472,-0.49584047410492715,-0.5327002449292845
tmean,1993,10,Orinoquia,24.490168439578724,1993-10-01,24.948340108054655,-0.4581716684759307,-0.5411266522859188
tmean,1993,11,Orinoquia,24.377827757976767,1993-11-01,24.884977103047326,-0.5071493450705589,-0.5310229033078363
tmean,1993,12,Orinoquia,24.918687110964157,1993-12-01,25.20971589874997,-0.2910287877858124,-0.5260251205422337
tmean,1994,1,Orinoquia,26.739442330409183,1994-01-01,26.262470862724438,0.47697146768474497,-0.40649647429362573
tmean,1994,2,Orinoquia,26.57713216524967,1994-02-01,26.895851910303573,-0.31871974505390455,-0.3579178038003888
tmean,1994,3,Orinoquia,25.210251853201218,1994-03-01,26.296113187300026,-1.0858613340988086,-0.31281342732280404
tmean,1994,4,Orinoquia,24.474776876573852,1994-04-01,25.099789375818926,-0.6250124992450736,-0.3232652629347775
tmean,1994,5,Orinoquia,24.14745886837816,1994-05-01,24.43915293379718,-0.2916940654190192,-0.34765869605072347
tmean,1994,6,Orinoquia,23.448596069550483,1994-06-01,23.8238751120589,-0.37527904250841715,-0.3691373671641938
tmean,1994,7,Orinoquia,22.975172988161574,1994-07-01,23.58939986737808,-0.6142268792165062,-0.41523792151694866
tmean,1994,8,Orinoquia,23.712137862739972,1994-08-01,24.217320535881704,-0.5051826731417322,-0.42426625386966216
tmean,1994,9,Orinoquia,24.29230320532965,1994-09-01,24.785664816687472,-0.4933616113578232,-0.4240596819740701
tmean,1994,10,Orinoquia,24.44163024309629,1994-10-01,24.948340108054655,-0.5067098649583635,-0.42810453168093954
tmean,1994,11,Orinoquia,24.67901155130926,1994-11-01,24.884977103047326,-0.20596555173806763,-0.40300588223656525
tmean,1994,12,Orinoquia,25.227316187835342,1994-12-01,25.20971589874997,0.017600289085372367,-0.37728679249729985
tmean,1995,1,Orinoquia,25.956911957018733,1995-01-01,26.262470862724438,-0.30555890570570554,-0.44249765694650406
tmean,1995,2,Orinoquia,27.706287704988966,1995-02-01,26.895851910303573,0.8104357946853931,-0.3484013619682293
tmean,1995,3,Orinoquia,26.053421564232004,1995-03-01,26.296113187300026,-0.24269162306802272,-0.27813721938233044
tmean,1995,4,Orinoquia,25.706880520190786,1995-04-01,25.099789375818926,0.6070911443718607,-0.17546191574758593
tmean,1995,5,Orinoquia,24.63849103284675,1995-05-01,24.43915293379718,0.199338099049573,-0.13454256870853656
tmean,1995,6,Orinoquia,23.80897289398183,1995-06-01,23.8238751120589,-0.014902218077068596,-0.10451116667259086
tmean,1995,7,Orinoquia,23.74267766337312,1995-07-01,23.58939986737808,0.153277795995038,-0.04055244373829551
tmean,1995,8,Orinoquia,24.642813680634426,1995-08-01,24.217320535881704,0.42549314475272126,0.03700387441957561
tmean,1995,9,Orinoquia,24.81789430304554,1995-09-01,24.785664816687472,0.03222948635806944,0.08080313256256666
tmean,1995,10,Orinoquia,24.749197603902477,1995-10-01,24.948340108054655,-0.19914250415217793,0.10643374596308212
tmean,1995,11,Orinoquia,24.8679419020316,1995-11-01,24.884977103047326,-0.017035201015726642,0.12217794185661053
tmean,1995,12,Orinoquia,25.5057452986064,1995-12-01,25.20971589874997,0.2960293998564296,0.14538036775419863
tmean,1996,1,Orinoquia,26.453767363002147,1996-01-01,26.262470862724438,0.1912965002777085,0.18678498491948314
tmean,1996,2,Orinoquia,25.327861032626465,1996-02-01,26.895851910303573,-1.5679908776771079,-0.011417237777391934
tmean,1996,3,Orinoquia,26.645353441896454,1996-03-01,26.296113187300026,0.3492402545964275,0.037910418694645585
tmean,1996,4,Orinoquia,25.55134700792465,1996-04-01,25.099789375818926,0.4515576321057253,0.02494929267246763
tmean,1996,5,Orinoquia,24.08232053327655,1996-05-01,24.43915293379718,-0.35683240052062715,-0.021398248958382382
tmean,1996,6,Orinoquia,23.46519553110513,1996-06-01,23.8238751120589,-0.35867958095376906,-0.050046362531440756
tmean,1996,7,Orinoquia,23.20179840886355,1996-07-01,23.58939986737808,-0.3876014585145313,-0.09511963374057153
tmean,1996,8,Orinoquia,23.973809072357366,1996-08-01,24.217320535881704,-0.24351146352433872,-0.15087001776365985
tmean,1996,9,Orinoquia,24.40800934286748,1996-09-01,24.785664816687472,-0.377655473819992,-0.18502709777849832
tmean,1996,10,Orinoquia,24.6075872880245,1996-10-01,24.948340108054655,-0.34075282003015417,-0.19682795743499634
tmean,1996,11,Orinoquia,24.448292015245563,1996-11-01,24.884977103047326,-0.43668508780176296,-0.2317987813338327
tmean,1996,12,Orinoquia,24.30522968081337,1996-12-01,25.20971589874997,-0.9044862179366007,-0.3318417494832519
tmean,1997,1,Orinoquia,26.01132301834239,1997-01-01,26.262470862724438,-0.2511478443820465,-0.36871211153823147
tmean,1997,2,Orinoquia,24.804980241437814,1997-02-01,26.895851910303573,-2.090871668865759,-0.4122855108039524
tmean,1997,3,Orinoquia,26.19851210375792,1997-03-01,26.296113187300026,-0.09760108354210573,-0.4495222889821635
tmean,1997,4,Orinoquia,25.033838930918705,1997-04-01,25.099789375818926,-0.06595044490022062,-0.4926479620659923
tmean,1997,5,Orinoquia,23.883859644862614,1997-05-01,24.43915293379718,-0.5552932889345641,-0.5091863694338205
tmean,1997,6,Orinoquia,24.105684720977322,1997-06-01,23.8238751120589,0.2818096089184223,-0.45581227027780447
tmean,1997,7,Orinoquia,23.752189250422045,1997-07-01,23.58939986737808,0.16278938304396462,-0.40994636681459645
tmean,1997,8,Orinoquia,24.081547185452187,1997-08-01,24.217320535881704,-0.13577335042951688,-0.4009681907233613
tmean,1997,9,Orinoquia,24.981525818577474,1997-09-01,24.785664816687472,0.19586100189000177,-0.35317515108086184
tmean,1997,10,Orinoquia,25.518446476897058,1997-10-01,24.948340108054655,0.5701063688424028,-0.27727021867481544
tmean,1997,11,Orinoquia,25.228526526527638,1997-11-01,24.884977103047326,0.3435494234803116,-0.21225067606797587
tmean,1997,12,Orinoquia,26.138315513908882,1997-12-01,25.20971589874997,0.9285996151589124,-0.05949352331001645
tmean,1998,1,Orinoquia,27.56922889504025,1998-01-01,26.262470862724438,1.3067580323158126,0.07033196641480514
tmean,1998,2,Orinoquia,27.107777037007743,1998-02-01,26.895851910303573,0.21192512670416974,0.2622316993789659
tmean,1998,3,Orinoquia,26.885561741748255,1998-03-01,26.296113187300026,0.5894485544482286,0.31948583587816043
tmean,1998,4,Orinoquia,25.51743516737804,1998-04-01,25.099789375818926,0.41764579155911363,0.3597855222497716
tmean,1998,5,Orinoquia,24.740380471876286,1998-05-01,24.43915293379718,0.3012275380791074,0.4311622578342442
tmean,1998,6,Orinoquia,23.851916473792777,1998-06-01,23.8238751120589,0.028041361733876613,0.41001490390219875
tmean,1998,7,Orinoquia,23.808775862012926,1998-07-01,23.58939986737808,0.21937599463484503,0.41473045486810545
tmean,1998,8,Orinoquia,24.64542360266652,1998-08-01,24.217320535881704,0.42810306678481425,0.461720156302633
tmean,1998,9,Orinoquia,24.813399172753297,1998-09-01,24.785664816687472,0.027734356065824528,0.4477096024839516
tmean,1998,10,Orinoquia,24.92364794274147,1998-10-01,24.948340108054655,-0.024692165313183523,0.3981430579709861
tmean,1998,11,Orinoquia,24.73260816378881,1998-11-01,24.884977103047326,-0.15236893925851547,0.35681652774275047
tmean,1998,12,Orinoquia,24.75469955799042,1998-12-01,25.20971589874997,-0.4550163407595491,0.2415151980828787
tmean,1999,1,Orinoquia,24.967226327199075,1999-01-01,26.262470862724438,-1.295244535525363,0.024681650762780727
tmean,1999,2,Orinoquia,24.939825437115545,1999-02-01,26.895851910303573,-1.9560264731880288,-0.15598098256156914
tmean,1999,3,Orinoquia,25.374844213678063,1999-03-01,26.296113187300026,-0.921268973621963,-0.2818741099007518
tmean,1999,4,Orinoquia,23.879801934383984,1999-04-01,25.099789375818926,-1.2199874414349416,-0.41834354598358975
tmean,1999,5,Orinoquia,24.091955269770548,1999-05-01,24.43915293379718,-0.34719766402663055,-0.4723789794924012
tmean,1999,6,Orinoquia,23.713633838647684,1999-06-01,23.8238751120589,-0.1102412734112157,-0.48390253242115894
tmean,1999,7,Orinoquia,23.28522070344747,1999-07-01,23.58939986737808,-0.30417916393060906,-0.5275321289682801
tmean,1999,8,Orinoquia,23.726554138358278,1999-08-01,24.217320535881704,-0.49076639752342643,-0.6041045843273002
tmean,1999,9,Orinoquia,24.333282956016696,1999-09-01,24.785664816687472,-0.45238186067077635,-0.6441142690553502
tmean,1999,10,Orinoquia,24.4383631546298,1999-10-01,24.948340108054655,-0.5099769534248537,-0.684554668064656
tmean,1999,11,Orinoquia,24.831607239460634,1999-11-01,24.884977103047326,-0.053369863586691935,-0.6763047450920041
tmean,1999,12,Orinoquia,24.758199588429026,1999-12-01,25.20971589874997,-0.45151631032094386,-0.676013075888787
tmean,2000,1,Orinoquia,26.113222987040277,2000-01-01,26.262470862724438,-0.14924787568416065,-0.5805133542353534
tmean,2000,2,Orinoquia,26.325095413352763,2000-02-01,26.895851910303573,-0.5707564969508105,-0.4650741895489186
tmean,2000,3,Orinoquia,26.54497232950168,2000-03-01,26.296113187300026,0.24885914220165262,-0.36756351323028397
tmean,2000,4,Orinoquia,24.46974577592075,2000-04-01,25.099789375818926,-0.6300435998981762,-0.31840152643555353
tmean,2000,5,Orinoquia,23.92192064876772,2000-05-01,24.43915293379718,-0.5172322850294577,-0.3325710781857891
tmean,2000,6,Orinoquia,23.308842890051288,2000-06-01,23.8238751120589,-0.515032222007612,-0.3663036572354888
tmean,2000,7,Orinoquia,23.154124798419392,2000-07-01,23.58939986737808,-0.4352750689586884,-0.37722831598782874
tmean,2000,8,Orinoquia,23.74313322224837,2000-08-01,24.217320535881704,-0.4741873136333332,-0.37584672566365435
tmean,2000,9,Orinoquia,24.196348965463866,2000-09-01,24.785664816687472,-0.5893158512236063,-0.38725789154305684
tmean,2000,10,Orinoquia,24.24938390978541,2000-10-01,24.948340108054655,-0.6989561982692436,-0.403006161946756
tmean,2000,11,Orinoquia,24.71581097162265,2000-11-01,24.884977103047326,-0.16916613142467796,-0.4126558509332548
tmean,2000,12,Orinoquia,24.227074953754723,2000-12-01,25.20971589874997,-0.9826409449952465,-0.45691623715611335
tmean,2001,1,Orinoquia,25.09165105831725,2001-01-01,26.262470862724438,-1.1708198044071878,-0.5420472312163657
tmean,2001,2,Orinoquia,26.439769941809818,2001-02-01,26.895851910303573,-0.4560819684937556,-0.532491020511611
tmean,2001,3,Orinoquia,26.023316034265832,2001-03-01,26.296113187300026,-0.27279715303419394,-0.5759623784479316
tmean,2001,4,Orinoquia,25.175673488711904,2001-04-01,25.099789375818926,0.0758841128929788,-0.5171350690486687
tmean,2001,5,Orinoquia,24.398607433902782,2001-05-01,24.43915293379718,-0.04054549989439593,-0.47741117028741353
tmean,2001,6,Orinoquia,23.017161398218168,2001-06-01,23.8238751120589,-0.8067137138407325,-0.5017179612735069
tmean,2001,7,Orinoquia,23.424815431250114,2001-07-01,23.58939986737808,-0.16458443612796714,-0.4791604085376135
tmean,2001,8,Orinoquia,23.999126397690215,2001-08-01,24.217320535881704,-0.21819413819148892,-0.4578276439174598
tmean,2001,9,Orinoquia,24.195417702421075,2001-09-01,24.785664816687472,-0.590247114266397,-0.45790524917102565
tmean,2001,10,Orinoquia,24.848592065478133,2001-10-01,24.948340108054655,-0.09974804257652181,-0.40797123619663217
tmean,2001,11,Orinoquia,24.746875978924145,2001-11-01,24.884977103047326,-0.13810112412318176,-0.4053824855881742
tmean,2001,12,Orinoquia,24.614929573623193,2001-12-01,25.20971589874997,-0.5947863251267762,-0.37306126726580163
tmean,2002,1,Orinoquia,25.644195667790914,2002-01-01,26.262470862724438,-0.6182751949335241,-0.32701588314299634
tmean,2002,2,Orinoquia,27.21687990526849,2002-02-01,26.895851910303573,0.3210279949649184,-0.2622567195214402
tmean,2002,3,Orinoquia,26.024831930938657,2002-03-01,26.296113187300026,-0.27128125636136957,-0.2621303947987048
tmean,2002,4,Orinoquia,24.4550963729002,2002-04-01,25.099789375818926,-0.644693002918725,-0.32217848778301345
tmean,2002,5,Orinoquia,24.222246775362283,2002-05-01,24.43915293379718,-0.21690615843489525,-0.3368752093280551
tmean,2002,6,Orinoquia,23.423829176469976,2002-06-01,23.8238751120589,-0.4000459355889241,-0.302986227807071
tmean,2002,7,Orinoquia,23.59195891019826,2002-07-01,23.58939986737808,0.0025590428201809345,-0.289057604561392
tmean,2002,8,Orinoquia,23.964451905081624,2002-08-01,24.217320535881704,-0.25286863080008004,-0.29194714561210794
tmean,2002,9,Orinoquia,24.622428445542276,2002-09-01,24.785664816687472,-0.16323637114519585,-0.25636291701867453
tmean,2002,10,Orinoquia,24.781065929602057,2002-10-01,24.948340108054655,-0.1672741784525975,-0.2619900950083475
tmean,2002,11,Orinoquia,24.481640956512276,2002-11-01,24.884977103047326,-0.40333614653505023,-0.28409301354266986
tmean,2002,12,Orinoquia,25.231409021137434,2002-12-01,25.20971589874997,0.02169312238746457,-0.2327197262498165
tmean,2003,1,Orinoquia,27.36995789171688,2003-01-01,26.262470862724438,1.1074870289924412,-0.08890620758931937
tmean,2003,2,Orinoquia,27.36441260438521,2003-02-01,26.895851910303573,0.4685606940816349,-0.07661181599625966
tmean,2003,3,Orinoquia,26.584778067731232,2003-03-01,26.296113187300026,0.288664880431206,-0.029949637930211697
tmean,2003,4,Orinoquia,25.025206279727882,2003-04-01,25.099789375818926,-0.07458309609104319,0.017559520972095122
tmean,2003,5,Orinoquia,24.10085536718366,2003-05-01,24.43915293379718,-0.3382975666135195,0.0074435702905431
tmean,2003,6,Orinoquia,23.702747191068358,2003-06-01,23.8238751120589,-0.12112792099054204,0.030686738173741606
tmean,2003,7,Orinoquia,23.292982105025704,2003-07-01,23.58939986737808,-0.2964177623523767,0.005772004409361801
tmean,2003,8,Orinoquia,23.912026284982797,2003-08-01,24.217320535881704,-0.30529425089890694,0.0014032027344595595
tmean,2003,9,Orinoquia,24.35065288044254,2003-09-01,24.785664816687472,-0.4350119362449334,-0.021244761023851904
tmean,2003,10,Orinoquia,24.80379216852365,2003-10-01,24.948340108054655,-0.1445479395310052,-0.019350907780385878
tmean,2003,11,Orinoquia,24.756447521703848,2003-11-01,24.884977103047326,-0.12852958134347858,0.0035496393189117605
tmean,2003,12,Orinoquia,24.715724512570915,2003-12-01,25.20971589874997,-0.49399138617905436,-0.03942406972829815
tmean,2004,1,Orinoquia,26.394408560775965,2004-01-01,26.262470862724438,0.13193769805152655,-0.1207198473067077
tmean,2004,2,Orinoquia,27.198041841507393,2004-02-01,26.895851910303573,0.3021899312038201,-0.1345840775465256
tmean,2004,3,Orinoquia,26.217357749562222,2004-03-01,26.296113187300026,-0.07875543773780436,-0.16520243739394314
tmean,2004,4,Orinoquia,25.115199883171048,2004-04-01,25.099789375818926,0.015410507352122238,-0.157702970440346
tmean,2004,5,Orinoquia,23.89464527837609,2004-05-01,24.43915293379718,-0.5445076554210893,-0.1748871445076435
tmean,2004,6,Orinoquia,23.402600706623716,2004-06-01,23.8238751120589,-0.42127440543518446,-0.19989935154469704
tmean,2004,7,Orinoquia,23.458664260332505,2004-07-01,23.58939986737808,-0.13073560704557607,-0.18609250526913032
tmean,2004,8,Orinoquia,23.896913629418925,2004-08-01,24.217320535881704,-0.3204069064627788,-0.1873518932327863
tmean,2004,9,Orinoquia,24.569774852964475,2004-09-01,24.785664816687472,-0.21588996372299718,-0.16909172885595827
tmean,2004,10,Orinoquia,24.916433503213558,2004-10-01,24.948340108054655,-0.03190660484109742,-0.15970495096513262
tmean,2004,11,Orinoquia,24.726648293157115,2004-11-01,24.884977103047326,-0.15832880989021092,-0.16218822001069366
tmean,2004,12,Orinoquia,24.953367606962093,2004-12-01,25.20971589874997,-0.25634829178787655,-0.14238462881142885
tmean,2005,1,Orinoquia,25.94303241791053,2005-01-01,26.262470862724438,-0.31943844481390826,-0.1799993073835484
tmean,2005,2,Orinoquia,26.355690453737637,2005-02-01,26.895851910303573,-0.5401614565659365,-0.25019525636436146
tmean,2005,3,Orinoquia,27.07392798851306,2005-03-01,26.296113187300026,0.777814801213033,-0.17881440311845834
tmean,2005,4,Orinoquia,25.043031230181526,2005-04-01,25.099789375818926,-0.05675814563739934,-0.1848284575342518
tmean,2005,5,Orinoquia,24.734145731943947,2005-05-01,24.43915293379718,0.2949927981467688,-0.11487008640359697
tmean,2005,6,Orinoquia,24.331572922016942,2005-06-01,23.8238751120589,0.5076978099580423,-0.03745573512082808
tmean,2005,7,Orinoquia,23.954313706125287,2005-07-01,23.58939986737808,0.3649138387472064,0.0038483853619037944
tmean,2005,8,Orinoquia,24.406117665427228,2005-08-01,24.217320535881704,0.18879712954552375,0.04628205502926234
tmean,2005,9,Orinoquia,24.926033601016552,2005-09-01,24.785664816687472,0.1403687843290804,0.07597028403360213
tmean,2005,10,Orinoquia,25.245504174823168,2005-10-01,24.948340108054655,0.2971640667685129,0.10339284000106967
tmean,2005,11,Orinoquia,24.767613494124284,2005-11-01,24.884977103047326,-0.11736360892304276,0.10680660674833369
tmean,2005,12,Orinoquia,25.246791777991152,2005-12-01,25.20971589874997,0.03707587924118272,0.13125862100075528
tmean,2006,1,Orinoquia,25.32612024916515,2006-01-01,26.262470862724438,-0.9363506135592878,0.07984927360530698
tmean,2006,2,Orinoquia,26.56046265712139,2006-02-01,26.895851910303573,-0.33538925318218205,0.09691362388728653
tmean,2006,3,Orinoquia,25.70841151953486,2006-03-01,26.296113187300026,-0.5877016677651667,-0.016879415194230123
tmean,2006,4,Orinoquia,25.268870132969123,2006-04-01,25.099789375818926,0.16908075715019777,0.00194049337140297
tmean,2006,5,Orinoquia,24.0973904866844,2006-05-01,24.43915293379718,-0.34176244711277803,-0.051122443733559265
tmean,2006,6,Orinoquia,23.85827533084794,2006-06-01,23.8238751120589,0.034400218789038206,-0.0905639096643096
tmean,2006,7,Orinoquia,23.668361909196406,2006-07-01,23.58939986737808,0.07896204181832545,-0.11439322607504969
tmean,2006,8,Orinoquia,24.47312851223074,2006-08-01,24.217320535881704,0.2558079763490362,-0.10880898884142365
tmean,2006,9,Orinoquia,24.774072069465387,2006-09-01,24.785664816687472,-0.011592747222085364,-0.12147244980402079
tmean,2006,10,Orinoquia,25.196519964498037,2006-10-01,24.948340108054655,0.24817985644338236,-0.125554467331115
tmean,2006,11,Orinoquia,24.753991214426648,2006-11-01,24.884977103047326,-0.13098588862067828,-0.12668965730591797
tmean,2006,12,Orinoquia,25.288167977653195,2006-12-01,25.20971589874997,0.0784520789032257,-0.12324164066741439
tmean,2007,1,Orinoquia,27.17481974370533,2007-01-01,26.262470862724438,0.9123488809808933,0.030816650544267372
tmean,2007,2,Orinoquia,28.799626852885346,2007-02-01,26.895851910303573,1.903774942581773,0.2174136668579303
tmean,2007,3,Orinoquia,26.742632788850514,2007-03-01,26.296113187300026,0.446519601550488,0.30359877263423485
tmean,2007,4,Orinoquia,25.033373918418373,2007-04-01,25.099789375818926,-0.06641545740055221,0.283974088088339
tmean,2007,5,Orinoquia,24.491205956486876,2007-05-01,24.43915293379718,0.052053022689698025,0.31679204390521204
tmean,2007,6,Orinoquia,23.431970157012834,2007-06-01,23.8238751120589,-0.3919049550460656,0.2812666127522867
tmean,2007,7,Orinoquia,23.91961907300108,2007-07-01,23.58939986737808,0.3302192056229991,0.3022047097360095
tmean,2007,8,Orinoquia,24.23137184475058,2007-08-01,24.217320535881704,0.014051308868875623,0.28205832077932946
tmean,2007,9,Orinoquia,24.51460178168177,2007-09-01,24.785664816687472,-0.27106303500570306,0.26043579679736134
tmean,2007,10,Orinoquia,24.83076354394053,2007-10-01,24.948340108054655,-0.11757656411412398,0.22995609508423578
tmean,2007,11,Orinoquia,24.82654819345261,2007-11-01,24.884977103047326,-0.05842890959471703,0.2360025100030659
tmean,2007,12,Orinoquia,25.078245833569746,2007-12-01,25.20971589874997,-0.13147006518022408,0.21850899799611176
tmean,2008,1,Orinoquia,26.309291167675813,2008-01-01,26.262470862724438,0.04682030495137468,0.14638161666031854
tmean,2008,2,Orinoquia,26.75253770651225,2008-02-01,26.895851910303573,-0.14331420379132354,-0.024209145537439507
tmean,2008,3,Orinoquia,26.642610763466227,2008-03-01,26.296113187300026,0.34649757616620036,-0.032544314319463474
tmean,2008,4,Orinoquia,25.69487253475013,2008-04-01,25.099789375818926,0.5950831589312031,0.02258057037484947
tmean,2008,5,Orinoquia,23.969151107735254,2008-05-01,24.43915293379718,-0.47000182606192453,-0.02092400035445241
tmean,2008,6,Orinoquia,23.61581995250825,2008-06-01,23.8238751120589,-0.2080551595506499,-0.005603184063167769
tmean,2008,7,Orinoquia,23.577959220555826,2008-07-01,23.58939986737808,-0.011440646822254763,-0.03407483843360559
tmean,2008,8,Orinoquia,24.483670962768183,2008-08-01,24.217320535881704,0.26635042688647914,-0.013049911932138633
tmean,2008,9,Orinoquia,24.829168984966696,2008-09-01,24.785664816687472,0.043504168279223876,0.013164021674938612
tmean,2008,10,Orinoquia,24.90016566160182,2008-10-01,24.948340108054655,-0.04817444645283331,0.01894753148004617
tmean,2008,11,Orinoquia,24.813923048307803,2008-11-01,24.884977103047326,-0.07105405473952331,0.017895436051312313
tmean,2008,12,Orinoquia,25.051868440923815,2008-12-01,25.20971589874997,-0.15784745782615417,0.015697319997484804
tmean,2009,1,Orinoquia,25.57081146242757,2009-01-01,26.262470862724438,-0.6916594002968672,-0.045842655439868686
tmean,2009,2,Orinoquia,26.33366414465375,2009-02-01,26.895851910303573,-0.5621877656498242,-0.08074878559474374
tmean,2009,3,Orinoquia,25.823594481077247,2009-03-01,26.296113187300026,-0.4725187062227789,-0.149000142460492
tmean,2009,4,Orinoquia,25.241169866535575,2009-04-01,25.099789375818926,0.14138049071664938,-0.18680869814503817
tmean,2009,5,Orinoquia,24.761101439035727,2009-05-01,24.43915293379718,0.3219485052385487,-0.12081283720333207
tmean,2009,6,Orinoquia,23.960283587423454,2009-06-01,23.8238751120589,0.13640847536455425,-0.09210753429373171
tmean,2009,7,Orinoquia,23.843346939226397,2009-07-01,23.58939986737808,0.2539470718483159,-0.06999189107118416
tmean,2009,8,Orinoquia,24.436882456868613,2009-08-01,24.217320535881704,0.21956192098690863,-0.0738909332294817
tmean,2009,9,Orinoquia,25.190611834545376,2009-09-01,24.785664816687472,0.40494701785790355,-0.04377069576459173
tmean,2009,10,Orinoquia,25.291263757869626,2009-10-01,24.948340108054655,0.3429236498149706,-0.01117918774227474
tmean,2009,11,Orinoquia,25.88280503421454,2009-11-01,24.884977103047326,0.9978279311672154,0.07789431108328682
tmean,2009,12,Orinoquia,26.382369560148813,2009-12-01,25.20971589874997,1.1726536613988436,0.18876940435203662
tmean,2010,1,Orinoquia,27.581326086045685,2010-01-01,26.262470862724438,1.318855223321247,0.35631228965354617
tmean,2010,2,Orinoquia,28.23307896468627,2010-02-01,26.895851910303573,1.3372270543826978,0.5145968579895897
tmean,2010,3,Orinoquia,26.685845879445292,2010-03-01,26.296113187300026,0.38973269214526596,0.5864511411869268
tmean,2010,4,Orinoquia,25.292151585392926,2010-04-01,25.099789375818926,0.19236220957400008,0.5906996177583727
tmean,2010,5,Orinoquia,24.95007673360721,2010-05-01,24.43915293379718,0.5109237998100333,0.606447558972663
tmean,2010,6,Orinoquia,24.382957681575327,2010-06-01,23.8238751120589,0.559082569516427,0.6416704001519857
tmean,2010,7,Orinoquia,23.909833861516468,2010-07-01,23.58939986737808,0.32043399413838713,0.6472109770094917
tmean,2010,8,Orinoquia,24.48997750730207,2010-08-01,24.217320535881704,0.27265697142036416,0.651635564545613
tmean,2010,9,Orinoquia,25.124880788124788,2010-09-01,24.785664816687472,0.33921597143731574,0.6461579773438973
tmean,2010,10,Orinoquia,25.324903189128563,2010-10-01,24.948340108054655,0.37656308107390757,0.6489612632821421
tmean,2010,11,Orinoquia,24.705902828877186,2010-11-01,24.884977103047326,-0.17907427417014077,0.550886079504029
tmean,2010,12,Orinoquia,24.733218973454424,2010-12-01,25.20971589874997,-0.476496925295546,0.41345686394616327
tmean,2011,1,Orinoquia,25.52732643466537,2011-01-01,26.262470862724438,-0.7351444280590691,0.24229022633113692
tmean,2011,2,Orinoquia,26.683508812479108,2011-02-01,26.895851910303573,-0.2123430978244656,0.11315938031387329
tmean,2011,3,Orinoquia,25.48156741882203,2011-03-01,26.296113187300026,-0.8145457684779949,0.012802841928601557
tmean,2011,4,Orinoquia,24.674991313803638,2011-04-01,25.099789375818926,-0.424798062015288,-0.038627180703839116
tmean,2011,5,Orinoquia,24.038524145411795,2011-05-01,24.43915293379718,-0.40062878838538296,-0.11458989638679047
tmean,2011,6,Orinoquia,24.14767591427171,2011-06-01,23.8238751120589,0.3238008022128085,-0.13419671032875868
tmean,2011,7,Orinoquia,23.89587449917706,2011-07-01,23.58939986737808,0.3064746317989808,-0.1353599905237092
tmean,2011,8,Orinoquia,24.58647540510833,2011-08-01,24.217320535881704,0.36915486922662666,-0.127318499039854
tmean,2011,9,Orinoquia,24.89419660292381,2011-09-01,24.785664816687472,0.10853178623633752,-0.14654218113993553
tmean,2011,10,Orinoquia,24.778937877383626,2011-10-01,24.948340108054655,-0.16940223067102878,-0.19203929045201354
tmean,2011,11,Orinoquia,24.67174457619269,2011-11-01,24.884977103047326,-0.213232526854636,-0.19488581150905482
tmean,2011,12,Orinoquia,24.782806828112165,2011-12-01,25.20971589874997,-0.42690907063780514,-0.1907534902875764
tmean,2012,1,Orinoquia,25.99559153403432,2012-01-01,26.262470862724438,-0.2668793286901163,-0.15173139867349703
tmean,2012,2,Orinoquia,26.1729565769349,2012-02-01,26.895851910303573,-0.7228953333686725,-0.19427741830218093
tmean,2012,3,Orinoquia,24.987322389901276,2012-03-01,26.296113187300026,-1.3087907973987498,-0.23546450404557717
tmean,2012,4,Orinoquia,24.38184276125706,2012-04-01,25.099789375818926,-0.717946614561864,-0.2598935500911252
tmean,2012,5,Orinoquia,24.177858092375992,2012-05-01,24.43915293379718,-0.2612948414211864,-0.2482823878441088
tmean,2012,6,Orinoquia,23.893333119867677,2012-06-01,23.8238751120589,0.06945800780877676,-0.2694776207111114
tmean,2012,7,Orinoquia,23.413116257170884,2012-07-01,23.58939986737808,-0.17628361020719652,-0.3097074742116262
tmean,2012,8,Orinoquia,23.981608657710492,2012-08-01,24.217320535881704,-0.23571187817121242,-0.3601130364947795
tmean,2012,9,Orinoquia,24.721078413226838,2012-09-01,24.785664816687472,-0.06458640346063405,-0.37453955230286046
tmean,2012,10,Orinoquia,25.084787208950456,2012-10-01,24.948340108054655,0.1364471008958006,-0.34905210800562464
tmean,2012,11,Orinoquia,25.553829649390494,2012-11-01,24.884977103047326,0.6688525463431674,-0.2755450185724744
tmean,2012,12,Orinoquia,25.83624677709988,2012-12-01,25.20971589874997,0.6265308783499108,-0.18775835615683137
tmean,2013,1,Orinoquia,27.09051071687968,2013-01-01,26.262470862724438,0.828039854155243,-0.0965150909197181
tmean,2013,2,Orinoquia,27.063800315082094,2013-02-01,26.895851910303573,0.1679484047785209,-0.02227811274078532
tmean,2013,3,Orinoquia,25.977181120359642,2013-03-01,26.296113187300026,-0.3189320669403841,0.06021011479741182
tmean,2013,4,Orinoquia,25.475850214602765,2013-04-01,25.099789375818926,0.37606083878383956,0.15137740257622045
tmean,2013,5,Orinoquia,24.41422230538571,2013-05-01,24.43915293379718,-0.024930628411468092,0.17107442032703032
tmean,2013,6,Orinoquia,24.11535474606998,2013-06-01,23.8238751120589,0.291479634011079,0.1895762225105555
tmean,2013,7,Orinoquia,23.481271213278628,2013-07-01,23.58939986737808,-0.1081286540994526,0.19525580218620084
tmean,2013,8,Orinoquia,23.84658628320628,2013-08-01,24.217320535881704,-0.37073425267542603,0.18400393764418302
tmean,2013,9,Orinoquia,24.769044061172085,2013-09-01,24.785664816687472,-0.016620755515386776,0.18800107497295362
tmean,2013,10,Orinoquia,25.00443786159056,2013-10-01,24.948340108054655,0.05609775353590507,0.18130529602629566
tmean,2013,11,Orinoquia,24.800251201411005,2013-11-01,24.884977103047326,-0.08472590163632177,0.11850709202800491
tmean,2013,12,Orinoquia,25.271289423856235,2013-12-01,25.20971589874997,0.06157352510626524,0.07142731259103445
tmean,2014,1,Orinoquia,26.802896372416825,2014-01-01,26.262470862724438,0.5404255096923869,0.04745945055246311
tmean,2014,2,Orinoquia,27.70840597475611,2014-02-01,26.895851910303573,0.812554064452538,0.10117658885863119
tmean,2014,3,Orinoquia,26.64421179041645,2014-03-01,26.296113187300026,0.3480986031164228,0.15676247803003177
tmean,2014,4,Orinoquia,25.06844332146534,2014-04-01,25.099789375818926,-0.03134605435358395,0.12281190360191314
tmean,2014,5,Orinoquia,24.925752299327343,2014-05-01,24.43915293379718,0.48659936553016436,0.1654394030970492
tmean,2014,6,Orinoquia,23.83710440099919,2014-06-01,23.8238751120589,0.013229288940291184,0.1422518743411502
tmean,2014,7,Orinoquia,23.721124172641826,2014-07-01,23.58939986737808,0.13172430526374512,0.16223962095475
tmean,2014,8,Orinoquia,24.18852433614234,2014-08-01,24.217320535881704,-0.028796199739364425,0.19073445869942182
tmean,2014,9,Orinoquia,24.896481520716982,2014-09-01,24.785664816687472,0.11081670402951005,0.20135424699482987
tmean,2014,10,Orinoquia,24.790923799637195,2014-10-01,24.948340108054655,-0.15741630841746002,0.18356140849871613
tmean,2014,11,Orinoquia,25.096623578583625,2014-11-01,24.884977103047326,0.21164647553629834,0.20825910659643446
tmean,2014,12,Orinoquia,25.756757240733908,2014-12-01,25.20971589874997,0.5470413419839382,0.2487147580029072
tmean,2015,1,Orinoquia,25.75062532039196,2015-01-01,26.262470862724438,-0.5118455423324768,0.1610255036675019
tmean,2015,2,Orinoquia,26.235382316757345,2015-02-01,26.895851910303573,-0.6604695935462281,0.03827353216760473
tmean,2015,3,Orinoquia,26.699076203881557,2015-03-01,26.296113187300026,0.40296301658153055,0.04284556662303037
tmean,2015,4,Orinoquia,25.182017967435442,2015-04-01,25.099789375818926,0.08222859161651641,0.05231012045387207
tmean,2015,5,Orinoquia,24.94604591177172,2015-05-01,24.43915293379718,0.506892977974541,0.05400125482423679
tmean,2015,6,Orinoquia,23.77928318978244,2015-06-01,23.8238751120589,-0.04459192227646014,0.04918282055617418
tmean,2015,7,Orinoquia,23.884673802913223,2015-07-01,23.58939986737808,0.2952739355351426,0.06281195641212396
tmean,2015,8,Orinoquia,24.642571275912747,2015-08-01,24.217320535881704,0.4252507400310428,0.10064920139299123
tmean,2015,9,Orinoquia,25.734880225935648,2015-09-01,24.785664816687472,0.9492154092481755,0.17051576016121336
tmean,2015,10,Orinoquia,25.694355138700836,2015-10-01,24.948340108054655,0.7460150306461806,0.2458017050831834
tmean,2015,11,Orinoquia,25.139607953559096,2015-11-01,24.884977103047326,0.25463085051177003,0.2493837363311394
tmean,2015,12,Orinoquia,25.579078348375134,2015-12-01,25.20971589874997,0.3693624496251644,0.23457716196790823
tmean,2016,1,Orinoquia,27.941440288851666,2016-01-01,26.262470862724438,1.678969426127228,0.417145076006217
tmean,2016,2,Orinoquia,28.0488385862383,2016-02-01,26.895851910303573,1.1529866759347271,0.5682664317962965
tmean,2016,3,Orinoquia,27.776979437158047,2016-03-01,26.296113187300026,1.4808662498580212,0.6580917012360041
tmean,2016,4,Orinoquia,25.55764096805595,2016-04-01,25.099789375818926,0.45785159223702365,0.6893936179543797
tmean,2016,5,Orinoquia,24.63422475819235,2016-05-01,24.43915293379718,0.19507182439517123,0.6634085218227656
tmean,2016,6,Orinoquia,23.940115801322484,2016-06-01,23.8238751120589,0.11624068926358433,0.6768112394511027
tmean,2016,7,Orinoquia,23.708670156484033,2016-07-01,23.58939986737808,0.11927028910595183,0.6621442689153367
tmean,2016,8,Orinoquia,24.77612362938926,2016-08-01,24.217320535881704,0.5588030935075565,0.6732736317050462
tmean,2016,9,Orinoquia,24.840134602266772,2016-09-01,24.785664816687472,0.05446978557930038,0.5987114963993067
tmean,2016,10,Orinoquia,25.397469247438824,2016-10-01,24.948340108054655,0.4491291393841692,0.5739710054608057
tmean,2016,11,Orinoquia,25.305743194945503,2016-11-01,24.884977103047326,0.4207660918981766,0.5878156089096729
tmean,2016,12,Orinoquia,24.989160380553752,2016-12-01,25.20971589874997,-0.22055551819621755,0.538655778257891
tmean,2017,1,Orinoquia,25.121142353448164,2017-01-01,26.262470862724438,-1.1413285092762742,0.3036309503075992
tmean,2017,2,Orinoquia,26.86598933424652,2017-02-01,26.895851910303573,-0.029862576057052337,0.20506017930828424
tmean,2017,3,Orinoquia,25.692487461248813,2017-03-01,26.296113187300026,-0.603625726051213,0.031352514649181394
tmean,2017,4,Orinoquia,25.5954942198214,2017-04-01,25.099789375818926,0.49570484400247494,0.03450695229630233
tmean,2017,5,Orinoquia,24.881852101903178,2017-05-01,24.43915293379718,0.4426991681059995,0.05514256427220469
tmean,2017,6,Orinoquia,24.250813860047625,2017-06-01,23.8238751120589,0.426938747988725,0.08103406916596641
tmean,2017,7,Orinoquia,23.58009192340094,2017-07-01,23.58939986737808,-0.00930794397714152,0.07031921640904197
tmean,2017,8,Orinoquia,25.185807935482583,2017-08-01,24.217320535881704,0.9684873996008783,0.1044595752501521
tmean,2017,9,Orinoquia,25.56356992243239,2017-09-01,24.785664816687472,0.7779051057449173,0.1647458519306202
tmean,2017,10,Orinoquia,25.37903585948976,2017-10-01,24.948340108054655,0.4306957514351062,0.16320973626819826
tmean,2017,11,Orinoquia,25.28293739396115,2017-11-01,24.884977103047326,0.39796029091382223,0.1613092528528354
tmean,2017,12,Orinoquia,26.163079118904655,2017-12-01,25.20971589874997,0.9533632201546851,0.2591358143820773
tmean,2018,1,Orinoquia,25.51459851160526,2018-01-01,26.262470862724438,-0.7478723511191774,0.2919238275618354
tmean,2018,2,Orinoquia,27.68446277926658,2018-02-01,26.895851910303573,0.7886108689630049,0.36012994798017345
tmean,2018,3,Orinoquia,27.047546265350853,2018-03-01,26.296113187300026,0.7514330780508267,0.47305151498867676
tmean,2018,4,Orinoquia,24.678314458200255,2018-04-01,25.099789375818926,-0.42147491761867073,0.39661986818691464
tmean,2018,5,Orinoquia,24.19169714450227,2018-05-01,24.43915293379718,-0.2474557892949072,0.3391069550701724
tmean,2018,6,Orinoquia,23.595831582411343,2018-06-01,23.8238751120589,-0.22804352964755736,0.2845250986004822
tmean,2018,7,Orinoquia,23.75094665989239,2018-07-01,23.58939986737808,0.16154679251430792,0.298762993308103
tmean,2018,8,Orinoquia,24.319712771299656,2018-08-01,24.217320535881704,0.10239223541795184,0.22658839629285912
tmean,2018,9,Orinoquia,25.10277090246392,2018-09-01,24.785664816687472,0.31710608577644805,0.18818847796215335
tmean,2018,10,Orinoquia,25.14044201022949,2018-10-01,24.948340108054655,0.19210190217483358,0.16830565719046398
tmean,2018,11,Orinoquia,25.41927002632718,2018-11-01,24.884977103047326,0.5342929232798532,0.17966670988763322
tmean,2018,12,Orinoquia,25.710483971905848,2018-12-01,25.20971589874997,0.5007680731558786,0.14195044763773268
tmean,2019,1,Orinoquia,27.05638247999229,2019-01-01,26.262470862724438,0.7939116172678524,0.2704324450033185
tmean,2019,2,Orinoquia,27.69929462013382,2019-02-01,26.895851910303573,0.8034427098302466,0.2716684317422553
tmean,2019,3,Orinoquia,27.13087668281075,2019-03-01,26.296113187300026,0.8347634955107246,0.2786126331972468
tmean,2019,4,Orinoquia,25.766584755341512,2019-04-01,25.099789375818926,0.6667953795225863,0.3693018246256849
tmean,2019,5,Orinoquia,25.00743500789263,2019-05-01,24.43915293379718,0.5682820740954533,0.43727997990821493
tmean,2019,6,Orinoquia,24.187107637329582,2019-06-01,23.8238751120589,0.36323252527068206,0.4865529844847349
tmean,2019,7,Orinoquia,24.007256860711333,2019-07-01,23.58939986737808,0.41785699333325255,0.5079121678863135
tmean,2019,8,Orinoquia,24.474478047295886,2019-08-01,24.217320535881704,0.2571575114141815,0.5208092742193328
tmean,2019,9,Orinoquia,26.053959556076556,2019-09-01,24.785664816687472,1.2682947393890842,0.6000749953537191
tmean,2019,10,Orinoquia,25.092429457213733,2019-10-01,24.948340108054655,0.14408934915907778,0.5960739492690728
tmean,2019,11,Orinoquia,25.31220297718807,2019-11-01,24.884977103047326,0.427225874140742,0.5871516951741468
tmean,2019,12,Orinoquia,25.88691681963685,2019-12-01,25.20971589874997,0.6772009208868788,0.6018544324850635
tmean,2020,1,Orinoquia,27.0778944760484,2020-01-01,26.262470862724438,0.8154236133239614,0.6036470988230725
tmean,2020,2,Orinoquia,28.447918420633872,2020-02-01,26.895851910303573,1.5520665103302989,0.6660324155314102
tmean,2020,3,Orinoquia,28.312348422089734,2020-03-01,26.296113187300026,2.0162352347897077,0.7644883938046588
tmean,2020,4,Orinoquia,26.385313694364925,2020-04-01,25.099789375818926,1.285524318545999,0.8160491387232766
tmean,2020,5,Orinoquia,25.298546861814653,2020-05-01,24.43915293379718,0.8593939280174752,0.840308459883445
tmean,2020,6,Orinoquia,24.621934936493883,2020-06-01,23.8238751120589,0.7980598244349828,0.8765440681471368
tmean,2020,7,Orinoquia,24.196788226459184,2020-07-01,23.58939986737808,0.6073883590811029,0.8923383486261244
tmean,2020,8,Orinoquia,24.71410931056708,2020-08-01,24.217320535881704,0.4967887746853741,0.9123076205653904
tmean,2020,9,Orinoquia,25.51313171672281,2020-09-01,24.785664816687472,0.7274669000353384,0.8672386339525783
tmean,2020,10,Orinoquia,25.732765316159252,2020-10-01,24.948340108054655,0.7844252081045973,0.9205999555313715
tmean,2020,11,Orinoquia,24.943970497861347,2020-11-01,24.884977103047326,0.05899339481402066,0.8899139155874781
tmean,2020,12,Orinoquia,25.22088270829331,2020-12-01,25.20971589874997,0.01116680954334015,0.8344110729755165
tmean,2021,1,Orinoquia,25.71288093917355,2021-01-01,26.262470862724438,-0.5495899235508865,0.7206599449026125
tmean,2021,2,Orinoquia,28.01570462657856,2021-02-01,26.895851910303573,1.1198527162749876,0.6846421287313366
tmean,2021,3,Orinoquia,25.996862924268058,2021-03-01,26.296113187300026,-0.29925026303196844,0.49168500391286357
tmean,2021,4,Orinoquia,25.057561769233377,2021-04-01,25.099789375818926,-0.04222760658554847,0.3810390101519013
tmean,2021,5,Orinoquia,24.18516022831895,2021-05-01,24.43915293379718,-0.25399270547822894,0.28825679069392596
tmean,2021,6,Orinoquia,24.18359202679913,2021-06-01,23.8238751120589,0.35971691474022904,0.2517282148860298
tmean,2021,7,Orinoquia,23.584750666882208,2021-07-01,23.58939986737808,-0.004649200495872918,0.20072508492128183
tmean,2021,8,Orinoquia,24.445871500289467,2021-08-01,24.217320535881704,0.2285509644077628,0.17837193406481422
tmean,2021,9,Orinoquia,25.04894618896319,2021-09-01,24.785664816687472,0.263281372275717,0.13968980675151244
tmean,2021,10,Orinoquia,25.429285080374523,2021-10-01,24.948340108054655,0.4809449723198682,0.11439978710278502
tmean,2021,11,Orinoquia,25.497950452117887,2021-11-01,24.884977103047326,0.6129733490705611,0.16056478329083004
tmean,2021,12,Orinoquia,26.454154359363713,2021-12-01,25.20971589874997,1.2444384606137433,0.2633374208800303
tmean,2022,1,Orinoquia,26.77747948313515,2022-01-01,26.262470862724438,0.5150086204107112,0.35205396621016344
tmean,2022,2,Orinoquia,26.864183991111588,2022-02-01,26.895851910303573,-0.031667919191985305,0.25609391325458236
tmean,2022,3,Orinoquia,26.130148787091887,2022-03-01,26.296113187300026,-0.1659644002081393,0.2672010684899015
tmean,2022,4,Orinoquia,25.403745827057683,2022-04-01,25.099789375818926,0.3039564512387578,0.29604973997526035
tmean,2022,5,Orinoquia,24.467336639835395,2022-05-01,24.43915293379718,0.028183706038216627,0.3195644409349641
tmean,2022,6,Orinoquia,23.766550937378224,2022-06-01,23.8238751120589,-0.05732417468067652,0.28481101681655535
tmean,2022,7,Orinoquia,24.10611386533057,2022-07-01,23.58939986737808,0.5167139979524897,0.32825795002058555
tmean,2022,8,Orinoquia,24.52935871376542,2022-08-01,24.217320535881704,0.31203817788371424,0.33521521781024816
tmean,2022,9,Orinoquia,25.25625835362779,2022-09-01,24.785664816687472,0.47059353694031714,0.35249123153229817
tmean,2022,10,Orinoquia,25.265313651882135,2022-10-01,24.948340108054655,0.3169735438274799,0.33882694582459916
tmean,2022,11,Orinoquia,24.599016106052538,2022-11-01,24.884977103047326,-0.2859609969947883,0.2639157503191534
tmean,2022,12,Orinoquia,25.336194977511752,2022-12-01,25.20971589874997,0.12647907876178266,0.17075246849815665
tmean,2023,1,Orinoquia,25.486641621944013,2023-01-01,26.262470862724438,-0.7758292407804248,0.06318264673222866
tmean,2023,2,Orinoquia,26.980432358609058,2023-02-01,26.895851910303573,0.08458044830548417,0.07287001069035111
tmean,2023,3,Orinoquia,26.40770876428365,2023-03-01,26.296113187300026,0.11159557698362477,0.09600000878966479
tmean,2023,4,Orinoquia,25.78945422725081,2023-04-01,25.099789375818926,0.6896648514318855,0.12814237547242543
tmean,2023,5,Orinoquia,25.413715753877202,2023-05-01,24.43915293379718,0.974562820080024,0.20700730164257605
tmean,2023,6,Orinoquia,24.502659802616833,2023-06-01,23.8238751120589,0.6787846905579329,0.2683497070791268
tmean,2023,7,Orinoquia,24.595785287061208,2023-07-01,23.58939986737808,1.0063854196831272,0.3091556588900133
tmean,2023,8,Orinoquia,25.802475406548048,2023-08-01,24.217320535881704,1.5851548706663436,0.41524871662189905
tmean,2023,9,Orinoquia,26.539543768150022,2023-09-01,24.785664816687472,1.75387895146255,0.5221891678320851
tmean,2023,10,Orinoquia,26.93390620942824,2023-10-01,24.948340108054655,1.9855661013735855,0.6612385476275939
tmean,2023,11,Orinoquia,26.44827458026015,2023-11-01,24.884977103047326,1.5632974772128243,0.8153434204782283
tmean,2023,12,Orinoquia,26.776277545922955,2023-12-01,25.20971589874997,1.5665616471729855,0.9353503011791618
tmean,2024,1,Orinoquia,27.804974581533262,2024-01-01,26.262470862724438,1.542503718808824,1.1285447144782659
tmean,2024,2,Orinoquia,27.46961543971901,2024-02-01,26.895851910303573,0.5737635294154373,1.1693099712374286
tmean,2024,3,Orinoquia,28.435846531859124,2024-03-01,26.296113187300026,2.1397333445590974,1.338321451868718
tmean,2024,4,Orinoquia,26.87037317561436,2024-04-01,25.099789375818926,1.7705837997954355,1.4283980308990138
tmean,2024,5,Orinoquia,25.58832939347429,2024-05-01,24.43915293379718,1.1491764596771112,1.4429491675321044
tmean,2024,6,Orinoquia,24.82252382907109,2024-06-01,23.8238751120589,0.9986487170121912,1.4696045030699594
tmean,2024,7,Orinoquia,24.33049254030565,2024-07-01,23.58939986737808,0.741092672927568,1.4474967741736628
tmean,2024,8,Orinoquia,25.618446156102188,2024-08-01,24.217320535881704,1.4011256202204834,1.4321610033031744
tmean,2024,9,Orinoquia,26.768054786106386,2024-09-01,24.785664816687472,1.9823899694189144,1.4512035881328715
tmean,2024,10,Orinoquia,26.594779143125084,2024-10-01,24.948340108054655,1.6464390350704292,1.422942999274275
tmean,2024,11,Orinoquia,26.022950758523688,2024-11-01,24.884977103047326,1.1379736554763618,1.3874993474629032
tmean,2024,12,Orinoquia,26.407221879584586,2024-12-01,25.20971589874997,1.1975059808346167,1.3567447086013724
tmean,2025,1,Orinoquia,25.98267095253008,2025-01-01,26.262470862724438,-0.27979991019435957,1.2048860728511073
tmean,2025,2,Orinoquia,26.8861978580079,2025-02-01,26.895851910303573,-0.009654052295672955,1.156267941041848
tmean,2025,3,Orinoquia,26.740056126868126,2025-03-01,26.296113187300026,0.4439429395680996,1.0149520739592648
tmean,2025,4,Orinoquia,25.33990132327487,2025-04-01,25.099789375818926,0.24011194745594366,0.8874127529309739
tmean,2025,5,Orinoquia,24.49759135094745,2025-05-01,24.43915293379718,0.05843841715027054,0.7965179160537371
tmean,2025,6,Orinoquia,23.732307906677704,2025-06-01,23.8238751120589,-0.091567205381196,0.7056665891876216
tmean,2025,7,Orinoquia,23.50124246565697,2025-07-01,23.58939986737808,-0.0881574017211122,0.6365624163002316
tmean,2025,8,Orinoquia,24.37307690401255,2025-08-01,24.217320535881704,0.15575636813084515,0.5327816452927617
tmean,2025,9,Orinoquia,25.202862069686564,2025-09-01,24.785664816687472,0.4171972529990917,0.40234891892444313
tmean,2025,10,Orinoquia,25.331273354090428,2025-10-01,24.948340108054655,0.3829332460357726,0.29705676983822177
tmean,2025,11,Orinoquia,25.256615032733162,2025-11-01,24.884977103047326,0.37163792968583564,0.2331954593556779
tmean,2025,12,Orinoquia,25.759456074262044,2025-12-01,25.20971589874997,0.5497401755120741,0.17921497557879937
tmean,2026,1,Orinoquia,25.57288403317376,2026-01-01,26.262470862724438,-0.6895868295506773,0.14506606563243954
tmean,2026,2,Orinoquia,26.50197090023081,2026-02-01,26.895851910303573,-0.3938810100727643,0.1130471524843486
tmean,2026,3,Orinoquia,27.749298216079477,2026-03-01,26.296113187300026,1.4531850287794512,0.1971506599186279
tmean,1991,1,Pacifica,20.919127889443672,1991-01-01,21.000248660955872,-0.08112077151220021,
tmean,1991,2,Pacifica,21.439961267390487,1991-02-01,21.321478707007923,0.11848256038256366,
tmean,1991,3,Pacifica,21.419336351862903,1991-03-01,21.476950913968096,-0.057614562105193556,
tmean,1991,4,Pacifica,21.160509685085145,1991-04-01,21.399652218618144,-0.2391425335329984,
tmean,1991,5,Pacifica,21.2357734087693,1991-05-01,21.258720664227166,-0.022947255457864912,
tmean,1991,6,Pacifica,21.153780161021448,1991-06-01,20.97907126952599,0.17470889149545954,
tmean,1991,7,Pacifica,20.69666538075512,1991-07-01,20.780220276472992,-0.08355489571787089,
tmean,1991,8,Pacifica,20.683911144439925,1991-08-01,20.871566823925612,-0.18765567948568673,
tmean,1991,9,Pacifica,20.743961714456876,1991-09-01,20.831784026631816,-0.0878223121749393,
tmean,1991,10,Pacifica,20.457797163024285,1991-10-01,20.735979337558106,-0.2781821745338213,
tmean,1991,11,Pacifica,20.547856711380234,1991-11-01,20.632880746098106,-0.0850240347178719,
tmean,1991,12,Pacifica,20.84496931703443,1991-12-01,20.781717377805666,0.06325193922876338,-0.06388506901097173
tmean,1992,1,Pacifica,21.08732899534304,1992-01-01,21.000248660955872,0.08708033438716711,-0.049868310186024445
tmean,1992,2,Pacifica,21.21608948539349,1992-02-01,21.321478707007923,-0.10538922161443409,-0.06852429201910759
tmean,1992,3,Pacifica,21.917405509645622,1992-03-01,21.476950913968096,0.4404545956775259,-0.027018528870547637
tmean,1992,4,Pacifica,21.652394602112985,1992-04-01,21.399652218618144,0.2527423834948408,0.013971880881772295
tmean,1992,5,Pacifica,21.326945582711446,1992-05-01,21.258720664227166,0.06822491848427958,0.02156956204361767
tmean,1992,6,Pacifica,21.183842874685336,1992-06-01,20.97907126952599,0.20477160515934756,0.024074788182275004
tmean,1992,7,Pacifica,20.372316193588006,1992-07-01,20.780220276472992,-0.40790408288498625,-0.002954310748317942
tmean,1992,8,Pacifica,20.627610511855817,1992-08-01,20.871566823925612,-0.24395631206979473,-0.007646030130326942
tmean,1992,9,Pacifica,20.42035047125117,1992-09-01,20.831784026631816,-0.41143355538064696,-0.03461363373080258
tmean,1992,10,Pacifica,20.56760081757002,1992-10-01,20.735979337558106,-0.16837851998808517,-0.025463329185324568
tmean,1992,11,Pacifica,20.548986924407927,1992-11-01,20.632880746098106,-0.08389382169017878,-0.025369144766350143
tmean,1992,12,Pacifica,20.683715864907764,1992-12-01,20.781717377805666,-0.09800151289790193,-0.03880693244357225
tmean,1993,1,Pacifica,20.618911076176627,1993-01-01,21.000248660955872,-0.38133758477924573,-0.07784175904077333
tmean,1993,2,Pacifica,20.879210875119533,1993-02-01,21.321478707007923,-0.44226783188839036,-0.105914976563603
tmean,1993,3,Pacifica,21.072611424247256,1993-03-01,21.476950913968096,-0.4043394897208401,-0.1763144836801335
tmean,1993,4,Pacifica,21.305655505644737,1993-04-01,21.399652218618144,-0.09399671297340717,-0.20520940838582083
tmean,1993,5,Pacifica,21.30205945795328,1993-05-01,21.258720664227166,0.04333879372611449,-0.20728325211566792
tmean,1993,6,Pacifica,21.20166074063739,1993-06-01,20.97907126952599,0.2225894711114016,-0.20579842995299677
tmean,1993,7,Pacifica,20.851977470710093,1993-07-01,20.780220276472992,0.07175719423710092,-0.1658266568594895
tmean,1993,8,Pacifica,20.744887002129637,1993-08-01,20.871566823925612,-0.1266798217959746,-0.1560536160033378
tmean,1993,9,Pacifica,20.389567113790964,1993-09-01,20.831784026631816,-0.44221691284085196,-0.15861889579168822
tmean,1993,10,Pacifica,20.71715069285815,1993-10-01,20.735979337558106,-0.018828644699954822,-0.14615640618434403
tmean,1993,11,Pacifica,20.545427752195515,1993-11-01,20.632880746098106,-0.0874529939025912,-0.14645300386871174
tmean,1993,12,Pacifica,20.690315323505295,1993-12-01,20.781717377805666,-0.09140205430037085,-0.14590304898558415
tmean,1994,1,Pacifica,20.609563245514387,1994-01-01,21.000248660955872,-0.39068541544148516,-0.1466820348741041
tmean,1994,2,Pacifica,20.849968003233908,1994-02-01,21.321478707007923,-0.4715107037740154,-0.14911894086457286
tmean,1994,3,Pacifica,20.84707344973029,1994-03-01,21.476950913968096,-0.6298774642378078,-0.16791377207432015
tmean,1994,4,Pacifica,20.915727443379282,1994-04-01,21.399652218618144,-0.48392477523886157,-0.20040777726310802
tmean,1994,5,Pacifica,21.01506918469326,1994-05-01,21.258720664227166,-0.24365147953390576,-0.2243236333681097
tmean,1994,6,Pacifica,20.605469878361212,1994-06-01,20.97907126952599,-0.373601391164776,-0.27400620522445784
tmean,1994,7,Pacifica,20.585255018969644,1994-07-01,20.780220276472992,-0.19496525750334825,-0.2962330762028286
tmean,1994,8,Pacifica,20.488917918028196,1994-08-01,20.871566823925612,-0.3826489058974154,-0.317563833211282
tmean,1994,9,Pacifica,20.841077621313982,1994-09-01,20.831784026631816,0.009293594682166173,-0.27993795758436385
tmean,1994,10,Pacifica,20.556326740727165,1994-10-01,20.735979337558106,-0.17965259683094104,-0.29333995359527937
tmean,1994,11,Pacifica,20.47075010646441,1994-11-01,20.632880746098106,-0.16213063963369478,-0.29956309073953796
tmean,1994,12,Pacifica,21.012977769669217,1994-12-01,20.781717377805666,0.2312603918635503,-0.2726745535592112
tmean,1995,1,Pacifica,21.32887242847822,1995-01-01,21.000248660955872,0.32862376752234823,-0.21273212164555844
tmean,1995,2,Pacifica,21.614670468977238,1995-02-01,21.321478707007923,0.2931917619693145,-0.1490069161669476
tmean,1995,3,Pacifica,21.51771232114734,1995-03-01,21.476950913968096,0.04076140717924304,-0.09312034354886005
tmean,1995,4,Pacifica,21.288281267944452,1995-04-01,21.399652218618144,-0.11137095067369174,-0.062074191501762556
tmean,1995,5,Pacifica,21.00879749330633,1995-05-01,21.258720664227166,-0.24992317092083738,-0.06259683245067353
tmean,1995,6,Pacifica,20.843174333240537,1995-06-01,20.97907126952599,-0.13589693628545163,-0.0427881278773965
tmean,1995,7,Pacifica,20.493350821288594,1995-07-01,20.780220276472992,-0.286869455184398,-0.050446811017483974
tmean,1995,8,Pacifica,20.618686108618917,1995-08-01,20.871566823925612,-0.252880715306695,-0.03963279513492394
tmean,1995,9,Pacifica,20.6216837731075,1995-09-01,20.831784026631816,-0.21010025352431683,-0.057915615818797526
tmean,1995,10,Pacifica,20.287209726100777,1995-10-01,20.735979337558106,-0.44876961145732963,-0.08034203370432991
tmean,1995,11,Pacifica,20.346392366408892,1995-11-01,20.632880746098106,-0.2864883796892137,-0.09070517870895649
tmean,1995,12,Pacifica,20.27793856364053,1995-12-01,20.781717377805666,-0.5037788141651376,-0.1519584458780138
tmean,1996,1,Pacifica,20.180489290982916,1996-01-01,21.000248660955872,-0.8197593699729566,-0.2476570406692892
tmean,1996,2,Pacifica,20.5870175326232,1996-02-01,21.321478707007923,-0.7344611743847231,-0.33329478536545903
tmean,1996,3,Pacifica,20.969594400108942,1996-03-01,21.476950913968096,-0.507356513859154,-0.37897127878532544
tmean,1996,4,Pacifica,20.996323309841653,1996-04-01,21.399652218618144,-0.40332890877649064,-0.40330110862722535
tmean,1996,5,Pacifica,20.807157370723207,1996-05-01,21.258720664227166,-0.4515632935039591,-0.4201044521758188
tmean,1996,6,Pacifica,20.5492679610795,1996-06-01,20.97907126952599,-0.4298033084464876,-0.44459664985590513
tmean,1996,7,Pacifica,20.275489690943903,1996-07-01,20.780220276472992,-0.5047305855290887,-0.46275174405129604
tmean,1996,8,Pacifica,20.489618517865104,1996-08-01,20.871566823925612,-0.381948306060508,-0.4735073766141138
tmean,1996,9,Pacifica,20.724592536613375,1996-09-01,20.831784026631816,-0.1071914900184403,-0.46493164632195744
tmean,1996,10,Pacifica,20.54616960285114,1996-10-01,20.735979337558106,-0.18980973470696583,-0.44335165659276043
tmean,1996,11,Pacifica,20.507532220864913,1996-11-01,20.632880746098106,-0.12534852523319273,-0.429923335388092
tmean,1996,12,Pacifica,20.541517294666605,1996-12-01,20.781717377805666,-0.2402000831390616,-0.407958441135919
tmean,1997,1,Pacifica,20.08491847968588,1997-01-01,21.000248660955872,-0.9153301812699937,-0.4159226754106721
tmean,1997,2,Pacifica,20.906791964652676,1997-02-01,21.321478707007923,-0.41468674235524716,-0.38927480607488246
tmean,1997,3,Pacifica,21.761639618331376,1997-03-01,21.476950913968096,0.28468870436327975,-0.32327103788967965
tmean,1997,4,Pacifica,21.30342644582471,1997-04-01,21.399652218618144,-0.09622577279343503,-0.29767910989109164
tmean,1997,5,Pacifica,21.445259224801887,1997-05-01,21.258720664227166,0.1865385605747214,-0.24450395538453495
tmean,1997,6,Pacifica,21.11652389557608,1997-06-01,20.97907126952599,0.13745262605009145,-0.19723262750982004
tmean,1997,7,Pacifica,21.578219971496008,1997-07-01,20.780220276472992,0.7979996950230159,-0.08867177079714465
tmean,1997,8,Pacifica,21.603882586176873,1997-08-01,20.871566823925612,0.732315762251261,0.004183568228836106
tmean,1997,9,Pacifica,21.19261031636998,1997-09-01,20.831784026631816,0.36082628973816355,0.04318504987521976
tmean,1997,10,Pacifica,21.454705413370473,1997-10-01,20.735979337558106,0.7187260758123664,0.11889636741849745
tmean,1997,11,Pacifica,21.12734671824737,1997-11-01,20.632880746098106,0.49446597214926413,0.17054757553370217
tmean,1997,12,Pacifica,22.05711975743859,1997-12-01,20.781717377805666,1.2754023796329221,0.2968477807647008
tmean,1998,1,Pacifica,22.77713576505883,1998-01-01,21.000248660955872,1.7768871041029577,0.5211992212124468
tmean,1998,2,Pacifica,22.675113649886622,1998-02-01,21.321478707007923,1.3536349428786991,0.668559361648609
tmean,1998,3,Pacifica,22.66558134873354,1998-03-01,21.476950913968096,1.188630434765443,0.7438878391821225
tmean,1998,4,Pacifica,22.400623067373093,1998-04-01,21.399652218618144,1.0009708487549496,0.8353208909778213
tmean,1998,5,Pacifica,22.152669393213436,1998-05-01,21.258720664227166,0.8939487289862704,0.8942717383454504
tmean,1998,6,Pacifica,21.325821585170335,1998-06-01,20.97907126952599,0.34675031564434633,0.911713212478305
tmean,1998,7,Pacifica,20.722655656980596,1998-07-01,20.780220276472992,-0.05756461949239622,0.8404161862686873
tmean,1998,8,Pacifica,20.81553351321235,1998-08-01,20.871566823925612,-0.056033310713260676,0.7747204301883105
tmean,1998,9,Pacifica,20.755758238135584,1998-09-01,20.831784026631816,-0.07602578849623143,0.7383160903354442
tmean,1998,10,Pacifica,20.826631327950892,1998-10-01,20.735979337558106,0.09065199039278582,0.6859765832171458
tmean,1998,11,Pacifica,20.300680665966794,1998-11-01,20.632880746098106,-0.33220008013131164,0.6170877455270979
tmean,1998,12,Pacifica,20.354754764427035,1998-12-01,20.781717377805666,-0.42696261337863106,0.4752239961094684
tmean,1999,1,Pacifica,20.3560241708557,1999-01-01,21.000248660955872,-0.6442244901001715,0.27346469659254097
tmean,1999,2,Pacifica,20.484999083784192,1999-02-01,21.321478707007923,-0.836479623223731,0.09095514941733847
tmean,1999,3,Pacifica,20.742364396122067,1999-03-01,21.476950913968096,-0.7345865178460294,-0.06931292996695089
tmean,1999,4,Pacifica,20.836354827408364,1999-04-01,21.399652218618144,-0.5632973912097796,-0.19966861663067834
tmean,1999,5,Pacifica,20.58031276672452,1999-05-01,21.258720664227166,-0.6784078975026446,-0.3306983355047546
tmean,1999,6,Pacifica,20.24678396612704,1999-06-01,20.97907126952599,-0.7322873033989481,-0.42061813709169577
tmean,1999,7,Pacifica,20.192084165326996,1999-07-01,20.780220276472992,-0.588136111145996,-0.4648324280628291
tmean,1999,8,Pacifica,20.251156307652437,1999-08-01,20.871566823925612,-0.620410516273175,-0.5118638618594886
tmean,1999,9,Pacifica,20.094402364939338,1999-09-01,20.831784026631816,-0.7373816616924778,-0.5669768512925092
tmean,1999,10,Pacifica,20.047091165128712,1999-10-01,20.735979337558106,-0.6888881724293938,-0.6319385315276907
tmean,1999,11,Pacifica,19.923680648072473,1999-11-01,20.632880746098106,-0.709200098025633,-0.6633551996855509
tmean,1999,12,Pacifica,19.932844999642022,1999-12-01,20.781717377805666,-0.8488723781636445,-0.6985143467509687
tmean,2000,1,Pacifica,19.892902253909366,2000-01-01,21.000248660955872,-1.1073464070465064,-0.73710783982983
tmean,2000,2,Pacifica,20.338422166007106,2000-02-01,21.321478707007923,-0.983056541000817,-0.7493225829779204
tmean,2000,3,Pacifica,20.64000992573243,2000-03-01,21.476950913968096,-0.8369409882356678,-0.757852122177057
tmean,2000,4,Pacifica,20.715968759550353,2000-04-01,21.399652218618144,-0.6836834590677903,-0.7678842944985579
tmean,2000,5,Pacifica,20.603920959382638,2000-05-01,21.258720664227166,-0.6547997048445282,-0.7659169451103814
tmean,2000,6,Pacifica,20.436786283216012,2000-06-01,20.97907126952599,-0.5422849863099763,-0.7500834186863005
tmean,2000,7,Pacifica,20.17722507116936,2000-07-01,20.780220276472992,-0.6029952053036318,-0.7513216765327702
tmean,2000,8,Pacifica,20.497063736710754,2000-08-01,20.871566823925612,-0.37450308721485825,-0.7308293907779104
tmean,2000,9,Pacifica,20.294849831813202,2000-09-01,20.831784026631816,-0.5369341948186133,-0.7141254352050884
tmean,2000,10,Pacifica,20.443884508874532,2000-10-01,20.735979337558106,-0.29209482868357384,-0.68105932322627
tmean,2000,11,Pacifica,20.189442477812864,2000-11-01,20.632880746098106,-0.4434382682852416,-0.6589125040812375
tmean,2000,12,Pacifica,20.34220055353737,2000-12-01,20.781717377805666,-0.43951682426829564,-0.6247995412566251
tmean,2001,1,Pacifica,20.28172233343422,2001-01-01,21.000248660955872,-0.7185263275216514,-0.5923978679628871
tmean,2001,2,Pacifica,21.09449448703934,2001-02-01,21.321478707007923,-0.22698421996858187,-0.5293918412102009
tmean,2001,3,Pacifica,21.031459843481972,2001-03-01,21.476950913968096,-0.44549107048612413,-0.4967710147310722
tmean,2001,4,Pacifica,21.268330983225137,2001-04-01,21.399652218618144,-0.13132123539300622,-0.45074082942484023
tmean,2001,5,Pacifica,20.866667189920634,2001-05-01,21.258720664227166,-0.3920534743065325,-0.42884531021334055
tmean,2001,6,Pacifica,20.51027939003008,2001-06-01,20.97907126952599,-0.4687918794959067,-0.42272088464550145
tmean,2001,7,Pacifica,20.41903537421213,2001-07-01,20.780220276472992,-0.3611849022608631,-0.40257002605860404
tmean,2001,8,Pacifica,20.965174128502017,2001-08-01,20.871566823925612,0.09360730457640543,-0.3635608267426654
tmean,2001,9,Pacifica,20.3411320679852,2001-09-01,20.831784026631816,-0.49065195864661604,-0.3597039737283323
tmean,2001,10,Pacifica,20.765395445446106,2001-10-01,20.735979337558106,0.029416107888000198,-0.3329113956807011
tmean,2001,11,Pacifica,20.409810681458584,2001-11-01,20.632880746098106,-0.22307006463952206,-0.3145473787102245
tmean,2001,12,Pacifica,20.773202856908515,2001-12-01,20.781717377805666,-0.008514520897151101,-0.27863052009596245
tmean,2002,1,Pacifica,20.947661220085756,2002-01-01,21.000248660955872,-0.05258744087011635,-0.2231356128750012
tmean,2002,2,Pacifica,21.379815353632065,2002-02-01,21.321478707007923,0.05833664662414151,-0.19935887399227425
tmean,2002,3,Pacifica,21.739078206926415,2002-03-01,21.476950913968096,0.2621272929583185,-0.1403906770385707
tmean,2002,4,Pacifica,21.26174485706463,2002-04-01,21.399652218618144,-0.1379073615535127,-0.14093952088527958
tmean,2002,5,Pacifica,21.552804368835393,2002-05-01,21.258720664227166,0.2940837046082265,-0.083761422642383
tmean,2002,6,Pacifica,20.88564150745868,2002-06-01,20.97907126952599,-0.09342976206730924,-0.052481246189999865
tmean,2002,7,Pacifica,20.80161787931584,2002-07-01,20.780220276472992,0.02139760284284975,-0.020599370764690466
tmean,2002,8,Pacifica,20.907464024349874,2002-08-01,20.871566823925612,0.035897200424262365,-0.025408546110702385
tmean,2002,9,Pacifica,20.74805006849722,2002-09-01,20.831784026631816,-0.08373395813459439,0.008501287265299418
tmean,2002,10,Pacifica,20.789022454126417,2002-10-01,20.735979337558106,0.05304311656831118,0.010470204655325333
tmean,2002,11,Pacifica,20.76123056003506,2002-11-01,20.632880746098106,0.12834981393695344,0.03975519453669829
tmean,2002,12,Pacifica,21.259184615303415,2002-12-01,20.781717377805666,0.47746723749774844,0.08025367440293991
tmean,2003,1,Pacifica,21.607864241651946,2003-01-01,21.000248660955872,0.6076155806960735,0.13527059286678908
tmean,2003,2,Pacifica,21.710615416697564,2003-02-01,21.321478707007923,0.389136709689641,0.16283726478891403
tmean,2003,3,Pacifica,21.77134649263152,2003-03-01,21.476950913968096,0.2943955786634227,0.1655262885976727
tmean,2003,4,Pacifica,21.412491625565167,2003-04-01,21.399652218618144,0.012839406947023235,0.1780885193060507
tmean,2003,5,Pacifica,21.15489320992365,2003-05-01,21.258720664227166,-0.10382745430351648,0.14492925606340545
tmean,2003,6,Pacifica,20.681907526487542,2003-06-01,20.97907126952599,-0.29716374303844617,0.12795142431581072
tmean,2003,7,Pacifica,20.69219720265092,2003-07-01,20.780220276472992,-0.08802307382207175,0.11883303459373391
tmean,2003,8,Pacifica,20.833344108719803,2003-08-01,20.871566823925612,-0.038222715205808555,0.11265637495789467
tmean,2003,9,Pacifica,20.72255435697207,2003-09-01,20.831784026631816,-0.10922966965974723,0.1105317323307986
tmean,2003,10,Pacifica,20.631200812386158,2003-10-01,20.735979337558106,-0.10477852517194819,0.09737992885244366
tmean,2003,11,Pacifica,20.64580178737205,2003-11-01,20.632880746098106,0.012921041273944667,0.0877608644638596
tmean,2003,12,Pacifica,20.78679634588444,2003-12-01,20.781717377805666,0.005078968078773727,0.0483951753456117
tmean,2004,1,Pacifica,20.93369869975532,2004-01-01,21.000248660955872,-0.06654996120055401,-0.007785286479107256
tmean,2004,2,Pacifica,21.46165387633078,2004-02-01,21.321478707007923,0.14017516932285545,-0.028532081509672718
tmean,2004,3,Pacifica,21.816450622933985,2004-03-01,21.476950913968096,0.33949970896588866,-0.02477340398446722
tmean,2004,4,Pacifica,21.371718268268392,2004-04-01,21.399652218618144,-0.02793395034975177,-0.02817118375919847
tmean,2004,5,Pacifica,21.18850427117579,2004-05-01,21.258720664227166,-0.07021639305137484,-0.025370261988186666
tmean,2004,6,Pacifica,20.888069850555265,2004-06-01,20.97907126952599,-0.09100141897072334,-0.008190068315876431
tmean,2004,7,Pacifica,20.369297873460695,2004-07-01,20.780220276472992,-0.41092240301229666,-0.035098345748395175
tmean,2004,8,Pacifica,20.862274697748777,2004-08-01,20.871566823925612,-0.009292126176834614,-0.032687463329314013
tmean,2004,9,Pacifica,20.594896949920063,2004-09-01,20.831784026631816,-0.2368870767117528,-0.043325580583647806
tmean,2004,10,Pacifica,20.60018518011117,2004-10-01,20.735979337558106,-0.1357941574469379,-0.045910216606563616
tmean,2004,11,Pacifica,20.63185798063239,2004-11-01,20.632880746098106,-0.0010227654657164464,-0.04707220050153538
tmean,2004,12,Pacifica,20.761762620972025,2004-12-01,20.781717377805666,-0.01995475683364134,-0.04915834424423663
tmean,2005,1,Pacifica,20.962878815105267,2005-01-01,21.000248660955872,-0.03736984585060554,-0.04672666796507426
tmean,2005,2,Pacifica,21.404836706359095,2005-02-01,21.321478707007923,0.08335799935117194,-0.05146143212938122
tmean,2005,3,Pacifica,21.29724841110544,2005-03-01,21.476950913968096,-0.1797025028626571,-0.09472828311509336
tmean,2005,4,Pacifica,21.642490041337457,2005-04-01,21.399652218618144,0.24283782271931287,-0.07216396869267132
tmean,2005,5,Pacifica,21.365420398816486,2005-05-01,21.258720664227166,0.10669973458931992,-0.05742095805594675
tmean,2005,6,Pacifica,20.978109675724895,2005-06-01,20.97907126952599,-0.0009615938010938407,-0.04991763929181096
tmean,2005,7,Pacifica,21.088943903064543,2005-07-01,20.780220276472992,0.3087236265915507,0.010052863175176322
tmean,2005,8,Pacifica,20.874717398484126,2005-08-01,20.871566823925612,0.0031505745585143075,0.011089754903122065
tmean,2005,9,Pacifica,20.94823925770614,2005-09-01,20.831784026631816,0.11645523107432254,0.040534947218628346
tmean,2005,10,Pacifica,20.459437606701954,2005-10-01,20.735979337558106,-0.2765417308561524,0.028805982767860467
tmean,2005,11,Pacifica,20.383808386253502,2005-11-01,20.632880746098106,-0.24907235984460385,0.008135183236286517
tmean,2005,12,Pacifica,20.24174561261933,2005-12-01,20.781717377805666,-0.5399717651863369,-0.03519956745977145
tmean,2006,1,Pacifica,20.540364508406274,2006-01-01,21.000248660955872,-0.45988415254959847,-0.07040909301802085
tmean,2006,2,Pacifica,21.216727467162922,2006-02-01,21.321478707007923,-0.10475123984500101,-0.08608486295103528
tmean,2006,3,Pacifica,21.085091321877588,2006-03-01,21.476950913968096,-0.39185959209050836,-0.10376462038668954
tmean,2006,4,Pacifica,21.00701872590495,2006-04-01,21.399652218618144,-0.3926334927131947,-0.15672056333939852
tmean,2006,5,Pacifica,21.01912412660161,2006-05-01,21.258720664227166,-0.23959653762555533,-0.18557858602397145
tmean,2006,6,Pacifica,20.751432502962388,2006-06-01,20.97907126952599,-0.22763876656360083,-0.20446835042084702
tmean,2006,7,Pacifica,20.804440621674896,2006-07-01,20.780220276472992,0.02422034520190408,-0.22817695720331757
tmean,2006,8,Pacifica,21.13858249092971,2006-08-01,20.871566823925612,0.26701566700409884,-0.20618819949951886
tmean,2006,9,Pacifica,20.956870159175168,2006-09-01,20.831784026631816,0.12508613254335188,-0.20546895771043308
tmean,2006,10,Pacifica,20.936431032662355,2006-10-01,20.735979337558106,0.20045169510424898,-0.1657195055470663
tmean,2006,11,Pacifica,20.613526117793395,2006-11-01,20.632880746098106,-0.01935462830471124,-0.14657636125207527
tmean,2006,12,Pacifica,20.864927173330877,2006-12-01,20.781717377805666,0.08320979552521024,-0.09464456452611299
tmean,2007,1,Pacifica,21.61863278661123,2007-01-01,21.000248660955872,0.618384125655357,-0.004788874675700032
tmean,2007,2,Pacifica,21.61217274269897,2007-02-01,21.321478707007923,0.2906940356910468,0.028164898285637285
tmean,2007,3,Pacifica,21.18661412959625,2007-03-01,21.476950913968096,-0.2903367843718456,0.036625132262192515
tmean,2007,4,Pacifica,21.141845790245956,2007-04-01,21.399652218618144,-0.2578064283721879,0.04786072095727641
tmean,2007,5,Pacifica,20.965944823224923,2007-05-01,21.258720664227166,-0.29277584100224274,0.04342911234255246
tmean,2007,6,Pacifica,20.67128310265132,2007-06-01,20.97907126952599,-0.30778816687466914,0.03674999564996343
tmean,2007,7,Pacifica,20.722347164172813,2007-07-01,20.780220276472992,-0.057873112300178775,0.02990887419145653
tmean,2007,8,Pacifica,20.353348517360878,2007-08-01,20.871566823925612,-0.5182183065647337,-0.035527290272612845
tmean,2007,9,Pacifica,20.67875676926174,2007-09-01,20.831784026631816,-0.15302725737007705,-0.058703406098731925
tmean,2007,10,Pacifica,20.29927156727604,2007-10-01,20.735979337558106,-0.43670777028206587,-0.11180002821425816
tmean,2007,11,Pacifica,20.398625119287107,2007-11-01,20.632880746098106,-0.23425562681099876,-0.1297084447564488
tmean,2007,12,Pacifica,19.98667575076292,2007-12-01,20.781717377805666,-0.7950416270427461,-0.2028960633037785
tmean,2008,1,Pacifica,20.424027227825555,2008-01-01,21.000248660955872,-0.5762214331303177,-0.302446526535918
tmean,2008,2,Pacifica,20.4253410888847,2008-02-01,21.321478707007923,-0.8961376181232232,-0.4013491643537739
tmean,2008,3,Pacifica,20.740775533923514,2008-03-01,21.476950913968096,-0.7361753800445818,-0.4385023806598352
tmean,2008,4,Pacifica,20.94706641744035,2008-04-01,21.399652218618144,-0.45258580117779346,-0.4547339950603024
tmean,2008,5,Pacifica,20.736283356950413,2008-05-01,21.258720664227166,-0.5224373072767534,-0.47387245058317823
tmean,2008,6,Pacifica,20.7004897979169,2008-06-01,20.97907126952599,-0.27858147160908686,-0.4714385593110464
tmean,2008,7,Pacifica,20.290697529288042,2008-07-01,20.780220276472992,-0.4895227471849495,-0.5074093622181106
tmean,2008,8,Pacifica,20.45875852224041,2008-08-01,20.871566823925612,-0.4128083016852031,-0.4986251951448164
tmean,2008,9,Pacifica,20.749030648090294,2008-09-01,20.831784026631816,-0.08275337854152198,-0.49276903857577015
tmean,2008,10,Pacifica,20.6028670286264,2008-10-01,20.735979337558106,-0.13311230893170745,-0.4674694167965736
tmean,2008,11,Pacifica,20.446044160914518,2008-11-01,20.632880746098106,-0.18683658518358826,-0.4635178299942894
tmean,2008,12,Pacifica,20.34145190849429,2008-12-01,20.781717377805666,-0.44026546931137744,-0.433953150183342
tmean,2009,1,Pacifica,20.50823792074239,2009-01-01,21.000248660955872,-0.4920107402134839,-0.4269355924402725
tmean,2009,2,Pacifica,20.855389167795366,2009-02-01,21.321478707007923,-0.46608953921255747,-0.3910982525310504
tmean,2009,3,Pacifica,21.05093662753248,2009-03-01,21.476950913968096,-0.4260142864356169,-0.3652514947303033
tmean,2009,4,Pacifica,21.29790281506183,2009-04-01,21.399652218618144,-0.10174940355631534,-0.3360151282618468
tmean,2009,5,Pacifica,21.214207152598245,2009-05-01,21.258720664227166,-0.04451351162892081,-0.2961881452911941
tmean,2009,6,Pacifica,21.015194514704582,2009-06-01,20.97907126952599,0.03612324517859378,-0.26996275222555405
tmean,2009,7,Pacifica,21.055864888480613,2009-07-01,20.780220276472992,0.27564461200762125,-0.20619880562617313
tmean,2009,8,Pacifica,21.00403031867546,2009-08-01,20.871566823925612,0.13246349474984953,-0.16075948925658542
tmean,2009,9,Pacifica,21.324699431735993,2009-09-01,20.831784026631816,0.49291540510417775,-0.11278709061944377
tmean,2009,10,Pacifica,21.094181518610924,2009-10-01,20.735979337558106,0.35820218105281754,-0.07184421645406669
tmean,2009,11,Pacifica,21.037840832461477,2009-11-01,20.632880746098106,0.40496008636337066,-0.02252782715848678
tmean,2009,12,Pacifica,21.108096142341214,2009-12-01,20.781717377805666,0.3263787645355478,0.04135919232875699
tmean,2010,1,Pacifica,21.7617942851673,2010-01-01,21.000248660955872,0.7615456242114291,0.14582222269749975
tmean,2010,2,Pacifica,22.150564289407548,2010-02-01,21.321478707007923,0.8290855823996246,0.25375348283184823
tmean,2010,3,Pacifica,22.10422922536629,2010-03-01,21.476950913968096,0.627278311398193,0.3415278659846657
tmean,2010,4,Pacifica,21.850906624608562,2010-04-01,21.399652218618144,0.45125440599041866,0.38761151678022693
tmean,2010,5,Pacifica,21.806895670716226,2010-05-01,21.258720664227166,0.5481750064890605,0.437002226623392
tmean,2010,6,Pacifica,21.000770969193383,2010-06-01,20.97907126952599,0.021699699667394157,0.43580026449745873
tmean,2010,7,Pacifica,20.650460001656068,2010-07-01,20.780220276472992,-0.12976027481692398,0.4020165239287466
tmean,2010,8,Pacifica,20.706769082032984,2010-08-01,20.871566823925612,-0.16479774189262741,0.3772447542085402
tmean,2010,9,Pacifica,20.64297641104135,2010-09-01,20.831784026631816,-0.18880761559046633,0.3204345024839865
tmean,2010,10,Pacifica,20.496571421114542,2010-10-01,20.735979337558106,-0.23940791644356452,0.2706336610259547
tmean,2010,11,Pacifica,19.928231438858095,2010-11-01,20.632880746098106,-0.7046493072400111,0.17816621155900622
tmean,2010,12,Pacifica,19.942193591259866,2010-12-01,20.781717377805666,-0.8395237865458007,0.0810076656355605
tmean,2011,1,Pacifica,20.36893615493535,2011-01-01,21.000248660955872,-0.6313125060205209,-0.035063845217102006
tmean,2011,2,Pacifica,20.849869314267625,2011-02-01,21.321478707007923,-0.471609392740298,-0.1434550931454289
tmean,2011,3,Pacifica,20.794107799908424,2011-03-01,21.476950913968096,-0.682843114059672,-0.252631878600251
tmean,2011,4,Pacifica,20.967866880801626,2011-04-01,21.399652218618144,-0.4317853378165175,-0.3262185239174957
tmean,2011,5,Pacifica,21.1818203018457,2011-05-01,21.258720664227166,-0.07690036238146547,-0.3783081379900395
tmean,2011,6,Pacifica,20.956554043830153,2011-06-01,20.97907126952599,-0.02251722569583592,-0.38199288177030866
tmean,2011,7,Pacifica,20.68751959290872,2011-07-01,20.780220276472992,-0.09270068356427075,-0.37890458249925424
tmean,2011,8,Pacifica,20.826638040500956,2011-08-01,20.871566823925612,-0.04492878342465545,-0.36891550262692324
tmean,2011,9,Pacifica,20.772632517276246,2011-09-01,20.831784026631816,-0.05915150935556923,-0.3581108271073485
tmean,2011,10,Pacifica,20.17097576762638,2011-10-01,20.735979337558106,-0.5650035699317257,-0.3852437982313619
tmean,2011,11,Pacifica,20.315548610639,2011-11-01,20.632880746098106,-0.31733213545910743,-0.3529673672496199
tmean,2011,12,Pacifica,20.309820517415357,2011-12-01,20.781717377805666,-0.4718968603903093,-0.3223317900699956
tmean,2012,1,Pacifica,20.515027873997862,2012-01-01,21.000248660955872,-0.48522078695800985,-0.3101574801481197
tmean,2012,2,Pacifica,20.572205256049603,2012-02-01,21.321478707007923,-0.7492734509583201,-0.33329615166628823
tmean,2012,3,Pacifica,21.444425677824118,2012-03-01,21.476950913968096,-0.03252523614397873,-0.2791029951733138
tmean,2012,4,Pacifica,21.175260013990265,2012-04-01,21.399652218618144,-0.224392204627879,-0.2618202340742606
tmean,2012,5,Pacifica,21.022537296191228,2012-05-01,21.258720664227166,-0.2361833680359382,-0.2750938178788
tmean,2012,6,Pacifica,21.03081435457604,2012-06-01,20.97907126952599,0.05174308505005243,-0.26890545864997595
tmean,2012,7,Pacifica,20.981228310998382,2012-07-01,20.780220276472992,0.2010080345253904,-0.24442973214250419
tmean,2012,8,Pacifica,20.88540292835022,2012-08-01,20.871566823925612,0.01383610442460892,-0.2395326581550655
tmean,2012,9,Pacifica,20.969275625406237,2012-09-01,20.831784026631816,0.13749159877442096,-0.2231457324775663
tmean,2012,10,Pacifica,20.75663309978354,2012-10-01,20.735979337558106,0.02065376222543236,-0.17434095479780312
tmean,2012,11,Pacifica,20.75265066836112,2012-11-01,20.632880746098106,0.1197699222630142,-0.13791578332095966
tmean,2012,12,Pacifica,20.75417676808923,2012-12-01,20.781717377805666,-0.027540609716435682,-0.10088609576480352
tmean,2013,1,Pacifica,21.560129237103876,2013-01-01,21.000248660955872,0.5598805761480037,-0.013794315505969065
tmean,2013,2,Pacifica,21.12588562650046,2013-02-01,21.321478707007923,-0.19559308050746438,0.03234571536493558
tmean,2013,3,Pacifica,21.515509574429043,2013-03-01,21.476950913968096,0.03855866046094647,0.03826937341534601
tmean,2013,4,Pacifica,21.554505611054015,2013-04-01,21.399652218618144,0.15485339243587148,0.06987317317065855
tmean,2013,5,Pacifica,21.016613053482637,2013-05-01,21.258720664227166,-0.24210761074452947,0.06937948627827595
tmean,2013,6,Pacifica,21.01772654792821,2013-06-01,20.97907126952599,0.038655278402220716,0.06828883572428997
tmean,2013,7,Pacifica,20.63319688869767,2013-07-01,20.780220276472992,-0.1470233877753202,0.039286217199230755
tmean,2013,8,Pacifica,20.635357340657425,2013-08-01,20.871566823925612,-0.23620948326818691,0.01844908489149777
tmean,2013,9,Pacifica,20.82534837113978,2013-09-01,20.831784026631816,-0.006435655492037284,0.006455147035959581
tmean,2013,10,Pacifica,20.777646929733297,2013-10-01,20.735979337558106,0.041667592175191004,0.008206299531772801
tmean,2013,11,Pacifica,20.540955790626537,2013-11-01,20.632880746098106,-0.09192495547156909,-0.009434940279442472
tmean,2013,12,Pacifica,20.755544202353523,2013-12-01,20.781717377805666,-0.026173175452143482,-0.00932098742408479
tmean,2014,1,Pacifica,21.058115270618075,2014-01-01,21.000248660955872,0.05786660966220225,-0.051155484631234906
tmean,2014,2,Pacifica,21.17570133710269,2014-02-01,21.321478707007923,-0.1457773699052325,-0.04700417541438225
tmean,2014,3,Pacifica,21.297164068591666,2014-03-01,21.476950913968096,-0.1797868453764302,-0.06519963423416364
tmean,2014,4,Pacifica,21.63105641052256,2014-04-01,21.399652218618144,0.2314041919044172,-0.058820400945118166
tmean,2014,5,Pacifica,21.204225513369174,2014-05-01,21.258720664227166,-0.05449515085799206,-0.04318602928790671
tmean,2014,6,Pacifica,21.382952933575215,2014-06-01,20.97907126952599,0.40388166404922643,-0.012750497150656237
tmean,2014,7,Pacifica,21.41760106251476,2014-07-01,20.780220276472992,0.6373807860417671,0.05261651733410103
tmean,2014,8,Pacifica,20.8905491604106,2014-08-01,20.871566823925612,0.018982336484988593,0.07388250231353233
tmean,2014,9,Pacifica,20.905627012669445,2014-09-01,20.831784026631816,0.07384298603762929,0.08057238910767121
tmean,2014,10,Pacifica,20.90904895070773,2014-10-01,20.735979337558106,0.1730696131496252,0.09152255752220739
tmean,2014,11,Pacifica,20.824597037746337,2014-11-01,20.632880746098106,0.19171629164823045,0.11515932811552403
tmean,2014,12,Pacifica,21.036475988827654,2014-12-01,20.781717377805666,0.2547586110219875,0.1385703103217016
tmean,2015,1,Pacifica,21.26123659937042,2015-01-01,21.000248660955872,0.2609879384145479,0.1554970877177304
tmean,2015,2,Pacifica,21.433395198402835,2015-02-01,21.321478707007923,0.11191649139491133,0.17697157615940906
tmean,2015,3,Pacifica,21.5300773185808,2015-03-01,21.476950913968096,0.0531264046127049,0.19638101365850366
tmean,2015,4,Pacifica,21.641556119991765,2015-04-01,21.399652218618144,0.24190390137362172,0.19725598944760403
tmean,2015,5,Pacifica,21.716768506095804,2015-05-01,21.258720664227166,0.45804784186863756,0.2399679055081565
tmean,2015,6,Pacifica,21.67294569200755,2015-06-01,20.97907126952599,0.6938744224815601,0.264133968710851
tmean,2015,7,Pacifica,21.39771943402601,2015-07-01,20.780220276472992,0.6174991575530164,0.2624771663367884
tmean,2015,8,Pacifica,21.524902998675174,2015-08-01,20.871566823925612,0.6533361747495618,0.3153399861921695
tmean,2015,9,Pacifica,21.65904853815328,2015-09-01,20.831784026631816,0.827264511521463,0.3781251133158223
tmean,2015,10,Pacifica,21.50485756086951,2015-10-01,20.735979337558106,0.768878223311404,0.42777583082930387
tmean,2015,11,Pacifica,21.367476119745252,2015-11-01,20.632880746098106,0.7345953736471458,0.4730157543292135
tmean,2015,12,Pacifica,22.111263644177882,2015-12-01,20.781717377805666,1.3295462663722155,0.5625813922750659
tmean,2016,1,Pacifica,22.169914384011836,2016-01-01,21.000248660955872,1.1696657230559637,0.6383045409951839
tmean,2016,2,Pacifica,22.572341933757578,2016-02-01,21.321478707007923,1.2508632267496544,0.7332167689414124
tmean,2016,3,Pacifica,22.533919250434305,2016-03-01,21.476950913968096,1.056968336466209,0.8168702632625378
tmean,2016,4,Pacifica,22.207447937911734,2016-04-01,21.399652218618144,0.8077957192935905,0.8640279147558685
tmean,2016,5,Pacifica,21.952813609615134,2016-05-01,21.258720664227166,0.6940929453879683,0.883698340049146
tmean,2016,6,Pacifica,21.245736090840975,2016-06-01,20.97907126952599,0.26666482131498626,0.8480975399519316
tmean,2016,7,Pacifica,20.866761995131252,2016-07-01,20.780220276472992,0.08654171865826044,0.8038510867107019
tmean,2016,8,Pacifica,21.298447720102978,2016-08-01,20.871566823925612,0.4268808961773658,0.7849798134963523
tmean,2016,9,Pacifica,21.075586416893362,2016-09-01,20.831784026631816,0.24380239026154626,0.7363579700580258
tmean,2016,10,Pacifica,20.971874796002744,2016-10-01,20.735979337558106,0.235895458444638,0.691942739652462
tmean,2016,11,Pacifica,20.96735213640225,2016-11-01,20.632880746098106,0.3344713903041452,0.6585990743738787
tmean,2016,12,Pacifica,20.910795805455162,2016-12-01,20.781717377805666,0.12907842764949606,0.558560087813652
tmean,2017,1,Pacifica,21.00845493210958,2017-01-01,21.000248660955872,0.008206271153706979,0.4617718001551306
tmean,2017,2,Pacifica,21.75520021877239,2017-02-01,21.321478707007923,0.4337215117644675,0.39367665723969836
tmean,2017,3,Pacifica,21.598928505802863,2017-03-01,21.476950913968096,0.1219775918347672,0.31576076185374485
tmean,2017,4,Pacifica,21.967290296616287,2017-04-01,21.399652218618144,0.5676380779981436,0.2957476250791243
tmean,2017,5,Pacifica,21.599244057004427,2017-05-01,21.258720664227166,0.3405233927772606,0.2662834956948987
tmean,2017,6,Pacifica,21.348560935707408,2017-06-01,20.97907126952599,0.3694896661814191,0.2748522327671014
tmean,2017,7,Pacifica,21.190055975555392,2017-07-01,20.780220276472992,0.40983569908240014,0.30179339780244635
tmean,2017,8,Pacifica,21.263167392161552,2017-08-01,20.871566823925612,0.39160056823594047,0.29885337047399424
tmean,2017,9,Pacifica,21.3764261523058,2017-09-01,20.831784026631816,0.5446421256739846,0.3239233484250308
tmean,2017,10,Pacifica,21.193499138525127,2017-10-01,20.735979337558106,0.4575198009670203,0.3423920436352293
tmean,2017,11,Pacifica,20.891303318162137,2017-11-01,20.632880746098106,0.2584225720640312,0.3360546421152198
tmean,2017,12,Pacifica,21.14687219826998,2017-12-01,20.781717377805666,0.365154820464312,0.3557276748497878
tmean,2018,1,Pacifica,20.79956509350159,2018-01-01,21.000248660955872,-0.20068356745428062,0.3383201882991222
tmean,2018,2,Pacifica,21.426193412611248,2018-02-01,21.321478707007923,0.10471470560332463,0.31090295445236027
tmean,2018,3,Pacifica,21.71138321093117,2018-03-01,21.476950913968096,0.23443229696307455,0.32027417987971923
tmean,2018,4,Pacifica,21.31845494728193,2018-04-01,21.399652218618144,-0.08119727133621524,0.26620456743518933
tmean,2018,5,Pacifica,21.2449712517979,2018-05-01,21.258720664227166,-0.013749412429266528,0.2366818336679787
tmean,2018,6,Pacifica,21.0810032516933,2018-06-01,20.97907126952599,0.10193198216731147,0.21438536000013642
tmean,2018,7,Pacifica,21.11969367123424,2018-07-01,20.780220276472992,0.3394733947612494,0.2085218346400405
tmean,2018,8,Pacifica,21.284957989970266,2018-08-01,20.871566823925612,0.4133911660446543,0.21033771779076668
tmean,2018,9,Pacifica,21.188384963417576,2018-09-01,20.831784026631816,0.3566009367857603,0.19466761871674798
tmean,2018,10,Pacifica,21.22214537558891,2018-10-01,20.735979337558106,0.4861660380308024,0.19705480513872983
tmean,2018,11,Pacifica,21.269820495685195,2018-11-01,20.632880746098106,0.6369397495870892,0.22859790326565133
tmean,2018,12,Pacifica,21.4605257317715,2018-12-01,20.781717377805666,0.6788083539658345,0.25473569772411153
tmean,2019,1,Pacifica,21.848830858064353,2019-01-01,21.000248660955872,0.848582197108481,0.342174511437675
tmean,2019,2,Pacifica,22.070661681603916,2019-02-01,21.321478707007923,0.7491829745959926,0.39588020052039735
tmean,2019,3,Pacifica,22.216723033429354,2019-03-01,21.476950913968096,0.7397721194612572,0.4379918523952459
tmean,2019,4,Pacifica,21.978724349582965,2019-04-01,21.399652218618144,0.5790721309648212,0.4930143025869989
tmean,2019,5,Pacifica,21.699411805214314,2019-05-01,21.258720664227166,0.44069114098714834,0.5308843487050335
tmean,2019,6,Pacifica,21.694182783628968,2019-06-01,20.97907126952599,0.7151115141029791,0.5819826430330058
tmean,2019,7,Pacifica,21.38113145385333,2019-07-01,20.780220276472992,0.6009111773803397,0.60376912491793
tmean,2019,8,Pacifica,21.61550578974968,2019-08-01,20.871566823925612,0.7439389658240678,0.6313147748995478
tmean,2019,9,Pacifica,21.38018566195105,2019-09-01,20.831784026631816,0.5484016353192338,0.647298166444004
tmean,2019,10,Pacifica,20.92703050268852,2019-10-01,20.735979337558106,0.1910511651304141,0.6227052603689716
tmean,2019,11,Pacifica,21.26970336312648,2019-11-01,20.632880746098106,0.6368226170283755,0.6226954993224121
tmean,2019,12,Pacifica,21.361095270430706,2019-12-01,20.781717377805666,0.5793778926250397,0.6144096275440125
tmean,2020,1,Pacifica,21.975093790729318,2020-01-01,21.000248660955872,0.9748451297734455,0.6249315385994262
tmean,2020,2,Pacifica,22.359052138092537,2020-02-01,21.321478707007923,1.0375734310846134,0.6489640766401447
tmean,2020,3,Pacifica,22.28972981807392,2020-03-01,21.476950913968096,0.8127789041058229,0.6550479753605251
tmean,2020,4,Pacifica,21.770622927903926,2020-04-01,21.399652218618144,0.3709707092857819,0.6377061902206052
tmean,2020,5,Pacifica,21.774505121156043,2020-05-01,21.258720664227166,0.515784456928877,0.6439639665490825
tmean,2020,6,Pacifica,21.19537093519183,2020-06-01,20.97907126952599,0.21629966566584002,0.6023963125126542
tmean,2020,7,Pacifica,20.891558030065035,2020-07-01,20.780220276472992,0.11133775359204279,0.5615985271969629
tmean,2020,8,Pacifica,20.996344721455483,2020-08-01,20.871566823925612,0.12477789752987078,0.5100017715057797
tmean,2020,9,Pacifica,21.01494543756458,2020-09-01,20.831784026631816,0.18316141093276528,0.47956508614024074
tmean,2020,10,Pacifica,21.06653677969922,2020-10-01,20.735979337558106,0.3305574421411137,0.4911906092244657
tmean,2020,11,Pacifica,21.022141185561225,2020-11-01,20.632880746098106,0.3892604394631185,0.4705604277606943
tmean,2020,12,Pacifica,20.800560381033282,2020-12-01,20.781717377805666,0.018843003227615895,0.4238491869775756
tmean,2021,1,Pacifica,20.98285842073585,2021-01-01,21.000248660955872,-0.01739024022002056,0.3411629061447868
tmean,2021,2,Pacifica,21.5251514138792,2021-02-01,21.321478707007923,0.20367270687127714,0.2716711791270088
tmean,2021,3,Pacifica,21.288754405426317,2021-03-01,21.476950913968096,-0.18819650854177894,0.18825656140637528
tmean,2021,4,Pacifica,21.33822717085581,2021-04-01,21.399652218618144,-0.06142504776233437,0.1522235816523656
tmean,2021,5,Pacifica,21.31282177629263,2021-05-01,21.258720664227166,0.05410111206546375,0.1137499695804145
tmean,2021,6,Pacifica,20.89112310430233,2021-06-01,20.97907126952599,-0.08794816522365778,0.08839598367295635
tmean,2021,7,Pacifica,21.02340451708032,2021-07-01,20.780220276472992,0.24318424060732724,0.09938319092423005
tmean,2021,8,Pacifica,20.785942427932262,2021-08-01,20.871566823925612,-0.08562439599334937,0.0818496664639617
tmean,2021,9,Pacifica,21.002309125733692,2021-09-01,20.831784026631816,0.17052509910187652,0.08079664047805431
tmean,2021,10,Pacifica,21.00839264915678,2021-10-01,20.735979337558106,0.27241331159867244,0.0759512962661842
tmean,2021,11,Pacifica,20.54155855753274,2021-11-01,20.632880746098106,-0.09132218856536767,0.03590274393047702
tmean,2021,12,Pacifica,20.88359797041362,2021-12-01,20.781717377805666,0.10188059260795512,0.04282254304550529
tmean,2022,1,Pacifica,20.843646335918976,2022-01-01,21.000248660955872,-0.15660232503689642,0.031221535977432307
tmean,2022,2,Pacifica,20.827321470413796,2022-02-01,21.321478707007923,-0.4941572365941269,-0.026930959311351366
tmean,2022,3,Pacifica,21.179390927595637,2022-03-01,21.476950913968096,-0.29755998637245895,-0.036044582463908036
tmean,2022,4,Pacifica,21.24004454159528,2022-04-01,21.399652218618144,-0.15960767702286205,-0.044226468235618675
tmean,2022,5,Pacifica,21.153491825105135,2022-05-01,21.258720664227166,-0.10522883912203085,-0.05750396416790989
tmean,2022,6,Pacifica,20.403909451558516,2022-06-01,20.97907126952599,-0.5751618179674729,-0.09810510189656114
tmean,2022,7,Pacifica,20.707131558559443,2022-07-01,20.780220276472992,-0.07308871791354932,-0.12446118177330086
tmean,2022,8,Pacifica,20.70084585715678,2022-08-01,20.871566823925612,-0.1707209667688332,-0.13155256267125784
tmean,2022,9,Pacifica,20.845365151452622,2022-09-01,20.831784026631816,0.013581124820806423,-0.14463122719468036
tmean,2022,10,Pacifica,20.725373778142362,2022-10-01,20.735979337558106,-0.010605559415743926,-0.16821613311254838
tmean,2022,11,Pacifica,20.627978609152933,2022-11-01,20.632880746098106,-0.004902136945172941,-0.16101446214419882
tmean,2022,12,Pacifica,20.50611603301011,2022-12-01,20.781717377805666,-0.2756013447955574,-0.1924712902611582
tmean,2023,1,Pacifica,20.611555939554737,2023-01-01,21.000248660955872,-0.3886927214011351,-0.21181215662484476
tmean,2023,2,Pacifica,21.545639997441317,2023-02-01,21.321478707007923,0.2241612904333934,-0.1519522793725514
tmean,2023,3,Pacifica,21.28647362709925,2023-03-01,21.476950913968096,-0.1904772868688447,-0.14302872108058354
tmean,2023,4,Pacifica,21.66634524354063,2023-04-01,21.399652218618144,0.2666930249224855,-0.10750366258513792
tmean,2023,5,Pacifica,22.10376938345902,2023-05-01,21.258720664227166,0.8450487192318548,-0.028313866055647452
tmean,2023,6,Pacifica,21.73052919253155,2023-06-01,20.97907126952599,0.7514579230055602,0.08223777902543865
tmean,2023,7,Pacifica,21.872479132842244,2023-07-01,20.780220276472992,1.0922588563692521,0.17935007688233875
tmean,2023,8,Pacifica,21.8673994046494,2023-08-01,20.871566823925612,0.9958325807237891,0.27656287250672396
tmean,2023,9,Pacifica,22.00542408049376,2023-09-01,20.831784026631816,1.173640053861945,0.3732344499268188
tmean,2023,10,Pacifica,21.751547486509022,2023-10-01,20.735979337558106,1.0155681489509156,0.45874892562404046
tmean,2023,11,Pacifica,21.654554466693973,2023-11-01,20.632880746098106,1.0216737205958673,0.5442969137524605
tmean,2023,12,Pacifica,21.94045648306424,2023-12-01,20.781717377805666,1.1587391052585723,0.6638252845903047
tmean,2024,1,Pacifica,22.4368062933373,2024-01-01,21.000248660955872,1.436557632381426,0.8159294807388514
tmean,2024,2,Pacifica,22.612952436227637,2024-02-01,21.321478707007923,1.2914737292197138,0.9048721839710447
tmean,2024,3,Pacifica,22.725171447447845,2024-03-01,21.476950913968096,1.2482205334797492,1.0247636690000943
tmean,2024,4,Pacifica,22.290445745889663,2024-04-01,21.399652218618144,0.8907935272715193,1.076772044195847
tmean,2024,5,Pacifica,22.110682447299972,2024-05-01,21.258720664227166,0.8519617830728059,1.0773481328492596
tmean,2024,6,Pacifica,21.496081728740105,2024-06-01,20.97907126952599,0.5170104592141165,1.0578108441999727
tmean,2024,7,Pacifica,21.642060451985184,2024-07-01,20.780220276472992,0.8618401755121923,1.0386092874618844
tmean,2024,8,Pacifica,21.484207077779526,2024-08-01,20.871566823925612,0.6126402538539146,1.0066765935560615
tmean,2024,9,Pacifica,21.874302804016835,2024-09-01,20.831784026631816,1.0425187773850197,0.9957498205163177
tmean,2024,10,Pacifica,21.577081785097587,2024-10-01,20.735979337558106,0.8411024475394804,0.9812110120653648
tmean,2024,11,Pacifica,21.06582073004342,2024-11-01,20.632880746098106,0.43293998394531386,0.9321498673444853
tmean,2024,12,Pacifica,21.116408537366343,2024-12-01,20.781717377805666,0.33469115956067697,0.863479205202994
tmean,2025,1,Pacifica,21.181195688061194,2025-01-01,21.000248660955872,0.18094702710532218,0.758844988096652
tmean,2025,2,Pacifica,21.04638510077912,2025-02-01,21.321478707007923,-0.2750936062288041,0.6282977101426089
tmean,2025,3,Pacifica,21.604365797485773,2025-03-01,21.476950913968096,0.1274148835176767,0.5348972393124362
tmean,2025,4,Pacifica,21.804735486608163,2025-04-01,21.399652218618144,0.4050832679900189,0.49442138437231115
tmean,2025,5,Pacifica,21.603474200420965,2025-05-01,21.258720664227166,0.34475353619379945,0.4521540304657273
tmean,2025,6,Pacifica,21.269213379328004,2025-06-01,20.97907126952599,0.2901421098020158,0.43324833468138557
tmean,2025,7,Pacifica,21.256919973586445,2025-07-01,20.780220276472992,0.47669969711345317,0.401153294814824
tmean,2025,8,Pacifica,21.08200186187848,2025-08-01,20.871566823925612,0.21043503795286966,0.3676361934897369
tmean,2025,9,Pacifica,21.13091673929897,2025-09-01,20.831784026631816,0.2991327126671557,0.3056873547632482
tmean,2025,10,Pacifica,20.88867423088397,2025-10-01,20.735979337558106,0.15269489332586517,0.24832005857878028
tmean,2025,11,Pacifica,20.9556872378879,2025-11-01,20.632880746098106,0.3228064917897946,0.23914226756582035
tmean,2025,12,Pacifica,21.03843438494108,2025-12-01,20.781717377805666,0.2567170071354141,0.23264442153038178
tmean,2026,1,Pacifica,20.916818958351936,2026-01-01,21.000248660955872,-0.08342970260393656,0.21061302738794355
tmean,2026,2,Pacifica,21.157737897301555,2026-02-01,21.321478707007923,-0.1637408097063684,0.21989242709814652
tmean,2026,3,Pacifica,22.07787829268369,2026-03-01,21.476950913968096,0.6009273787155927,0.25935180169797284
tmin_mean,1991,1,Amazonia,22.535950093993996,1991-01-01,22.308181368526178,0.22776872546781846,
tmin_mean,1991,2,Amazonia,22.71934537549812,1991-02-01,22.50451601679968,0.214829358698438,
tmin_mean,1991,3,Amazonia,22.491472875648498,1991-03-01,22.442755255683203,0.048717619965295,
tmin_mean,1991,4,Amazonia,22.243913069899993,1991-04-01,22.307561429566366,-0.06364835966637372,
tmin_mean,1991,5,Amazonia,22.18399615272339,1991-05-01,22.027860807485304,0.1561353452380878,
tmin_mean,1991,6,Amazonia,21.828278284970235,1991-06-01,21.46120599200741,0.36707229296282406,
tmin_mean,1991,7,Amazonia,20.97078565495512,1991-07-01,21.10644046203824,-0.13565480708312094,
tmin_mean,1991,8,Amazonia,20.991233523627667,1991-08-01,21.433331113485856,-0.44209758985818937,
tmin_mean,1991,9,Amazonia,21.61466403495225,1991-09-01,21.890192293864622,-0.27552825891237376,
tmin_mean,1991,10,Amazonia,21.59075112425275,1991-10-01,22.228113094873105,-0.6373619706203542,
tmin_mean,1991,11,Amazonia,22.060909394370825,1991-11-01,22.35618619686296,-0.29527680249213617,
tmin_mean,1991,12,Amazonia,22.37173513466296,1991-12-01,22.248281911475885,0.12345322318707375,-0.05929926859275092
tmin_mean,1992,1,Amazonia,22.535936696772378,1992-01-01,22.308181368526178,0.22775532824620015,-0.05930038502788578
tmin_mean,1992,2,Amazonia,23.11582742918251,1992-02-01,22.50451601679968,0.6113114123828289,-0.026260213887519868
tmin_mean,1992,3,Amazonia,22.702312493940415,1992-03-01,22.442755255683203,0.2595572382572122,-0.008690245696526766
tmin_mean,1992,4,Amazonia,22.62769324389761,1992-04-01,22.307561429566366,0.32013181433124416,0.02329143546994139
tmin_mean,1992,5,Amazonia,22.508866805041393,1992-05-01,22.027860807485304,0.48100599755608897,0.05036398982977482
tmin_mean,1992,6,Amazonia,21.635964719238018,1992-06-01,21.46120599200741,0.17475872723060704,0.03433785935209007
tmin_mean,1992,7,Amazonia,20.576717639359437,1992-07-01,21.10644046203824,-0.5297228226788029,0.0014988580524499067
tmin_mean,1992,8,Amazonia,21.11785390446108,1992-08-01,21.433331113485856,-0.3154772090247775,0.01205055645523423
tmin_mean,1992,9,Amazonia,21.485816554136683,1992-09-01,21.890192293864622,-0.4043757397279393,0.001313266387270436
tmin_mean,1992,10,Amazonia,21.8396604753416,1992-10-01,22.228113094873105,-0.3884526195315061,0.022055712311341107
tmin_mean,1992,11,Amazonia,21.942727380385396,1992-11-01,22.35618619686296,-0.413458816477565,0.012207211145888705
tmin_mean,1992,12,Amazonia,22.061195576612516,1992-12-01,22.248281911475885,-0.18708633486336979,-0.013671085358314924
tmin_mean,1993,1,Amazonia,21.82107394135876,1993-01-01,22.308181368526178,-0.48710742716741606,-0.07324298164278294
tmin_mean,1993,2,Amazonia,22.03521149234932,1993-02-01,22.50451601679968,-0.4693045244503615,-0.16329430971221548
tmin_mean,1993,3,Amazonia,21.781673586003276,1993-03-01,22.442755255683203,-0.6610816696799269,-0.24001421870697706
tmin_mean,1993,4,Amazonia,22.153189150427046,1993-04-01,22.307561429566366,-0.15437227913932006,-0.2795562264961908
tmin_mean,1993,5,Amazonia,22.213260389474602,1993-05-01,22.027860807485304,0.18539958198929796,-0.30419009446009
tmin_mean,1993,6,Amazonia,21.466966925078715,1993-06-01,21.46120599200741,0.005760933071304208,-0.31827324397336526
tmin_mean,1993,7,Amazonia,21.075224204085774,1993-07-01,21.10644046203824,-0.0312162579524653,-0.27673103024617046
tmin_mean,1993,8,Amazonia,21.09454422088094,1993-08-01,21.433331113485856,-0.3387868926049151,-0.27867350387784856
tmin_mean,1993,9,Amazonia,21.54780948177614,1993-09-01,21.890192293864622,-0.34238281208848065,-0.27350742657456034
tmin_mean,1993,10,Amazonia,21.986980722605217,1993-10-01,22.228113094873105,-0.24113237226788797,-0.26123073930259216
tmin_mean,1993,11,Amazonia,22.070196110573566,1993-11-01,22.35618619686296,-0.28599008628939515,-0.2506083451202447
tmin_mean,1993,12,Amazonia,22.10876348551593,1993-12-01,22.248281911475885,-0.139518425959956,-0.24664435271162688
tmin_mean,1994,1,Amazonia,22.32820148216464,1994-01-01,22.308181368526178,0.02002011363846279,-0.20438372431113697
tmin_mean,1994,2,Amazonia,22.014651433700383,1994-02-01,22.50451601679968,-0.4898645830992976,-0.20609706253188165
tmin_mean,1994,3,Amazonia,22.131934169396633,1994-03-01,22.442755255683203,-0.3108210862865697,-0.17690868058243522
tmin_mean,1994,4,Amazonia,21.991807313621972,1994-04-01,22.307561429566366,-0.31575411594439373,-0.190357166982858
tmin_mean,1994,5,Amazonia,21.926585682299237,1994-05-01,22.027860807485304,-0.10127512518606707,-0.21424672591413843
tmin_mean,1994,6,Amazonia,21.105527318244818,1994-06-01,21.46120599200741,-0.35567867376259343,-0.24436669315029658
tmin_mean,1994,7,Amazonia,20.72658383106313,1994-07-01,21.10644046203824,-0.3798566309751088,-0.2734200575688502
tmin_mean,1994,8,Amazonia,21.132449961208398,1994-08-01,21.433331113485856,-0.3008811522774586,-0.2702612458748955
tmin_mean,1994,9,Amazonia,21.675087768172588,1994-09-01,21.890192293864622,-0.2151045256920341,-0.25965472200852496
tmin_mean,1994,10,Amazonia,21.974608110544935,1994-10-01,22.228113094873105,-0.2535049843281705,-0.2606857730135485
tmin_mean,1994,11,Amazonia,22.148212026087304,1994-11-01,22.35618619686296,-0.20797417077565683,-0.254184446720737
tmin_mean,1994,12,Amazonia,22.292327887013194,1994-12-01,22.248281911475885,0.04404597553730838,-0.2388874132626316
tmin_mean,1995,1,Amazonia,22.205125580420688,1995-01-01,22.308181368526178,-0.10305578810548965,-0.24914373840796097
tmin_mean,1995,2,Amazonia,22.83522798805191,1995-02-01,22.50451601679968,0.33071197125222795,-0.18076235887866718
tmin_mean,1995,3,Amazonia,22.477180574679878,1995-03-01,22.442755255683203,0.034425318996675,-0.15199182510506346
tmin_mean,1995,4,Amazonia,22.506832348991388,1995-04-01,22.307561429566366,0.19927091942502173,-0.10907307215761215
tmin_mean,1995,5,Amazonia,22.007720396826834,1995-05-01,22.027860807485304,-0.020140410658470387,-0.1023118459469791
tmin_mean,1995,6,Amazonia,21.640711818213898,1995-06-01,21.46120599200741,0.17950582620648703,-0.0577131376162224
tmin_mean,1995,7,Amazonia,21.299908478331524,1995-07-01,21.10644046203824,0.19346801629328425,-0.009936083677189641
tmin_mean,1995,8,Amazonia,21.74741498770788,1995-08-01,21.433331113485856,0.31408387422202466,0.04131100186443396
tmin_mean,1995,9,Amazonia,21.945830701832644,1995-09-01,21.890192293864622,0.05563840796802211,0.06387291300277198
tmin_mean,1995,10,Amazonia,22.130666548796444,1995-10-01,22.228113094873105,-0.09744654607666092,0.07687778285706444
tmin_mean,1995,11,Amazonia,22.17576995889135,1995-11-01,22.35618619686296,-0.18041623797160966,0.07917427725740171
tmin_mean,1995,12,Amazonia,22.182136299339504,1995-12-01,22.248281911475885,-0.06614561213638126,0.06999164495126091
tmin_mean,1996,1,Amazonia,22.05162160207335,1996-01-01,22.308181368526178,-0.25655976645282763,0.057199646755649404
tmin_mean,1996,2,Amazonia,21.801004657609738,1996-02-01,22.50451601679968,-0.7035113591899425,-0.02898563078119813
tmin_mean,1996,3,Amazonia,22.349593959658545,1996-03-01,22.442755255683203,-0.0931612960246575,-0.0396178486996425
tmin_mean,1996,4,Amazonia,22.171263155814938,1996-04-01,22.307561429566366,-0.13629827375142867,-0.06758194813101337
tmin_mean,1996,5,Amazonia,21.872792094105595,1996-05-01,22.027860807485304,-0.15506871337970907,-0.07882597335778325
tmin_mean,1996,6,Amazonia,21.278206501291137,1996-06-01,21.46120599200741,-0.18299949071627353,-0.1090347497680133
tmin_mean,1996,7,Amazonia,20.78589075454503,1996-07-01,21.10644046203824,-0.32054970749321043,-0.15186956008355454
tmin_mean,1996,8,Amazonia,21.234517057213182,1996-08-01,21.433331113485856,-0.19881405627267412,-0.1946110542914461
tmin_mean,1996,9,Amazonia,21.67944936500358,1996-09-01,21.890192293864622,-0.21074292886104118,-0.21680949902720137
tmin_mean,1996,10,Amazonia,21.929079091280798,1996-10-01,22.228113094873105,-0.2990340035923076,-0.23360845382017192
tmin_mean,1996,11,Amazonia,22.120546686896535,1996-11-01,22.35618619686296,-0.23563950996642546,-0.23821039315307324
tmin_mean,1996,12,Amazonia,21.703158315896285,1996-12-01,22.248281911475885,-0.5451235955796001,-0.2781252251066748
tmin_mean,1997,1,Amazonia,22.217312290533176,1997-01-01,22.308181368526178,-0.09086907799300192,-0.2643176677350227
tmin_mean,1997,2,Amazonia,21.79519011347892,1997-02-01,22.50451601679968,-0.7093259033207602,-0.2648022130792575
tmin_mean,1997,3,Amazonia,22.2491351027093,1997-03-01,22.442755255683203,-0.193620152973903,-0.2731737844916946
tmin_mean,1997,4,Amazonia,22.14292987536683,1997-04-01,22.307561429566366,-0.1646315541995378,-0.2755348911957037
tmin_mean,1997,5,Amazonia,21.62406776616158,1997-05-01,22.027860807485304,-0.4037930413237234,-0.29626191852437156
tmin_mean,1997,6,Amazonia,21.699199363728077,1997-06-01,21.46120599200741,0.23799337172066615,-0.2611791799879599
tmin_mean,1997,7,Amazonia,21.21800136584675,1997-07-01,21.10644046203824,0.11156090380850969,-0.22516996237948325
tmin_mean,1997,8,Amazonia,21.30141647901742,1997-08-01,21.433331113485856,-0.131914634468437,-0.21959501056246347
tmin_mean,1997,9,Amazonia,22.311738675851448,1997-09-01,21.890192293864622,0.4215463819868255,-0.1669042346584746
tmin_mean,1997,10,Amazonia,22.780750914397203,1997-10-01,22.228113094873105,0.5526378195240973,-0.09593158273210751
tmin_mean,1997,11,Amazonia,22.607299887086032,1997-11-01,22.35618619686296,0.25111369022307173,-0.05536881604964942
tmin_mean,1997,12,Amazonia,22.59097485492464,1997-12-01,22.248281911475885,0.34269294344875334,0.0186158955360467
tmin_mean,1998,1,Amazonia,23.01239812340226,1998-01-01,22.308181368526178,0.7042167548760823,0.08487304827513704
tmin_mean,1998,2,Amazonia,23.468505800792265,1998-02-01,22.50451601679968,0.9639897839925844,0.22431602221791577
tmin_mean,1998,3,Amazonia,23.282184173952217,1998-03-01,22.442755255683203,0.8394289182690144,0.31040344482149224
tmin_mean,1998,4,Amazonia,23.24874787520042,1998-04-01,22.307561429566366,0.9411864456340524,0.4025549448076247
tmin_mean,1998,5,Amazonia,22.529625862461984,1998-05-01,22.027860807485304,0.5017650549766799,0.478018119499325
tmin_mean,1998,6,Amazonia,21.500789995268253,1998-06-01,21.46120599200741,0.03958400326084188,0.4614840054610063
tmin_mean,1998,7,Amazonia,21.380733172623895,1998-07-01,21.10644046203824,0.2742927105856552,0.4750449893591018
tmin_mean,1998,8,Amazonia,21.92662763275175,1998-08-01,21.433331113485856,0.49329651926589335,0.5271459188369626
tmin_mean,1998,9,Amazonia,21.980321404779847,1998-09-01,21.890192293864622,0.09012911091522469,0.49952781291432924
tmin_mean,1998,10,Amazonia,22.291112514976657,1998-10-01,22.228113094873105,0.06299942010355153,0.4587246129626171
tmin_mean,1998,11,Amazonia,22.2839152487644,1998-11-01,22.35618619686296,-0.07227094809855927,0.43177589310248116
tmin_mean,1998,12,Amazonia,22.155021550610222,1998-12-01,22.248281911475885,-0.09326036086566347,0.3954464510762798
tmin_mean,1999,1,Amazonia,21.845242196950625,1999-01-01,22.308181368526178,-0.4629391715755524,0.2981834572053102
tmin_mean,1999,2,Amazonia,21.78956492095487,1999-02-01,22.50451601679968,-0.7149510958448104,0.15827171721886066
tmin_mean,1999,3,Amazonia,22.005776227713014,1999-03-01,22.442755255683203,-0.43697902797018884,0.05190438836559371
tmin_mean,1999,4,Amazonia,21.49443534494164,1999-04-01,22.307561429566366,-0.8131260846247272,-0.09428832248930459
tmin_mean,1999,5,Amazonia,21.387128282806792,1999-05-01,22.027860807485304,-0.640732524678512,-0.18949645412723726
tmin_mean,1999,6,Amazonia,21.23460087048791,1999-06-01,21.46120599200741,-0.2266051215195013,-0.21167888119226586
tmin_mean,1999,7,Amazonia,20.665662096502423,1999-07-01,21.10644046203824,-0.4407783655358166,-0.2712681375357218
tmin_mean,1999,8,Amazonia,20.939059453476574,1999-08-01,21.433331113485856,-0.49427166000928224,-0.35356548580865316
tmin_mean,1999,9,Amazonia,21.615053115191444,1999-09-01,21.890192293864622,-0.2751391786731787,-0.3840045099410201
tmin_mean,1999,10,Amazonia,21.719023368679565,1999-10-01,22.228113094873105,-0.5090897261935403,-0.43167860546577774
tmin_mean,1999,11,Amazonia,22.161793914368815,1999-11-01,22.35618619686296,-0.19439228249414597,-0.44185538333207663
tmin_mean,1999,12,Amazonia,22.051773890855117,1999-12-01,22.248281911475885,-0.19650802062076878,-0.4504593549783354
tmin_mean,2000,1,Amazonia,22.211368849398767,2000-01-01,22.308181368526178,-0.09681251912741118,-0.419948800607657
tmin_mean,2000,2,Amazonia,21.824890872000154,2000-02-01,22.50451601679968,-0.6796251447995267,-0.4170049713538833
tmin_mean,2000,3,Amazonia,21.933652126634247,2000-03-01,22.442755255683203,-0.509103129048956,-0.42301531311044727
tmin_mean,2000,4,Amazonia,21.68357375542169,2000-04-01,22.307561429566366,-0.6239876741446757,-0.4072537789037763
tmin_mean,2000,5,Amazonia,21.62795391858434,2000-05-01,22.027860807485304,-0.39990688890096493,-0.38718497592231405
tmin_mean,2000,6,Amazonia,21.181798587256903,2000-06-01,21.46120599200741,-0.27940740475050774,-0.3915851661915646
tmin_mean,2000,7,Amazonia,20.587293354998344,2000-07-01,21.10644046203824,-0.5191471070398954,-0.39811589465023783
tmin_mean,2000,8,Amazonia,21.073160544116384,2000-08-01,21.433331113485856,-0.36017056936947256,-0.386940803763587
tmin_mean,2000,9,Amazonia,21.460267289553457,2000-09-01,21.890192293864622,-0.42992500431116554,-0.3998396225667526
tmin_mean,2000,10,Amazonia,21.667447315525177,2000-10-01,22.228113094873105,-0.5606657793479286,-0.4041376269962849
tmin_mean,2000,11,Amazonia,22.27403320714741,2000-11-01,22.35618619686296,-0.0821529897155493,-0.39478435259806854
tmin_mean,2000,12,Amazonia,21.63342892661074,2000-12-01,22.248281911475885,-0.614852984865145,-0.4296464329517666
tmin_mean,2001,1,Amazonia,21.256386831372154,2001-01-01,22.308181368526178,-1.0517945371540236,-0.5092282677873176
tmin_mean,2001,2,Amazonia,21.652308249259228,2001-02-01,22.50451601679968,-0.8522077675404525,-0.5236101530157281
tmin_mean,2001,3,Amazonia,22.013287182325257,2001-03-01,22.442755255683203,-0.42946807335794546,-0.5169738983748106
tmin_mean,2001,4,Amazonia,21.96490731190642,2001-04-01,22.307561429566366,-0.34265411765994713,-0.49352943533441646
tmin_mean,2001,5,Amazonia,21.876598219824746,2001-05-01,22.027860807485304,-0.15126258766055756,-0.47280907689771584
tmin_mean,2001,6,Amazonia,20.71322647419779,2001-06-01,21.46120599200741,-0.7479795178096218,-0.5118567529859753
tmin_mean,2001,7,Amazonia,20.874517916527115,2001-07-01,21.10644046203824,-0.23192254551112512,-0.48792137285857784
tmin_mean,2001,8,Amazonia,21.198955141338196,2001-08-01,21.433331113485856,-0.23437597214766015,-0.4774384897567601
tmin_mean,2001,9,Amazonia,21.44832381180794,2001-09-01,21.890192293864622,-0.44186848205668383,-0.47843377956888666
tmin_mean,2001,10,Amazonia,22.14725937153271,2001-10-01,22.228113094873105,-0.08085372334039675,-0.438449441568259
tmin_mean,2001,11,Amazonia,22.205938246227234,2001-11-01,22.35618619686296,-0.15024795063572682,-0.44412402164494047
tmin_mean,2001,12,Amazonia,22.306749834289427,2001-12-01,22.248281911475885,0.058467922813541406,-0.38801394600504996
tmin_mean,2002,1,Amazonia,22.30500925568075,2002-01-01,22.308181368526178,-0.0031721128454265113,-0.30062874397933353
tmin_mean,2002,2,Amazonia,22.478328942782984,2002-02-01,22.50451601679968,-0.026187074016696954,-0.23179368618568721
tmin_mean,2002,3,Amazonia,22.231352579130757,2002-03-01,22.442755255683203,-0.2114026765524457,-0.21362156978522892
tmin_mean,2002,4,Amazonia,22.08953332269937,2002-04-01,22.307561429566366,-0.21802810686699559,-0.20323606888581627
tmin_mean,2002,5,Amazonia,22.0139171643668,2002-05-01,22.027860807485304,-0.013943643118505378,-0.19179282350731194
tmin_mean,2002,6,Amazonia,21.13396075026041,2002-06-01,21.46120599200741,-0.32724524174700065,-0.15673163383542685
tmin_mean,2002,7,Amazonia,21.150415568152994,2002-07-01,21.10644046203824,0.04397510611475397,-0.1337401628666036
tmin_mean,2002,8,Amazonia,21.3012502229791,2002-08-01,21.433331113485856,-0.13208089050675653,-0.1252155727298616
tmin_mean,2002,9,Amazonia,21.799849706527713,2002-09-01,21.890192293864622,-0.09034258733690947,-0.09592174816988042
tmin_mean,2002,10,Amazonia,21.99664139192174,2002-10-01,22.228113094873105,-0.23147170295136377,-0.10847324647079433
tmin_mean,2002,11,Amazonia,21.868012010501758,2002-11-01,22.35618619686296,-0.4881741863612028,-0.136633766114584
tmin_mean,2002,12,Amazonia,22.227794119405136,2002-12-01,22.248281911475885,-0.020487792070749578,-0.14321340902160826
tmin_mean,2003,1,Amazonia,22.60520586681554,2003-01-01,22.308181368526178,0.2970244982893604,-0.11819702476037601
tmin_mean,2003,2,Amazonia,22.657002042239405,2003-02-01,22.50451601679968,0.15248602543972467,-0.10330759980567421
tmin_mean,2003,3,Amazonia,22.389906365911205,2003-03-01,22.442755255683203,-0.05284888977199742,-0.09009478424063684
tmin_mean,2003,4,Amazonia,22.193372933270286,2003-04-01,22.307561429566366,-0.11418849629608019,-0.08144148335972723
tmin_mean,2003,5,Amazonia,21.798973706267894,2003-05-01,22.027860807485304,-0.22888710121740985,-0.0993534382013026
tmin_mean,2003,6,Amazonia,21.434314951314292,2003-06-01,21.46120599200741,-0.026891040693119095,-0.07432392144681248
tmin_mean,2003,7,Amazonia,20.90858265884485,2003-07-01,21.10644046203824,-0.19785780319338997,-0.0944766638891578
tmin_mean,2003,8,Amazonia,21.15894113293301,2003-08-01,21.433331113485856,-0.27438998055284713,-0.10633575472633201
tmin_mean,2003,9,Amazonia,21.563985277895437,2003-09-01,21.890192293864622,-0.3262070159691852,-0.12599112377902166
tmin_mean,2003,10,Amazonia,22.185591765915284,2003-10-01,22.228113094873105,-0.04252132895782168,-0.11024525927955982
tmin_mean,2003,11,Amazonia,22.233823148944552,2003-11-01,22.35618619686296,-0.1223630479184088,-0.07976099774266032
tmin_mean,2003,12,Amazonia,22.156597968198067,2003-12-01,22.248281911475885,-0.09168394327781826,-0.08569401034324937
tmin_mean,2004,1,Amazonia,22.449667429804823,2004-01-01,22.308181368526178,0.14148606127864483,-0.09865554676080901
tmin_mean,2004,2,Amazonia,22.774218904579058,2004-02-01,22.50451601679968,0.2697028877793777,-0.08888747489917126
tmin_mean,2004,3,Amazonia,22.39285939291276,2004-03-01,22.442755255683203,-0.04989586277044111,-0.08864138931570824
tmin_mean,2004,4,Amazonia,22.524314431431385,2004-04-01,22.307561429566366,0.216753001865019,-0.06106293113561664
tmin_mean,2004,5,Amazonia,21.811334413512593,2004-05-01,22.027860807485304,-0.21652639397271045,-0.06003287219855835
tmin_mean,2004,6,Amazonia,20.9536758247075,2004-06-01,21.46120599200741,-0.5075301672999117,-0.10008613274912441
tmin_mean,2004,7,Amazonia,20.903513826665915,2004-07-01,21.10644046203824,-0.20292663537232514,-0.10050853543070233
tmin_mean,2004,8,Amazonia,21.019773363646724,2004-08-01,21.433331113485856,-0.41355774983913207,-0.11210584953789275
tmin_mean,2004,9,Amazonia,21.549037961374548,2004-09-01,21.890192293864622,-0.3411543324900741,-0.11335145924796682
tmin_mean,2004,10,Amazonia,22.216102847949006,2004-10-01,22.228113094873105,-0.012010246924099022,-0.11080886907848993
tmin_mean,2004,11,Amazonia,22.28149897045965,2004-11-01,22.35618619686296,-0.07468722640330938,-0.10683588395223165
tmin_mean,2004,12,Amazonia,22.214100114190686,2004-12-01,22.248281911475885,-0.03418179728519988,-0.10204403845284678
tmin_mean,2005,1,Amazonia,22.562934779641378,2005-01-01,22.308181368526178,0.25475341111519967,-0.09260509263313388
tmin_mean,2005,2,Amazonia,22.655296172911026,2005-02-01,22.50451601679968,0.15078015611134532,-0.10251532027213657
tmin_mean,2005,3,Amazonia,22.74971232737107,2005-03-01,22.442755255683203,0.3069570716878687,-0.0727775757339441
tmin_mean,2005,4,Amazonia,22.495878135079973,2005-04-01,22.307561429566366,0.18831670551360702,-0.07514726709656176
tmin_mean,2005,5,Amazonia,22.227883396172647,2005-05-01,22.027860807485304,0.20002258868734302,-0.04043485187489063
tmin_mean,2005,6,Amazonia,21.666681616185862,2005-06-01,21.46120599200741,0.205475624178451,0.018982297414972926
tmin_mean,2005,7,Amazonia,21.18513031149902,2005-07-01,21.10644046203824,0.07868984946077973,0.042450337817731665
tmin_mean,2005,8,Amazonia,21.67131579684562,2005-08-01,21.433331113485856,0.23798468335976253,0.09674554058430622
tmin_mean,2005,9,Amazonia,21.946411374605265,2005-09-01,21.890192293864622,0.05621908074064308,0.129859991686866
tmin_mean,2005,10,Amazonia,22.331167753431902,2005-10-01,22.228113094873105,0.10305465855879703,0.13944873381044065
tmin_mean,2005,11,Amazonia,22.3813213644662,2005-11-01,22.35618619686296,0.02513516760323853,0.14776726664431963
tmin_mean,2005,12,Amazonia,22.15733532597087,2005-12-01,22.248281911475885,-0.09094658550501578,0.14303686762600165
tmin_mean,2006,1,Amazonia,22.047792642254922,2006-01-01,22.308181368526178,-0.2603887262712554,0.10010835617713039
tmin_mean,2006,2,Amazonia,22.338685746955704,2006-02-01,22.50451601679968,-0.1658302698439762,0.07372415401418693
tmin_mean,2006,3,Amazonia,22.26069694065304,2006-03-01,22.442755255683203,-0.18205831503016157,0.03297287178768441
tmin_mean,2006,4,Amazonia,22.19637430375502,2006-04-01,22.307561429566366,-0.1111871258113446,0.008014219177271778
tmin_mean,2006,5,Amazonia,21.49642703746461,2006-05-01,22.027860807485304,-0.5314337700206941,-0.05294047738173132
tmin_mean,2006,6,Amazonia,21.37707717932103,2006-06-01,21.46120599200741,-0.08412881268638017,-0.07707418045380059
tmin_mean,2006,7,Amazonia,21.3098387100267,2006-07-01,21.10644046203824,0.20339824798845996,-0.06668181390982723
tmin_mean,2006,8,Amazonia,21.607502894365222,2006-08-01,21.433331113485856,0.1741717808793659,-0.07199955578319361
tmin_mean,2006,9,Amazonia,21.816549955287748,2006-09-01,21.890192293864622,-0.07364233857687452,-0.08282134072632008
tmin_mean,2006,10,Amazonia,22.594571250404236,2006-10-01,22.228113094873105,0.3664581555311308,-0.060871049311958934
tmin_mean,2006,11,Amazonia,22.264854172684604,2006-11-01,22.35618619686296,-0.09133202417835662,-0.07057664862709186
tmin_mean,2006,12,Amazonia,22.273793851350327,2006-12-01,22.248281911475885,0.025511939874441225,-0.06087177151213711
tmin_mean,2007,1,Amazonia,22.68912805174919,2007-01-01,22.308181368526178,0.3809466832230122,-0.007427154054281478
tmin_mean,2007,2,Amazonia,23.067145681325723,2007-02-01,22.50451601679968,0.5626296645260425,0.05327784047655341
tmin_mean,2007,3,Amazonia,22.534362242187584,2007-03-01,22.442755255683203,0.09160698650438093,0.07608328227109862
tmin_mean,2007,4,Amazonia,22.361343216171452,2007-04-01,22.307561429566366,0.05378178660508581,0.08983069163913449
tmin_mean,2007,5,Amazonia,21.886158488668254,2007-05-01,22.027860807485304,-0.14170231881704964,0.12230831257277153
tmin_mean,2007,6,Amazonia,21.165912315893507,2007-06-01,21.46120599200741,-0.29529367611390356,0.10471124062047792
tmin_mean,2007,7,Amazonia,21.24031780456474,2007-07-01,21.10644046203824,0.13387734252649963,0.09891783183198122
tmin_mean,2007,8,Amazonia,21.444927752737613,2007-08-01,21.433331113485856,0.011596639251756358,0.08536990336301375
tmin_mean,2007,9,Amazonia,21.666088130348776,2007-09-01,21.890192293864622,-0.22410416351584672,0.07283141795143273
tmin_mean,2007,10,Amazonia,22.08282957445691,2007-10-01,22.228113094873105,-0.1452835204161964,0.03018627828915547
tmin_mean,2007,11,Amazonia,22.17188136741579,2007-11-01,22.35618619686296,-0.18430482944717141,0.022438544516754238
tmin_mean,2007,12,Amazonia,22.170894977397133,2007-12-01,22.248281911475885,-0.07738693407875274,0.013863638353988073
tmin_mean,2008,1,Amazonia,22.007078720321445,2008-01-01,22.308181368526178,-0.30110264820473276,-0.04297380593165734
tmin_mean,2008,2,Amazonia,22.09057716533528,2008-02-01,22.50451601679968,-0.4139388514644011,-0.12435451559752764
tmin_mean,2008,3,Amazonia,21.992323491638828,2008-03-01,22.442755255683203,-0.45043176404437446,-0.1695244114765906
tmin_mean,2008,4,Amazonia,22.16469400194605,2008-04-01,22.307561429566366,-0.1428674276203168,-0.18591184599537414
tmin_mean,2008,5,Amazonia,21.622312103522734,2008-05-01,22.027860807485304,-0.4055487039625696,-0.2078990447575008
tmin_mean,2008,6,Amazonia,21.221981598360504,2008-06-01,21.46120599200741,-0.23922439364690717,-0.20322660455191777
tmin_mean,2008,7,Amazonia,21.051024171122485,2008-07-01,21.10644046203824,-0.05541629091575473,-0.21900107400543897
tmin_mean,2008,8,Amazonia,21.704192745572893,2008-08-01,21.433331113485856,0.27086163208703695,-0.19739565793583225
tmin_mean,2008,9,Amazonia,21.864602183698878,2008-09-01,21.890192293864622,-0.025590110165744306,-0.18085282015665705
tmin_mean,2008,10,Amazonia,22.234910554000454,2008-10-01,22.228113094873105,0.006797459127348304,-0.168179405194695
tmin_mean,2008,11,Amazonia,22.435473101067778,2008-11-01,22.35618619686296,0.07928690420481743,-0.14621342739036258
tmin_mean,2008,12,Amazonia,22.307603245396987,2008-12-01,22.248281911475885,0.05932133392110117,-0.13482107172370808
tmin_mean,2009,1,Amazonia,22.092226770910784,2009-01-01,22.308181368526178,-0.2159545976153936,-0.12772540084126316
tmin_mean,2009,2,Amazonia,22.121080901584595,2009-02-01,22.50451601679968,-0.3834351152150859,-0.1251834228204869
tmin_mean,2009,3,Amazonia,22.192213585279113,2009-03-01,22.442755255683203,-0.2505416704040897,-0.10852591501712983
tmin_mean,2009,4,Amazonia,22.226570634626867,2009-04-01,22.307561429566366,-0.08099079493949901,-0.10336952896039502
tmin_mean,2009,5,Amazonia,22.007451265669435,2009-05-01,22.027860807485304,-0.020409541815869403,-0.07127459878150333
tmin_mean,2009,6,Amazonia,21.454553539599672,2009-06-01,21.46120599200741,-0.006652452407738707,-0.05189360367823929
tmin_mean,2009,7,Amazonia,21.30059618040501,2009-07-01,21.10644046203824,0.19415571836676904,-0.031095936238028976
tmin_mean,2009,8,Amazonia,21.787340905914693,2009-08-01,21.433331113485856,0.3540097924288368,-0.024166922876212322
tmin_mean,2009,9,Amazonia,22.23675665371876,2009-09-01,21.890192293864622,0.34656435985413836,0.0068459496254445655
tmin_mean,2009,10,Amazonia,22.498534063750085,2009-10-01,22.228113094873105,0.2704209688769801,0.02881457543791388
tmin_mean,2009,11,Amazonia,23.038742359829172,2009-11-01,22.35618619686296,0.6825561629662111,0.07908701366803002
tmin_mean,2009,12,Amazonia,22.64956995951223,2009-12-01,22.248281911475885,0.40128804803634566,0.10758423984430039
tmin_mean,2010,1,Amazonia,22.666744349545112,2010-01-01,22.308181368526178,0.3585629810189346,0.15546070473049442
tmin_mean,2010,2,Amazonia,23.402098138549096,2010-02-01,22.50451601679968,0.8975821217494158,0.2622121411442029
tmin_mean,2010,3,Amazonia,23.28107086015816,2010-03-01,22.442755255683203,0.8383156044749569,0.35295024738412345
tmin_mean,2010,4,Amazonia,22.87421466239098,2010-04-01,22.307561429566366,0.5666532328246134,0.4069205830311328
tmin_mean,2010,5,Amazonia,22.602243530287577,2010-05-01,22.027860807485304,0.5743827228022731,0.45648660508264466
tmin_mean,2010,6,Amazonia,21.88573193619702,2010-06-01,21.46120599200741,0.42452594418960743,0.4924181381324235
tmin_mean,2010,7,Amazonia,21.47429645863822,2010-07-01,21.10644046203824,0.3678559965999817,0.5068931613185246
tmin_mean,2010,8,Amazonia,21.75457190171007,2010-08-01,21.433331113485856,0.32124078822421254,0.5041624109681392
tmin_mean,2010,9,Amazonia,22.327233434174175,2010-09-01,21.890192293864622,0.4370411403095531,0.5117021426727572
tmin_mean,2010,10,Amazonia,22.569626236690386,2010-10-01,22.228113094873105,0.34151314181728054,0.5176264904177822
tmin_mean,2010,11,Amazonia,22.343032687864458,2010-11-01,22.35618619686296,-0.013153508998502872,0.45965068442072265
tmin_mean,2010,12,Amazonia,22.187378945975688,2010-12-01,22.248281911475885,-0.06090296550019758,0.42113476662601074
tmin_mean,2011,1,Amazonia,21.985739740285396,2011-01-01,22.308181368526178,-0.3224416282407816,0.3643843825210344
tmin_mean,2011,2,Amazonia,22.264312153103585,2011-02-01,22.50451601679968,-0.24020386369609525,0.26956888373390847
tmin_mean,2011,3,Amazonia,22.19462225235577,2011-03-01,22.442755255683203,-0.24813300332743182,0.17903149975037605
tmin_mean,2011,4,Amazonia,22.003803529889858,2011-04-01,22.307561429566366,-0.30375789967650846,0.1064972387086159
tmin_mean,2011,5,Amazonia,21.903523971272854,2011-05-01,22.027860807485304,-0.12433683621244995,0.048270608790722314
tmin_mean,2011,6,Amazonia,21.56355905753709,2011-06-01,21.46120599200741,0.10235306552968026,0.02142286890239505
tmin_mean,2011,7,Amazonia,21.318398093289364,2011-07-01,21.10644046203824,0.2119576312511242,0.008431338456656926
tmin_mean,2011,8,Amazonia,21.637193584175737,2011-08-01,21.433331113485856,0.20386247068988084,-0.001350188004537382
tmin_mean,2011,9,Amazonia,21.928298665913545,2011-09-01,21.890192293864622,0.03810637204892231,-0.034594752026256614
tmin_mean,2011,10,Amazonia,22.375746697452804,2011-10-01,22.228113094873105,0.14763360257969893,-0.05075138029605508
tmin_mean,2011,11,Amazonia,22.37947802759191,2011-11-01,22.35618619686296,0.023291830728950913,-0.0477142686521006
tmin_mean,2011,12,Amazonia,22.19168781883217,2011-12-01,22.248281911475885,-0.056594092643717175,-0.047355195914060566
tmin_mean,2012,1,Amazonia,22.10599668830451,2012-01-01,22.308181368526178,-0.20218468022166647,-0.037333783579134305
tmin_mean,2012,2,Amazonia,21.89981450517591,2012-02-01,22.50451601679968,-0.6047015116237695,-0.06770858757310716
tmin_mean,2012,3,Amazonia,21.817285215258632,2012-03-01,22.442755255683203,-0.6254700404245703,-0.09915334066453536
tmin_mean,2012,4,Amazonia,22.08510179738956,2012-04-01,22.307561429566366,-0.22245963217680753,-0.0923784850395603
tmin_mean,2012,5,Amazonia,21.73378608070841,2012-05-01,22.027860807485304,-0.29407472677689483,-0.10652330925326403
tmin_mean,2012,6,Amazonia,21.358530183923936,2012-06-01,21.46120599200741,-0.10267580808347532,-0.123609048721027
tmin_mean,2012,7,Amazonia,21.04969283595109,2012-07-01,21.10644046203824,-0.056747626087148006,-0.14600115349921636
tmin_mean,2012,8,Amazonia,21.305951217352753,2012-08-01,21.433331113485856,-0.1273798961331032,-0.17360468406779836
tmin_mean,2012,9,Amazonia,21.706772876964074,2012-09-01,21.890192293864622,-0.18341941690054853,-0.19206516648025426
tmin_mean,2012,10,Amazonia,22.271787797358527,2012-10-01,22.228113094873105,0.043674702485422046,-0.20072840815477733
tmin_mean,2012,11,Amazonia,22.67400656438263,2012-11-01,22.35618619686296,0.31782036751966913,-0.17618436342221747
tmin_mean,2012,12,Amazonia,22.469084770027756,2012-12-01,22.248281911475885,0.22080285855187043,-0.15306795082258517
tmin_mean,2013,1,Amazonia,22.64070319896777,2013-01-01,22.308181368526178,0.33252183044159267,-0.10850907493398025
tmin_mean,2013,2,Amazonia,22.50597374978704,2013-02-01,22.50451601679968,0.0014577329873581846,-0.05799580454971961
tmin_mean,2013,3,Amazonia,22.496683657261904,2013-03-01,22.442755255683203,0.05392840157870182,-0.0013792677161135931
tmin_mean,2013,4,Amazonia,22.286100997509347,2013-04-01,22.307561429566366,-0.021460432057018863,0.01537066562720213
tmin_mean,2013,5,Amazonia,22.143849053281482,2013-05-01,22.027860807485304,0.11598824579617784,0.049542580008291516
tmin_mean,2013,6,Amazonia,21.64943794447994,2013-06-01,21.46120599200741,0.18823195247252755,0.07378489338795842
tmin_mean,2013,7,Amazonia,20.904447103691233,2013-07-01,21.10644046203824,-0.20199335834700705,0.06168108236630351
tmin_mean,2013,8,Amazonia,21.230663385555026,2013-08-01,21.433331113485856,-0.2026677279308302,0.05540709638315958
tmin_mean,2013,9,Amazonia,21.782233898977804,2013-09-01,21.890192293864622,-0.10795839488681835,0.06169551488430377
tmin_mean,2013,10,Amazonia,22.155532482442045,2013-10-01,22.228113094873105,-0.07258061243106084,0.05200757197459686
tmin_mean,2013,11,Amazonia,22.227355186932613,2013-11-01,22.35618619686296,-0.12883100993034802,0.014786623853762096
tmin_mean,2013,12,Amazonia,22.230671631252992,2013-12-01,22.248281911475885,-0.017610280222893238,-0.005081137710801542
tmin_mean,2014,1,Amazonia,22.330255780776408,2014-01-01,22.308181368526178,0.022074412250230324,-0.030951755893415072
tmin_mean,2014,2,Amazonia,22.606480395335605,2014-02-01,22.50451601679968,0.101964378535925,-0.02257620209770117
tmin_mean,2014,3,Amazonia,22.30848421053818,2014-03-01,22.442755255683203,-0.13427104514502375,-0.0382594893246783
tmin_mean,2014,4,Amazonia,22.268518155251904,2014-04-01,22.307561429566366,-0.039043274314462195,-0.03972472617946524
tmin_mean,2014,5,Amazonia,22.163740691694255,2014-05-01,22.027860807485304,0.13587988420895059,-0.03806708964506752
tmin_mean,2014,6,Amazonia,21.63934379461269,2014-06-01,21.46120599200741,0.17813780260527778,-0.038908268800671664
tmin_mean,2014,7,Amazonia,21.058497532230103,2014-07-01,21.10644046203824,-0.04794292980813708,-0.026070733089099168
tmin_mean,2014,8,Amazonia,21.347221377800253,2014-08-01,21.433331113485856,-0.08610973568560354,-0.01635756706866361
tmin_mean,2014,9,Amazonia,21.991380029170752,2014-09-01,21.890192293864622,0.10118773530613012,0.0010712771140820958
tmin_mean,2014,10,Amazonia,22.153407778263286,2014-10-01,22.228113094873105,-0.07470531660981905,0.0008942184325189118
tmin_mean,2014,11,Amazonia,22.43222387898438,2014-11-01,22.35618619686296,0.07603768212142015,0.017966609436832925
tmin_mean,2014,12,Amazonia,22.304605134017045,2014-12-01,22.248281911475885,0.05632322254115962,0.024127734667170664
tmin_mean,2015,1,Amazonia,21.965201716419358,2015-01-01,22.308181368526178,-0.3429796521068198,-0.006293437362583513
tmin_mean,2015,2,Amazonia,22.336279961906868,2015-02-01,22.50451601679968,-0.16823605489281235,-0.028810140148311625
tmin_mean,2015,3,Amazonia,22.45833068283936,2015-03-01,22.442755255683203,0.015575427156157673,-0.016322934123213173
tmin_mean,2015,4,Amazonia,22.157613420681525,2015-04-01,22.307561429566366,-0.1499480088848415,-0.02556499533741145
tmin_mean,2015,5,Amazonia,22.13149971168926,2015-05-01,22.027860807485304,0.1036389042039545,-0.028251743671161123
tmin_mean,2015,6,Amazonia,21.515820385036648,2015-06-01,21.46120599200741,0.05461439302923665,-0.038545361135831215
tmin_mean,2015,7,Amazonia,21.47952158185088,2015-07-01,21.10644046203824,0.3730811198126389,-0.003460023667433217
tmin_mean,2015,8,Amazonia,21.99347694565489,2015-08-01,21.433331113485856,0.5601458321690345,0.05039460698711995
tmin_mean,2015,9,Amazonia,22.59155012812731,2015-09-01,21.890192293864622,0.7013578342626872,0.10040878190016637
tmin_mean,2015,10,Amazonia,22.781233910593606,2015-10-01,22.228113094873105,0.5531208157205008,0.15272762626102634
tmin_mean,2015,11,Amazonia,22.73905535164074,2015-11-01,22.35618619686296,0.3828691547777794,0.17829691564905628
tmin_mean,2015,12,Amazonia,22.550652360360523,2015-12-01,22.248281911475885,0.3023704488846377,0.19880085117767946
tmin_mean,2016,1,Amazonia,23.62806455807741,2016-01-01,22.308181368526178,1.3198831895512306,0.33737275464918365
tmin_mean,2016,2,Amazonia,23.44947005506152,2016-02-01,22.50451601679968,0.9449540382618409,0.43013859574540475
tmin_mean,2016,3,Amazonia,23.391883879364432,2016-03-01,22.442755255683203,0.9491286236812293,0.5079346954558274
tmin_mean,2016,4,Amazonia,22.916404891536473,2016-04-01,22.307561429566366,0.6088434619701069,0.5711673180270731
tmin_mean,2016,5,Amazonia,22.370547686879057,2016-05-01,22.027860807485304,0.342686879393753,0.591087982626223
tmin_mean,2016,6,Amazonia,21.505704480920294,2016-06-01,21.46120599200741,0.04449848891288255,0.5902449906165268
tmin_mean,2016,7,Amazonia,21.311299719331288,2016-07-01,21.10644046203824,0.2048592572930481,0.5762265020732276
tmin_mean,2016,8,Amazonia,21.851543172885386,2016-08-01,21.433331113485856,0.4182120593995293,0.5643986876757688
tmin_mean,2016,9,Amazonia,21.960610912628407,2016-09-01,21.890192293864622,0.07041861876378519,0.511820419717527
tmin_mean,2016,10,Amazonia,22.645375244481027,2016-10-01,22.228113094873105,0.41726214960792163,0.5004988642081454
tmin_mean,2016,11,Amazonia,22.77226957035901,2016-11-01,22.35618619686296,0.4160833734960505,0.5032667157680013
tmin_mean,2016,12,Amazonia,22.36274028978935,2016-12-01,22.248281911475885,0.11445837831346495,0.4876073765537369
tmin_mean,2017,1,Amazonia,22.07929218497979,2017-01-01,22.308181368526178,-0.22888918354638932,0.35854301212893525
tmin_mean,2017,2,Amazonia,22.548640134918816,2017-02-01,22.50451601679968,0.04412411811913586,0.2834738521170432
tmin_mean,2017,3,Amazonia,22.412498599303554,2017-03-01,22.442755255683203,-0.030256656379648916,0.20185841211196998
tmin_mean,2017,4,Amazonia,22.556753479939783,2017-04-01,22.307561429566366,0.2491920503734164,0.1718874611455791
tmin_mean,2017,5,Amazonia,22.434845747652915,2017-05-01,22.027860807485304,0.4069849401676109,0.17724563287673392
tmin_mean,2017,6,Amazonia,21.908460363600483,2017-06-01,21.46120599200741,0.4472543715930719,0.21080862310008305
tmin_mean,2017,7,Amazonia,21.214101154554445,2017-07-01,21.10644046203824,0.10766069251620536,0.2027087427020128
tmin_mean,2017,8,Amazonia,22.03410847111528,2017-08-01,21.433331113485856,0.6007773576294255,0.21792251755450417
tmin_mean,2017,9,Amazonia,22.36306746779622,2017-09-01,21.890192293864622,0.47287517393159817,0.2514605638184886
tmin_mean,2017,10,Amazonia,22.403772870627506,2017-10-01,22.228113094873105,0.17565977575440073,0.23132703266402851
tmin_mean,2017,11,Amazonia,22.576530832467835,2017-11-01,22.35618619686296,0.22034463560487438,0.21501547117309716
tmin_mean,2017,12,Amazonia,22.617699116333874,2017-12-01,22.248281911475885,0.3694172048579887,0.23626204005180748
tmin_mean,2018,1,Amazonia,21.944983605508966,2018-01-01,22.308181368526178,-0.36319776301721163,0.22506965842923896
tmin_mean,2018,2,Amazonia,22.84152520515083,2018-02-01,22.50451601679968,0.3370091883511499,0.2494767476152401
tmin_mean,2018,3,Amazonia,22.682836974690762,2018-03-01,22.442755255683203,0.24008171900755926,0.27200494556417415
tmin_mean,2018,4,Amazonia,22.07900377787583,2018-04-01,22.307561429566366,-0.22855765169053655,0.23219247039217805
tmin_mean,2018,5,Amazonia,21.886025802284365,2018-05-01,22.027860807485304,-0.14183500520093872,0.18645747494479892
tmin_mean,2018,6,Amazonia,21.192488102018707,2018-06-01,21.46120599200741,-0.2687178899887037,0.12679311981298427
tmin_mean,2018,7,Amazonia,21.233414439860198,2018-07-01,21.10644046203824,0.12697397782195807,0.12840256025513033
tmin_mean,2018,8,Amazonia,21.208021615755722,2018-08-01,21.433331113485856,-0.22530949773013376,0.05956198897516707
tmin_mean,2018,9,Amazonia,22.12516139271116,2018-09-01,21.890192293864622,0.2349690988465376,0.03973648271807869
tmin_mean,2018,10,Amazonia,22.598163901316987,2018-10-01,22.228113094873105,0.37005080644388144,0.055935735275535414
tmin_mean,2018,11,Amazonia,22.718474887577695,2018-11-01,22.35618619686296,0.3622886907147347,0.06776440653469044
tmin_mean,2018,12,Amazonia,22.05836847647288,2018-12-01,22.248281911475885,-0.18991343500300673,0.02115351987960749
tmin_mean,2019,1,Amazonia,22.398431179440337,2019-01-01,22.308181368526178,0.09024981091415896,0.058940817707221704
tmin_mean,2019,2,Amazonia,22.81308259000689,2019-02-01,22.50451601679968,0.3085665732072087,0.05657059977855994
tmin_mean,2019,3,Amazonia,22.778004685037153,2019-03-01,22.442755255683203,0.33524942935395075,0.06450124230742589
tmin_mean,2019,4,Amazonia,22.778654051560043,2019-04-01,22.307561429566366,0.47109262199367663,0.12280543178111032
tmin_mean,2019,5,Amazonia,22.430118181006048,2019-05-01,22.027860807485304,0.40225737352074376,0.16814646334125052
tmin_mean,2019,6,Amazonia,21.859007490272116,2019-06-01,21.46120599200741,0.39780149826470534,0.2236897456957013
tmin_mean,2019,7,Amazonia,21.260527571338397,2019-07-01,21.10644046203824,0.154087109300157,0.22594917331888453
tmin_mean,2019,8,Amazonia,21.31307222493352,2019-08-01,21.433331113485856,-0.12025888855233546,0.23470339075036772
tmin_mean,2019,9,Amazonia,22.42321224233033,2019-09-01,21.890192293864622,0.5330199484657072,0.2595409615519652
tmin_mean,2019,10,Amazonia,22.153595697407784,2019-10-01,22.228113094873105,-0.07451739746532127,0.2224936112261983
tmin_mean,2019,11,Amazonia,22.575712882897523,2019-11-01,22.35618619686296,0.2195266860345626,0.21059677750285064
tmin_mean,2019,12,Amazonia,22.609650194964757,2019-12-01,22.248281911475885,0.36136828348887207,0.2565369207105072
tmin_mean,2020,1,Amazonia,22.720366847860642,2020-01-01,22.308181368526178,0.4121854793344646,0.283364893078866
tmin_mean,2020,2,Amazonia,23.233739724403,2020-02-01,22.50451601679968,0.729223707603321,0.318419654278542
tmin_mean,2020,3,Amazonia,23.2993272559425,2020-03-01,22.442755255683203,0.8565720002592982,0.3618632018539876
tmin_mean,2020,4,Amazonia,22.73930069849533,2020-04-01,22.307561429566366,0.43173926892896475,0.35858375576526164
tmin_mean,2020,5,Amazonia,22.412590621847453,2020-05-01,22.027860807485304,0.38472981436214937,0.3571231258353788
tmin_mean,2020,6,Amazonia,22.06466738800484,2020-06-01,21.46120599200741,0.603461395997428,0.374261450646439
tmin_mean,2020,7,Amazonia,21.67827967029175,2020-07-01,21.10644046203824,0.5718392082535111,0.4090741255592185
tmin_mean,2020,8,Amazonia,21.87163178684273,2020-08-01,21.433331113485856,0.43830067335687417,0.45562075571831934
tmin_mean,2020,9,Amazonia,22.298604320629693,2020-09-01,21.890192293864622,0.4084120267650704,0.44523676224326625
tmin_mean,2020,10,Amazonia,22.537461469796533,2020-10-01,22.228113094873105,0.30934837492342737,0.4772255766089953
tmin_mean,2020,11,Amazonia,22.52049747902165,2020-11-01,22.35618619686296,0.16431128215868895,0.4726242929526725
tmin_mean,2020,12,Amazonia,22.250963288497616,2020-12-01,22.248281911475885,0.0026813770217302135,0.442733717413744
tmin_mean,2021,1,Amazonia,22.04613269422588,2021-01-01,22.308181368526178,-0.2620486743002992,0.38654753794418034
tmin_mean,2021,2,Amazonia,22.873239252979666,2021-02-01,22.50451601679968,0.36872323617998504,0.3565058319922357
tmin_mean,2021,3,Amazonia,22.12669529260321,2021-03-01,22.442755255683203,-0.3160599630799936,0.2587865017139614
tmin_mean,2021,4,Amazonia,22.19269990653968,2021-04-01,22.307561429566366,-0.11486152302668629,0.21323643571765713
tmin_mean,2021,5,Amazonia,21.95045213925356,2021-05-01,22.027860807485304,-0.07740866823174386,0.17472489550149936
tmin_mean,2021,6,Amazonia,21.629839528259854,2021-06-01,21.46120599200741,0.16863353625244315,0.1384892405227506
tmin_mean,2021,7,Amazonia,21.015928729952595,2021-07-01,21.10644046203824,-0.09051173208564478,0.08329332882782096
tmin_mean,2021,8,Amazonia,21.774173326986965,2021-08-01,21.433331113485856,0.34084221350110866,0.07517179050650717
tmin_mean,2021,9,Amazonia,22.0242745927435,2021-09-01,21.890192293864622,0.13408229887887657,0.05231097984932435
tmin_mean,2021,10,Amazonia,22.631637158828685,2021-10-01,22.228113094873105,0.4035240639555795,0.060158953935337024
tmin_mean,2021,11,Amazonia,22.57897785396563,2021-11-01,22.35618619686296,0.22279165710266824,0.06503231851400197
tmin_mean,2021,12,Amazonia,22.949176878081065,2021-12-01,22.248281911475885,0.7008949666051798,0.12321678431262277
tmin_mean,2022,1,Amazonia,22.479495190706217,2022-01-01,22.308181368526178,0.1713138221800392,0.1593303256859843
tmin_mean,2022,2,Amazonia,22.456853658701377,2022-02-01,22.50451601679968,-0.04766235809830377,0.12463152616279356
tmin_mean,2022,3,Amazonia,22.311518313191517,2022-03-01,22.442755255683203,-0.13123694249168594,0.14003344454515254
tmin_mean,2022,4,Amazonia,22.292262649008382,2022-04-01,22.307561429566366,-0.01529878055798406,0.14833033975087773
tmin_mean,2022,5,Amazonia,21.775640187697444,2022-05-01,22.027860807485304,-0.2522206197878596,0.1337626771212014
tmin_mean,2022,6,Amazonia,21.29115618806555,2022-06-01,21.46120599200741,-0.1700498039418612,0.10553906543834272
tmin_mean,2022,7,Amazonia,21.559081683970067,2022-07-01,21.10644046203824,0.45264122193182743,0.1508018116064654
tmin_mean,2022,8,Amazonia,21.41453613830199,2022-08-01,21.433331113485856,-0.01879497518386586,0.12083204588271752
tmin_mean,2022,9,Amazonia,22.11627060414866,2022-09-01,21.890192293864622,0.2260783102840378,0.12849838016648096
tmin_mean,2022,10,Amazonia,22.43446587857382,2022-10-01,22.228113094873105,0.20635278370071575,0.11206744014524232
tmin_mean,2022,11,Amazonia,22.002244586613894,2022-11-01,22.35618619686296,-0.35394161024906623,0.06400633453259778
tmin_mean,2022,12,Amazonia,22.16274053837573,2022-12-01,22.248281911475885,-0.08554137310015619,-0.0015300271095135543
tmin_mean,2023,1,Amazonia,21.883330856588536,2023-01-01,22.308181368526178,-0.4248505119376418,-0.05121038828598697
tmin_mean,2023,2,Amazonia,22.401510548470664,2023-02-01,22.50451601679968,-0.10300546832901603,-0.055822314138546325
tmin_mean,2023,3,Amazonia,22.36061728581368,2023-03-01,22.442755255683203,-0.08213796986952104,-0.05173073308669925
tmin_mean,2023,4,Amazonia,22.40746753641997,2023-04-01,22.307561429566366,0.09990610685360224,-0.04213032580240039
tmin_mean,2023,5,Amazonia,22.643858750356184,2023-05-01,22.027860807485304,0.6159979428708802,0.03022122108582792
tmin_mean,2023,6,Amazonia,21.87553383251112,2023-06-01,21.46120599200741,0.4143278405037094,0.0789193581229588
tmin_mean,2023,7,Amazonia,22.04865567226901,2023-07-01,21.10644046203824,0.9422152102307706,0.11971719048120406
tmin_mean,2023,8,Amazonia,22.555821866568657,2023-08-01,21.433331113485856,1.1224907530828006,0.21482433450342628
tmin_mean,2023,9,Amazonia,23.12424451010525,2023-09-01,21.890192293864622,1.2340522162406273,0.2988221599998087
tmin_mean,2023,10,Amazonia,23.73175984347482,2023-10-01,22.228113094873105,1.5036467486017138,0.40692999040822525
tmin_mean,2023,11,Amazonia,23.39164990887541,2023-11-01,22.35618619686296,1.0354637120124508,0.5227137672633516
tmin_mean,2023,12,Amazonia,23.199181686763318,2023-12-01,22.248281911475885,0.9508997752874322,0.6090838629623173
tmin_mean,2024,1,Amazonia,23.430943619242406,2024-01-01,22.308181368526178,1.122762250716228,0.7380515931834731
tmin_mean,2024,2,Amazonia,23.505237302007913,2024-02-01,22.50451601679968,1.0007212852082326,0.8300288226449105
tmin_mean,2024,3,Amazonia,23.773389156072135,2024-03-01,22.442755255683203,1.330633900388932,0.947759811833115
tmin_mean,2024,4,Amazonia,23.512525731605542,2024-04-01,22.307561429566366,1.2049643020391763,1.0398479947652461
tmin_mean,2024,5,Amazonia,23.054925889953946,2024-05-01,22.027860807485304,1.027065082468642,1.0741035897317264
tmin_mean,2024,6,Amazonia,22.360287082364373,2024-06-01,21.46120599200741,0.8990810903569617,1.114499693886164
tmin_mean,2024,7,Amazonia,21.92569321375566,2024-07-01,21.10644046203824,0.8192527517174213,1.104252822343385
tmin_mean,2024,8,Amazonia,22.2062555033264,2024-08-01,21.433331113485856,0.7729243898405436,1.0751222920731969
tmin_mean,2024,9,Amazonia,23.292543940583215,2024-09-01,21.890192293864622,1.4023516467185928,1.0891472446130273
tmin_mean,2024,10,Amazonia,23.367921130090075,2024-10-01,22.228113094873105,1.1398080352169693,1.0588273518309652
tmin_mean,2024,11,Amazonia,23.160373031792094,2024-11-01,22.35618619686296,0.8041868349291335,1.0395542787406888
tmin_mean,2024,12,Amazonia,22.989269992176713,2024-12-01,22.248281911475885,0.7409880807008271,1.0220616375251383
tmin_mean,2025,1,Amazonia,22.387333996336018,2025-01-01,22.308181368526178,0.07915262780984023,0.9350941689496061
tmin_mean,2025,2,Amazonia,22.592933661148333,2025-02-01,22.50451601679968,0.0884176443486524,0.859068865544641
tmin_mean,2025,3,Amazonia,22.712760346651503,2025-03-01,22.442755255683203,0.2700050909683007,0.7706831314262551
tmin_mean,2025,4,Amazonia,22.694586895711694,2025-04-01,22.307561429566366,0.38702546614532807,0.7025215617684344
tmin_mean,2025,5,Amazonia,22.280220229377093,2025-05-01,22.027860807485304,0.2523594218917893,0.6379627567203633
tmin_mean,2025,6,Amazonia,21.72628550188303,2025-06-01,21.46120599200741,0.2650795098756191,0.5851292916802514
tmin_mean,2025,7,Amazonia,21.17350610782326,2025-07-01,21.10644046203824,0.06706564578502139,0.5224470328525515
tmin_mean,2025,8,Amazonia,21.60644425086143,2025-08-01,21.433331113485856,0.173113137375573,0.4724627618138039
tmin_mean,2025,9,Amazonia,22.044262447812233,2025-09-01,21.890192293864622,0.15407015394761103,0.3684393040828888
tmin_mean,2025,10,Amazonia,22.370712260934397,2025-10-01,22.228113094873105,0.14259916606129153,0.2853385649865823
tmin_mean,2025,11,Amazonia,22.598799049889315,2025-11-01,22.35618619686296,0.2426128530263547,0.23854073316135072
tmin_mean,2025,12,Amazonia,22.93757302666825,2025-12-01,22.248281911475885,0.6892911151923649,0.2342326527023122
tmin_mean,2026,1,Amazonia,22.54940694076674,2026-01-01,22.308181368526178,0.2412255722405625,0.24773873140487238
tmin_mean,2026,2,Amazonia,22.56627578184743,2026-02-01,22.50451601679968,0.06175976504774994,0.2455172414631305
tmin_mean,2026,3,Amazonia,23.241583438529457,2026-03-01,22.442755255683203,0.798828182846254,0.28958583245295993
tmin_mean,1991,1,Andina,15.703616982520487,1991-01-01,15.783813571865222,-0.08019658934473561,
tmin_mean,1991,2,Andina,16.563444564287803,1991-02-01,16.18110768046729,0.3823368838205141,
tmin_mean,1991,3,Andina,16.363514754517706,1991-03-01,16.42009407699105,-0.056579322473343296,
tmin_mean,1991,4,Andina,16.376768186062083,1991-04-01,16.539778558844187,-0.16301037278210373,
tmin_mean,1991,5,Andina,16.576679179972306,1991-05-01,16.523562675247867,0.053116504724439295,
tmin_mean,1991,6,Andina,16.53727877647312,1991-06-01,16.193187234491173,0.34409154198194614,
tmin_mean,1991,7,Andina,15.761229478992865,1991-07-01,15.876434871060491,-0.11520539206762592,
tmin_mean,1991,8,Andina,15.524462752943109,1991-08-01,15.924812383496121,-0.40034963055301276,
tmin_mean,1991,9,Andina,15.872034973789958,1991-09-01,15.987152138842044,-0.11511716505208547,
tmin_mean,1991,10,Andina,15.346683554504873,1991-10-01,16.006732921959877,-0.6600493674550041,
tmin_mean,1991,11,Andina,15.784674758360248,1991-11-01,16.009020128576896,-0.22434537021664802,
tmin_mean,1991,12,Andina,15.963165140497765,1991-12-01,15.858598620051815,0.1045665204459496,-0.07756181324764248
tmin_mean,1992,1,Andina,15.739565957737343,1992-01-01,15.783813571865222,-0.044247614127879586,-0.07456606531290448
tmin_mean,1992,2,Andina,16.137706758482015,1992-02-01,16.18110768046729,-0.04340092198527401,-0.11004421579672015
tmin_mean,1992,3,Andina,16.797493677469937,1992-03-01,16.42009407699105,0.37739960047888843,-0.07387930555070084
tmin_mean,1992,4,Andina,16.864321149827195,1992-04-01,16.539778558844187,0.32454259098300753,-0.03324989190360824
tmin_mean,1992,5,Andina,16.51063834912435,1992-05-01,16.523562675247867,-0.01292432612351746,-0.0387532944742713
tmin_mean,1992,6,Andina,16.181417019648485,1992-06-01,16.193187234491173,-0.01177021484268792,-0.06840844087632414
tmin_mean,1992,7,Andina,15.410764074193077,1992-07-01,15.876434871060491,-0.4656707968674141,-0.09761389127630649
tmin_mean,1992,8,Andina,15.595274852565604,1992-08-01,15.924812383496121,-0.3295375309305175,-0.09171288297443188
tmin_mean,1992,9,Andina,15.589582993251444,1992-09-01,15.987152138842044,-0.39756914559059986,-0.11525054801930808
tmin_mean,1992,10,Andina,15.635199309621989,1992-10-01,16.006732921959877,-0.3715336123378883,-0.0912075684262151
tmin_mean,1992,11,Andina,15.728738958635738,1992-11-01,16.009020128576896,-0.2802811699411585,-0.0958688850699243
tmin_mean,1992,12,Andina,15.738400430563741,1992-12-01,15.858598620051815,-0.12019818948807348,-0.11459927756442623
tmin_mean,1993,1,Andina,15.522604478109225,1993-01-01,15.783813571865222,-0.26120909375599766,-0.1326794008667694
tmin_mean,1993,2,Andina,15.777386461633927,1993-02-01,16.18110768046729,-0.4037212188333612,-0.16270609227077668
tmin_mean,1993,3,Andina,15.896349490015961,1993-03-01,16.42009407699105,-0.5237445869750879,-0.2378014412252747
tmin_mean,1993,4,Andina,16.350993369898596,1993-04-01,16.539778558844187,-0.18878518894559093,-0.28057875621932454
tmin_mean,1993,5,Andina,16.447385187779837,1993-05-01,16.523562675247867,-0.07617748746802988,-0.28584985299803395
tmin_mean,1993,6,Andina,16.20679001594077,1993-06-01,16.193187234491173,0.01360278144959537,-0.2837354366403437
tmin_mean,1993,7,Andina,15.631681038820544,1993-07-01,15.876434871060491,-0.2447538322399474,-0.26532568958805475
tmin_mean,1993,8,Andina,15.782914933712002,1993-08-01,15.924812383496121,-0.14189744978411944,-0.24968901615918826
tmin_mean,1993,9,Andina,15.683166386732768,1993-09-01,15.987152138842044,-0.30398575210927525,-0.24189040003574455
tmin_mean,1993,10,Andina,15.932746951002176,1993-10-01,16.006732921959877,-0.07398597095770043,-0.2170947632540622
tmin_mean,1993,11,Andina,15.872491987446438,1993-11-01,16.009020128576896,-0.13652814113045864,-0.2051153441865039
tmin_mean,1993,12,Andina,15.724730060203564,1993-12-01,15.858598620051815,-0.13386855984825097,-0.2062545417165187
tmin_mean,1994,1,Andina,15.487722720081623,1994-01-01,15.783813571865222,-0.2960908517835996,-0.2091613548854855
tmin_mean,1994,2,Andina,15.723246879322748,1994-02-01,16.18110768046729,-0.4578608011445411,-0.21367298674475052
tmin_mean,1994,3,Andina,16.005303456685624,1994-03-01,16.42009407699105,-0.4147906203054248,-0.2045934895222786
tmin_mean,1994,4,Andina,16.201398457896833,1994-04-01,16.539778558844187,-0.3383801009473544,-0.21705973218909222
tmin_mean,1994,5,Andina,16.304336590189774,1994-05-01,16.523562675247867,-0.21922608505809293,-0.2289804486549308
tmin_mean,1994,6,Andina,15.827381566411974,1994-06-01,16.193187234491173,-0.365805668079199,-0.260597819448997
tmin_mean,1994,7,Andina,15.623865661229456,1994-07-01,15.876434871060491,-0.2525692098310355,-0.261249100914921
tmin_mean,1994,8,Andina,15.602543609372882,1994-08-01,15.924812383496121,-0.3222687741232395,-0.2762800446098477
tmin_mean,1994,9,Andina,16.036595125687892,1994-09-01,15.987152138842044,0.04944298684584858,-0.2468276496969207
tmin_mean,1994,10,Andina,15.577591361730557,1994-10-01,16.006732921959877,-0.42914156022932026,-0.276423948802889
tmin_mean,1994,11,Andina,15.792098389499454,1994-11-01,16.009020128576896,-0.21692173907744206,-0.28312341529847096
tmin_mean,1994,12,Andina,15.943764315499687,1994-12-01,15.858598620051815,0.08516569544787167,-0.2648705606904607
tmin_mean,1995,1,Andina,15.546006569789977,1995-01-01,15.783813571865222,-0.23780700207524497,-0.26001357321476454
tmin_mean,1995,2,Andina,15.911913694204037,1995-02-01,16.18110768046729,-0.26919398626325197,-0.24429133864132377
tmin_mean,1995,3,Andina,16.36304556839793,1995-03-01,16.42009407699105,-0.05704850859311961,-0.21447949599863167
tmin_mean,1995,4,Andina,16.787844091212246,1995-04-01,16.539778558844187,0.2480655323680594,-0.16560902655568052
tmin_mean,1995,5,Andina,16.42894306558651,1995-05-01,16.523562675247867,-0.09461960966135763,-0.15522515360595257
tmin_mean,1995,6,Andina,16.36561189316499,1995-06-01,16.193187234491173,0.1724246586738154,-0.11037262637653471
tmin_mean,1995,7,Andina,15.716908202631858,1995-07-01,15.876434871060491,-0.15952666842863295,-0.10261908125966783
tmin_mean,1995,8,Andina,15.80440710704906,1995-08-01,15.924812383496121,-0.12040527644706067,-0.08579712311998626
tmin_mean,1995,9,Andina,16.02762451439884,1995-09-01,15.987152138842044,0.0404723755567975,-0.08654467406074051
tmin_mean,1995,10,Andina,15.904558623500515,1995-10-01,16.006732921959877,-0.10217429845936188,-0.05929740224657731
tmin_mean,1995,11,Andina,15.79505175885108,1995-11-01,16.009020128576896,-0.21396836972581568,-0.05905128813394178
tmin_mean,1995,12,Andina,15.648043302643687,1995-12-01,15.858598620051815,-0.2105553174081276,-0.08369470587194172
tmin_mean,1996,1,Andina,15.12211486655737,1996-01-01,15.783813571865222,-0.6616987053078525,-0.11901901447465901
tmin_mean,1996,2,Andina,15.565463392122727,1996-02-01,16.18110768046729,-0.6156442883445621,-0.14788987298143486
tmin_mean,1996,3,Andina,16.049229378030198,1996-03-01,16.42009407699105,-0.37086469896085106,-0.17404122217874582
tmin_mean,1996,4,Andina,16.225780488520506,1996-04-01,16.539778558844187,-0.3139980703236809,-0.22087985573639082
tmin_mean,1996,5,Andina,16.224764232412053,1996-05-01,16.523562675247867,-0.2987984428358139,-0.23789475850092887
tmin_mean,1996,6,Andina,16.083311350510154,1996-06-01,16.193187234491173,-0.10987588398101877,-0.26141980372216506
tmin_mean,1996,7,Andina,15.525595772289524,1996-07-01,15.876434871060491,-0.3508390987709671,-0.27736250625069286
tmin_mean,1996,8,Andina,15.46904593796932,1996-08-01,15.924812383496121,-0.4557664455268018,-0.3053092703406713
tmin_mean,1996,9,Andina,15.911128412789,1996-09-01,15.987152138842044,-0.07602372605304453,-0.31501727880815816
tmin_mean,1996,10,Andina,15.764346288326708,1996-10-01,16.006732921959877,-0.2423866336331688,-0.3267016400726421
tmin_mean,1996,11,Andina,15.734503702138607,1996-11-01,16.009020128576896,-0.27451642643828933,-0.3317473114653482
tmin_mean,1996,12,Andina,15.455927067465018,1996-12-01,15.858598620051815,-0.40267155258679743,-0.3477569977302373
tmin_mean,1997,1,Andina,15.47751737939109,1997-01-01,15.783813571865222,-0.3062961924741323,-0.31814012166076067
tmin_mean,1997,2,Andina,15.795046605371711,1997-02-01,16.18110768046729,-0.3860610750955775,-0.29900818722334527
tmin_mean,1997,3,Andina,16.15501702702316,1997-03-01,16.42009407699105,-0.26507704996788917,-0.2901925498072651
tmin_mean,1997,4,Andina,16.34660177051951,1997-04-01,16.539778558844187,-0.19317678832467777,-0.2801241096406815
tmin_mean,1997,5,Andina,16.46773116976798,1997-05-01,16.523562675247867,-0.0558315054798868,-0.25987686486102096
tmin_mean,1997,6,Andina,16.140278673344266,1997-06-01,16.193187234491173,-0.05290856114690712,-0.2551295879581783
tmin_mean,1997,7,Andina,16.30333950926502,1997-07-01,15.876434871060491,0.42690463820452784,-0.19031760987688706
tmin_mean,1997,8,Andina,16.278662337241574,1997-08-01,15.924812383496121,0.3538499537454527,-0.12284957660419919
tmin_mean,1997,9,Andina,16.407617392604973,1997-09-01,15.987152138842044,0.420465253762929,-0.08147549495286806
tmin_mean,1997,10,Andina,16.305685419353615,1997-10-01,16.006732921959877,0.2989524973937385,-0.036363900700625784
tmin_mean,1997,11,Andina,16.29837028459876,1997-11-01,16.009020128576896,0.28935015602186454,0.010624981171053705
tmin_mean,1997,12,Andina,16.279215277822033,1997-12-01,15.858598620051815,0.42061665777021773,0.0792323320341383
tmin_mean,1998,1,Andina,17.04764754562937,1998-01-01,15.783813571865222,1.2638339737641484,0.21007651255399504
tmin_mean,1998,2,Andina,17.52359677598618,1998-02-01,16.18110768046729,1.3424890955188928,0.3541223601052009
tmin_mean,1998,3,Andina,17.677187536174614,1998-03-01,16.42009407699105,1.2570934591835652,0.48096990253448874
tmin_mean,1998,4,Andina,17.700610138614934,1998-04-01,16.539778558844187,1.160831579770747,0.5938039332091075
tmin_mean,1998,5,Andina,17.36295518039193,1998-05-01,16.523562675247867,0.8393925051440618,0.6684059340944365
tmin_mean,1998,6,Andina,16.499582862295007,1998-06-01,16.193187234491173,0.306395627803834,0.6983479498403317
tmin_mean,1998,7,Andina,15.9692169654681,1998-07-01,15.876434871060491,0.09278209440760854,0.6705044045239217
tmin_mean,1998,8,Andina,16.120739881170685,1998-08-01,15.924812383496121,0.19592749767456397,0.6573441998513476
tmin_mean,1998,9,Andina,16.05901816877426,1998-09-01,15.987152138842044,0.07186602993221491,0.6282942645321214
tmin_mean,1998,10,Andina,16.288470027098384,1998-10-01,16.006732921959877,0.28173710513850736,0.6268596485108522
tmin_mean,1998,11,Andina,16.10578111295719,1998-11-01,16.009020128576896,0.09676098438029257,0.6108105508740546
tmin_mean,1998,12,Andina,15.67593922725444,1998-12-01,15.858598620051815,-0.1826593927973743,0.5605375466600885
tmin_mean,1999,1,Andina,15.48370311828943,1999-01-01,15.783813571865222,-0.30011045357579214,0.43020884438176016
tmin_mean,1999,2,Andina,15.680757412910117,1999-02-01,16.18110768046729,-0.500350267557172,0.27663889745875475
tmin_mean,1999,3,Andina,15.613079060890977,1999-03-01,16.42009407699105,-0.8070150161000722,0.10462985785178495
tmin_mean,1999,4,Andina,15.975196840942418,1999-04-01,16.539778558844187,-0.5645817179017687,-0.039154583620924686
tmin_mean,1999,5,Andina,15.672766826589475,1999-05-01,16.523562675247867,-0.8507958486583913,-0.18000361310446245
tmin_mean,1999,6,Andina,15.766383787285172,1999-06-01,16.193187234491173,-0.4268034472060016,-0.24110353602194876
tmin_mean,1999,7,Andina,15.299123668848798,1999-07-01,15.876434871060491,-0.5773112022116926,-0.2969446440735572
tmin_mean,1999,8,Andina,15.498084415610244,1999-08-01,15.924812383496121,-0.42672796788587775,-0.3488325995369273
tmin_mean,1999,9,Andina,15.42734223158623,1999-09-01,15.987152138842044,-0.5598099072558131,-0.401472260969263
tmin_mean,1999,10,Andina,15.42426146499714,1999-10-01,16.006732921959877,-0.5824714569627361,-0.4734896411443666
tmin_mean,1999,11,Andina,15.617174304661761,1999-11-01,16.009020128576896,-0.3918458239151352,-0.5142068751689856
tmin_mean,1999,12,Andina,15.537516481882365,1999-12-01,15.858598620051815,-0.32108213816944975,-0.5257421039499919
tmin_mean,2000,1,Andina,14.93332832931493,2000-01-01,15.783813571865222,-0.8504852425502918,-0.5716066696978669
tmin_mean,2000,2,Andina,15.080844957178178,2000-02-01,16.18110768046729,-1.1002627232891111,-0.6215993743421951
tmin_mean,2000,3,Andina,15.45339152575123,2000-03-01,16.42009407699105,-0.966702551239818,-0.634906668937174
tmin_mean,2000,4,Andina,15.819423481066933,2000-04-01,16.539778558844187,-0.7203550777772545,-0.6478877822601311
tmin_mean,2000,5,Andina,16.153503854777764,2000-05-01,16.523562675247867,-0.37005882047010275,-0.6078263632444404
tmin_mean,2000,6,Andina,15.767903998228691,2000-06-01,16.193187234491173,-0.4252832362624819,-0.607699678999147
tmin_mean,2000,7,Andina,15.414879274246221,2000-07-01,15.876434871060491,-0.4615555968142697,-0.5980533785493618
tmin_mean,2000,8,Andina,15.39861202161126,2000-08-01,15.924812383496121,-0.526200361884861,-0.6063427447159437
tmin_mean,2000,9,Andina,15.54503582583786,2000-09-01,15.987152138842044,-0.44211631300418297,-0.5965349451949745
tmin_mean,2000,10,Andina,15.71654000352203,2000-10-01,16.006732921959877,-0.290192918437846,-0.5721784003179003
tmin_mean,2000,11,Andina,15.626649722192173,2000-11-01,16.009020128576896,-0.3823704063847231,-0.571388782190366
tmin_mean,2000,12,Andina,15.52551228711753,2000-12-01,15.858598620051815,-0.33308633293428436,-0.5723891317541022
tmin_mean,2001,1,Andina,14.822103113786625,2001-01-01,15.783813571865222,-0.9617104580785973,-0.5816578997147944
tmin_mean,2001,2,Andina,15.371015787264882,2001-02-01,16.18110768046729,-0.8100918932024062,-0.5574769972075689
tmin_mean,2001,3,Andina,15.738616368323372,2001-03-01,16.42009407699105,-0.6814777086676767,-0.5337082603265572
tmin_mean,2001,4,Andina,16.20279546079108,2001-04-01,16.539778558844187,-0.336983098053107,-0.5017605953495449
tmin_mean,2001,5,Andina,16.363824617304026,2001-05-01,16.523562675247867,-0.15973805794384077,-0.48423386513902306
tmin_mean,2001,6,Andina,15.68214134045511,2001-06-01,16.193187234491173,-0.5110458940360623,-0.49138075328682146
tmin_mean,2001,7,Andina,15.556574235353397,2001-07-01,15.876434871060491,-0.31986063570709433,-0.4795728398612235
tmin_mean,2001,8,Andina,15.98945881246741,2001-08-01,15.924812383496121,0.06464642897128847,-0.4303356072898777
tmin_mean,2001,9,Andina,15.624073402627928,2001-09-01,15.987152138842044,-0.36307873621411524,-0.42374914255737206
tmin_mean,2001,10,Andina,16.136862456173876,2001-10-01,16.006732921959877,0.13012953421399942,-0.3887222715030516
tmin_mean,2001,11,Andina,15.89497379763953,2001-11-01,16.009020128576896,-0.11404633093736649,-0.36636193188243854
tmin_mean,2001,12,Andina,16.338890122351653,2001-12-01,15.858598620051815,0.4802915022998384,-0.29858044561292835
tmin_mean,2002,1,Andina,15.497158207325183,2002-01-01,15.783813571865222,-0.2866553645400387,-0.2423258544847151
tmin_mean,2002,2,Andina,15.981615738387278,2002-02-01,16.18110768046729,-0.19949194208001053,-0.19144252522451546
tmin_mean,2002,3,Andina,16.399349960142057,2002-03-01,16.42009407699105,-0.020744116848991467,-0.13638139257295837
tmin_mean,2002,4,Andina,16.32431993233283,2002-04-01,16.539778558844187,-0.2154586265113565,-0.1262543532778125
tmin_mean,2002,5,Andina,16.57639745637889,2002-05-01,16.523562675247867,0.05283478113102191,-0.10853995002157395
tmin_mean,2002,6,Andina,15.982661340034904,2002-06-01,16.193187234491173,-0.21052589445626957,-0.08349661672325788
tmin_mean,2002,7,Andina,16.01841361379124,2002-07-01,15.876434871060491,0.14197874273074795,-0.045010001853437696
tmin_mean,2002,8,Andina,15.950143174944985,2002-08-01,15.924812383496121,0.025330791448864076,-0.048286304980306394
tmin_mean,2002,9,Andina,15.963876005323883,2002-09-01,15.987152138842044,-0.023276133518161046,-0.019969421422310212
tmin_mean,2002,10,Andina,16.02553103700295,2002-10-01,16.006732921959877,0.018798115043072272,-0.02924703968655414
tmin_mean,2002,11,Andina,15.814753637108199,2002-11-01,16.009020128576896,-0.19426649146869757,-0.03593205306416506
tmin_mean,2002,12,Andina,16.251685408876945,2002-12-01,15.858598620051815,0.39308678882512993,-0.04319911252039077
tmin_mean,2003,1,Andina,16.22034690967591,2003-01-01,15.783813571865222,0.4365333378106886,0.017066612675503173
tmin_mean,2003,2,Andina,16.81028781567972,2003-02-01,16.18110768046729,0.6291801352124331,0.08612261911654014
tmin_mean,2003,3,Andina,16.467725923686945,2003-03-01,16.42009407699105,0.047631846695896485,0.09182061607861414
tmin_mean,2003,4,Andina,16.508182906391735,2003-04-01,16.539778558844187,-0.03159565245245233,0.10714253058352281
tmin_mean,2003,5,Andina,16.537191057165987,2003-05-01,16.523562675247867,0.01362838191812088,0.1038753306491144
tmin_mean,2003,6,Andina,16.0005403583286,2003-06-01,16.193187234491173,-0.19264687616257348,0.10536524884025573
tmin_mean,2003,7,Andina,15.921179067497233,2003-07-01,15.876434871060491,0.0447441964367421,0.09726236998242192
tmin_mean,2003,8,Andina,15.994551722733577,2003-08-01,15.924812383496121,0.06973933923745612,0.10096308229813793
tmin_mean,2003,9,Andina,16.038853795321252,2003-09-01,15.987152138842044,0.051701656479208324,0.10721123146458537
tmin_mean,2003,10,Andina,16.135747190728274,2003-10-01,16.006732921959877,0.1290142687683975,0.11639591094169581
tmin_mean,2003,11,Andina,16.000588751907667,2003-11-01,16.009020128576896,-0.008431376669228996,0.13188217050831819
tmin_mean,2003,12,Andina,15.821438933365224,2003-12-01,15.858598620051815,-0.03715968668659109,0.0960282975490081
tmin_mean,2004,1,Andina,15.665054106600724,2004-01-01,15.783813571865222,-0.11875946526449788,0.049753897292742565
tmin_mean,2004,2,Andina,15.78472383225349,2004-02-01,16.18110768046729,-0.396383848213798,-0.0357097679927767
tmin_mean,2004,3,Andina,16.707277018263973,2004-03-01,16.42009407699105,0.2871829412729241,-0.015747176778024397
tmin_mean,2004,4,Andina,16.498888971095035,2004-04-01,16.539778558844187,-0.04088958774915241,-0.016521671386082737
tmin_mean,2004,5,Andina,16.488312228433315,2004-05-01,16.523562675247867,-0.03525044681455114,-0.020594907113805405
tmin_mean,2004,6,Andina,15.848086570464483,2004-06-01,16.193187234491173,-0.34510066402669004,-0.03329938943581512
tmin_mean,2004,7,Andina,15.541343557778154,2004-07-01,15.876434871060491,-0.3350913132823372,-0.06495234857907173
tmin_mean,2004,8,Andina,15.804954936009118,2004-08-01,15.924812383496121,-0.11985744748700355,-0.08075208080611003
tmin_mean,2004,9,Andina,15.797200338729871,2004-09-01,15.987152138842044,-0.18995180011217272,-0.10088986885539179
tmin_mean,2004,10,Andina,15.898269176680428,2004-10-01,16.006732921959877,-0.10846374527944924,-0.12067970335937901
tmin_mean,2004,11,Andina,16.001316426524667,2004-11-01,16.009020128576896,-0.007703702052229033,-0.12061906380796235
tmin_mean,2004,12,Andina,15.792193469257871,2004-12-01,15.858598620051815,-0.06640515079394405,-0.12305618581690843
tmin_mean,2005,1,Andina,15.95595594638317,2005-01-01,15.783813571865222,0.17214237451794823,-0.09881436583503793
tmin_mean,2005,2,Andina,16.532146738993077,2005-02-01,16.18110768046729,0.35103905852578876,-0.036529123606739024
tmin_mean,2005,3,Andina,16.525223348174926,2005-03-01,16.42009407699105,0.10512927118387694,-0.05170026278082629
tmin_mean,2005,4,Andina,16.961036430337074,2005-04-01,16.539778558844187,0.4212578714928874,-0.013187974510656305
tmin_mean,2005,5,Andina,16.46849959914138,2005-05-01,16.523562675247867,-0.0550630761064852,-0.01483902695165081
tmin_mean,2005,6,Andina,16.479245539227183,2005-06-01,16.193187234491173,0.28605830473600946,0.03775755377857415
tmin_mean,2005,7,Andina,15.987297882239366,2005-07-01,15.876434871060491,0.11086301117887487,0.07492041415034183
tmin_mean,2005,8,Andina,16.02059903793455,2005-08-01,15.924812383496121,0.09578665443842738,0.09289075597746106
tmin_mean,2005,9,Andina,16.103724178299473,2005-09-01,15.987152138842044,0.116572039457429,0.11843440927492788
tmin_mean,2005,10,Andina,15.929719848730764,2005-10-01,16.006732921959877,-0.07701307322911255,0.12105529861245594
tmin_mean,2005,11,Andina,15.963906250607753,2005-11-01,16.009020128576896,-0.045113877969143346,0.11793778395271308
tmin_mean,2005,12,Andina,15.477023169558686,2005-12-01,15.858598620051815,-0.3815754504931288,0.09167359231111434
tmin_mean,2006,1,Andina,15.677139646674405,2006-01-01,15.783813571865222,-0.10667392519081709,0.06843890066871723
tmin_mean,2006,2,Andina,16.09556863494818,2006-02-01,16.18110768046729,-0.08553904551910918,0.03205739199830907
tmin_mean,2006,3,Andina,16.174046552142897,2006-03-01,16.42009407699105,-0.2460475248481515,0.002792658995640037
tmin_mean,2006,4,Andina,16.20379444941864,2006-04-01,16.539778558844187,-0.3359841094255458,-0.0603108394142294
tmin_mean,2006,5,Andina,16.22218864092223,2006-05-01,16.523562675247867,-0.3013740343256366,-0.08083675259915868
tmin_mean,2006,6,Andina,15.927459917698556,2006-06-01,16.193187234491173,-0.2657273167926171,-0.12681888772654423
tmin_mean,2006,7,Andina,16.0332527477779,2006-07-01,15.876434871060491,0.15681787671741,-0.12298931559833297
tmin_mean,2006,8,Andina,15.954069729425756,2006-08-01,15.924812383496121,0.02925734592963458,-0.12853342464073236
tmin_mean,2006,9,Andina,15.885676053400946,2006-09-01,15.987152138842044,-0.10147608544109765,-0.14670410171560958
tmin_mean,2006,10,Andina,16.281143009291938,2006-10-01,16.006732921959877,0.2744100873320612,-0.11741883833551177
tmin_mean,2006,11,Andina,15.9131131877671,2006-11-01,16.009020128576896,-0.09590694080979567,-0.1216515935722328
tmin_mean,2006,12,Andina,15.97104791188681,2006-12-01,15.858598620051815,0.11244929183499508,-0.08048286504488915
tmin_mean,2007,1,Andina,16.402958250358875,2007-01-01,15.783813571865222,0.6191446784936527,-0.019997981404516658
tmin_mean,2007,2,Andina,15.66262312509836,2007-02-01,16.18110768046729,-0.5184845553689286,-0.05607677389200161
tmin_mean,2007,3,Andina,16.4765805231521,2007-03-01,16.42009407699105,0.056486446161052584,-0.0308656096412346
tmin_mean,2007,4,Andina,16.429377438024773,2007-04-01,16.539778558844187,-0.11040112081941444,-0.01206702725739032
tmin_mean,2007,5,Andina,16.477497701917606,2007-05-01,16.523562675247867,-0.04606497333026027,0.009208727825557705
tmin_mean,2007,6,Andina,15.947182017103007,2007-06-01,16.193187234491173,-0.2460052173881664,0.010852236109261929
tmin_mean,2007,7,Andina,15.68541987139159,2007-07-01,15.876434871060491,-0.19101499966890145,-0.01813383692293069
tmin_mean,2007,8,Andina,15.779647533891072,2007-08-01,15.924812383496121,-0.14516484960504883,-0.032669019884154306
tmin_mean,2007,9,Andina,15.716484579942662,2007-09-01,15.987152138842044,-0.27066755889938143,-0.04676830933901129
tmin_mean,2007,10,Andina,15.785199903864491,2007-10-01,16.006732921959877,-0.22153301809538561,-0.08809690145796518
tmin_mean,2007,11,Andina,15.80456070948214,2007-11-01,16.009020128576896,-0.20445941909475707,-0.0971429413150453
tmin_mean,2007,12,Andina,15.41450420848514,2007-12-01,15.858598620051815,-0.4440944115666756,-0.14352158326518452
tmin_mean,2008,1,Andina,15.36883275657157,2008-01-01,15.783813571865222,-0.41498081529365294,-0.22969870774746
tmin_mean,2008,2,Andina,15.400596511459058,2008-02-01,16.18110768046729,-0.7805111690082303,-0.2515342588840685
tmin_mean,2008,3,Andina,15.521031468704933,2008-03-01,16.42009407699105,-0.8990626082861155,-0.3311633467546658
tmin_mean,2008,4,Andina,15.829353578282937,2008-04-01,16.539778558844187,-0.7104249805612497,-0.3811653350664854
tmin_mean,2008,5,Andina,16.01137222482845,2008-05-01,16.523562675247867,-0.5121904504194177,-0.4200091248239152
tmin_mean,2008,6,Andina,15.864658846882145,2008-06-01,16.193187234491173,-0.3285283876090279,-0.4268860556756537
tmin_mean,2008,7,Andina,15.601834914377607,2008-07-01,15.876434871060491,-0.2745999566828843,-0.43385146876015224
tmin_mean,2008,8,Andina,15.595988533623203,2008-08-01,15.924812383496121,-0.32882384987291857,-0.4491563854491414
tmin_mean,2008,9,Andina,15.776768196999944,2008-09-01,15.987152138842044,-0.21038394184209963,-0.4441327506943679
tmin_mean,2008,10,Andina,15.801570395455522,2008-10-01,16.006732921959877,-0.2051625265043544,-0.442768543061782
tmin_mean,2008,11,Andina,16.021256593839546,2008-11-01,16.009020128576896,0.012236465262649432,-0.42471055269866476
tmin_mean,2008,12,Andina,15.483972391263276,2008-12-01,15.858598620051815,-0.37462622878853935,-0.4189215374671534
tmin_mean,2009,1,Andina,15.688893445253015,2009-01-01,15.783813571865222,-0.09492012661220706,-0.39224981341036624
tmin_mean,2009,2,Andina,15.79067668605883,2009-02-01,16.18110768046729,-0.3904309944084581,-0.35974313219371856
tmin_mean,2009,3,Andina,16.04322724993482,2009-03-01,16.42009407699105,-0.3768668270562294,-0.3162268170912281
tmin_mean,2009,4,Andina,16.31815172997197,2009-04-01,16.539778558844187,-0.22162682887221763,-0.2754936377838087
tmin_mean,2009,5,Andina,16.159153113459794,2009-05-01,16.523562675247867,-0.36440956178807227,-0.2631785637311966
tmin_mean,2009,6,Andina,16.161032286855477,2009-06-01,16.193187234491173,-0.032154947635696374,-0.2384807770667523
tmin_mean,2009,7,Andina,15.933823953640397,2009-07-01,15.876434871060491,0.05738908257990616,-0.2108150237948531
tmin_mean,2009,8,Andina,16.261587894900245,2009-08-01,15.924812383496121,0.33677551140412376,-0.15534841035509958
tmin_mean,2009,9,Andina,16.26481895413361,2009-09-01,15.987152138842044,0.2776668152915658,-0.11467751392729413
tmin_mean,2009,10,Andina,16.30244079635859,2009-10-01,16.006732921959877,0.2957078743987118,-0.0729383138520386
tmin_mean,2009,11,Andina,16.324390232312133,2009-11-01,16.009020128576896,0.315370103735237,-0.047677177312656305
tmin_mean,2009,12,Andina,16.24643117356638,2009-12-01,15.858598620051815,0.38783255351456347,0.015861054545935598
tmin_mean,2010,1,Andina,16.01004388760961,2010-01-01,15.783813571865222,0.22623031574438635,0.04262359140898505
tmin_mean,2010,2,Andina,17.388638083215504,2010-02-01,16.18110768046729,1.2075304027482154,0.17578704117204116
tmin_mean,2010,3,Andina,17.316254188597803,2010-03-01,16.42009407699105,0.8961601116067541,0.28187261939395647
tmin_mean,2010,4,Andina,17.208481497555574,2010-04-01,16.539778558844187,0.6687029387113874,0.35606676669259024
tmin_mean,2010,5,Andina,17.10411114222786,2010-05-01,16.523562675247867,0.5805484669799945,0.4348132690899291
tmin_mean,2010,6,Andina,16.408900989135486,2010-06-01,16.193187234491173,0.21571375464431242,0.4554689942799299
tmin_mean,2010,7,Andina,16.046401224974915,2010-07-01,15.876434871060491,0.1699663539144236,0.4648504335578063
tmin_mean,2010,8,Andina,16.034231548291096,2010-08-01,15.924812383496121,0.10941916479497493,0.44590407134037724
tmin_mean,2010,9,Andina,15.911408274808368,2010-09-01,15.987152138842044,-0.07574386403367583,0.4164531813966071
tmin_mean,2010,10,Andina,15.893645891210063,2010-10-01,16.006732921959877,-0.11308703074981352,0.3823869393008967
tmin_mean,2010,11,Andina,15.73703766270706,2010-11-01,16.009020128576896,-0.27198246586983643,0.3334408918338072
tmin_mean,2010,12,Andina,15.483773994420936,2010-12-01,15.858598620051815,-0.3748246256308789,0.26988612690502034
tmin_mean,2011,1,Andina,15.370437171111893,2011-01-01,15.783813571865222,-0.4133764007533287,0.2165855671968774
tmin_mean,2011,2,Andina,15.752191983793539,2011-02-01,16.18110768046729,-0.42891569667374974,0.08021505891171365
tmin_mean,2011,3,Andina,15.674760719281418,2011-03-01,16.42009407699105,-0.7453333577096313,-0.056576063531318464
tmin_mean,2011,4,Andina,16.121245133529698,2011-04-01,16.539778558844187,-0.41853342531448945,-0.1471790938668082
tmin_mean,2011,5,Andina,16.40800247277907,2011-05-01,16.523562675247867,-0.11556020246879584,-0.2051881496542074
tmin_mean,2011,6,Andina,16.246751635459955,2011-06-01,16.193187234491173,0.053564400968781456,-0.21870059579383497
tmin_mean,2011,7,Andina,15.824711605682412,2011-07-01,15.876434871060491,-0.051723265378079475,-0.2371747307348769
tmin_mean,2011,8,Andina,15.811356093673986,2011-08-01,15.924812383496121,-0.1134562898221354,-0.25574768528630276
tmin_mean,2011,9,Andina,15.812705306755038,2011-09-01,15.987152138842044,-0.17444683208700518,-0.2639729326240802
tmin_mean,2011,10,Andina,15.739284253067417,2011-10-01,16.006732921959877,-0.26744866889245955,-0.2768364024693007
tmin_mean,2011,11,Andina,15.802835184550572,2011-11-01,16.009020128576896,-0.20618494402632415,-0.271353275649008
tmin_mean,2011,12,Andina,15.835482686348227,2011-12-01,15.858598620051815,-0.023115933703588,-0.24204421798840045
tmin_mean,2012,1,Andina,15.703799854076374,2012-01-01,15.783813571865222,-0.08001371778884803,-0.21426399440802704
tmin_mean,2012,2,Andina,15.56021671333317,2012-02-01,16.18110768046729,-0.6208909671341178,-0.23026193361305772
tmin_mean,2012,3,Andina,16.05181459193127,2012-03-01,16.42009407699105,-0.36827948505978014,-0.19884077755890348
tmin_mean,2012,4,Andina,16.093077552394895,2012-04-01,16.539778558844187,-0.4467010064492918,-0.20118807598680366
tmin_mean,2012,5,Andina,16.25188483790061,2012-05-01,16.523562675247867,-0.27167783734725504,-0.21419787889334194
tmin_mean,2012,6,Andina,15.87715394853571,2012-06-01,16.193187234491173,-0.3160332859554629,-0.24499768613702896
tmin_mean,2012,7,Andina,15.944063661858543,2012-07-01,15.876434871060491,0.06762879079805195,-0.23505168145568467
tmin_mean,2012,8,Andina,15.923310330087986,2012-08-01,15.924812383496121,-0.00150205340813514,-0.22572216175451798
tmin_mean,2012,9,Andina,15.905265422182664,2012-09-01,15.987152138842044,-0.08188671665937974,-0.21800881880221587
tmin_mean,2012,10,Andina,16.025286088676214,2012-10-01,16.006732921959877,0.018553166716337444,-0.19417533250148278
tmin_mean,2012,11,Andina,16.13453543549181,2012-11-01,16.009020128576896,0.12551530691491308,-0.16653364492304634
tmin_mean,2012,12,Andina,15.827465605747133,2012-12-01,15.858598620051815,-0.031133014304682405,-0.16720173497313753
tmin_mean,2013,1,Andina,16.32287071039142,2013-01-01,15.783813571865222,0.5390571385261982,-0.11561249694688369
tmin_mean,2013,2,Andina,16.453011663038566,2013-02-01,16.18110768046729,0.2719039825712777,-0.0412129178047674
tmin_mean,2013,3,Andina,16.745900502687526,2013-03-01,16.42009407699105,0.3258064256964772,0.01662757475825405
tmin_mean,2013,4,Andina,16.86907385096806,2013-04-01,16.539778558844187,0.32929529212387365,0.0812939329726845
tmin_mean,2013,5,Andina,16.485852643819793,2013-05-01,16.523562675247867,-0.037710031428073165,0.10079125013261632
tmin_mean,2013,6,Andina,16.21628253856802,2013-06-01,16.193187234491173,0.0230953040768469,0.12905196596864213
tmin_mean,2013,7,Andina,15.725070288129405,2013-07-01,15.876434871060491,-0.15136458293108568,0.11080251815788067
tmin_mean,2013,8,Andina,15.97133347597392,2013-08-01,15.924812383496121,0.04652109247779812,0.11480444698170844
tmin_mean,2013,9,Andina,16.054177284352324,2013-09-01,15.987152138842044,0.06702514551028038,0.12721376882918012
tmin_mean,2013,10,Andina,15.926662524537974,2013-10-01,16.006732921959877,-0.08007039742190258,0.11899513848432679
tmin_mean,2013,11,Andina,15.878239959031086,2013-11-01,16.009020128576896,-0.13078016954580995,0.09763718211259986
tmin_mean,2013,12,Andina,15.749459876550873,2013-12-01,15.858598620051815,-0.10913874350094233,0.0911367046795782
tmin_mean,2014,1,Andina,16.063138699721893,2014-01-01,15.783813571865222,0.2793251278566711,0.0694923704571176
tmin_mean,2014,2,Andina,16.48723256110214,2014-02-01,16.18110768046729,0.3061248806348509,0.07234411196241537
tmin_mean,2014,3,Andina,16.483185236738347,2014-03-01,16.42009407699105,0.06309115974729806,0.050451173133317116
tmin_mean,2014,4,Andina,16.744327618815653,2014-04-01,16.539778558844187,0.2045490599714661,0.04005565378728315
tmin_mean,2014,5,Andina,16.518727302173577,2014-05-01,16.523562675247867,-0.004835373074289606,0.04279520865009845
tmin_mean,2014,6,Andina,16.571720310779064,2014-06-01,16.193187234491173,0.3785330762878907,0.07241502300101876
tmin_mean,2014,7,Andina,16.34999287425296,2014-07-01,15.876434871060491,0.4735580031924673,0.12449190517798152
tmin_mean,2014,8,Andina,16.0285408503736,2014-08-01,15.924812383496121,0.10372846687747739,0.12925918637795478
tmin_mean,2014,9,Andina,16.041906813696123,2014-09-01,15.987152138842044,0.054754674854079255,0.12823664715660468
tmin_mean,2014,10,Andina,16.138818847074,2014-10-01,16.006732921959877,0.1320859251141222,0.14591634070127343
tmin_mean,2014,11,Andina,16.07633789092168,2014-11-01,16.009020128576896,0.06731776234478204,0.16242450169215608
tmin_mean,2014,12,Andina,15.83847802429849,2014-12-01,15.858598620051815,-0.020120595753324366,0.16984268067112426
tmin_mean,2015,1,Andina,15.78992721012203,2015-01-01,15.783813571865222,0.006113638256808329,0.14707505653780237
tmin_mean,2015,2,Andina,16.3603930837358,2015-02-01,16.18110768046729,0.17928540326851206,0.13650510009060746
tmin_mean,2015,3,Andina,16.657097726920473,2015-03-01,16.42009407699105,0.2370036499294237,0.1509978076057846
tmin_mean,2015,4,Andina,16.59719162799209,2015-04-01,16.539778558844187,0.05741306914790201,0.13873647503715425
tmin_mean,2015,5,Andina,16.749573312154077,2015-05-01,16.523562675247867,0.22601063690621004,0.15797364253552923
tmin_mean,2015,6,Andina,16.74109104608764,2015-06-01,16.193187234491173,0.5479038115964663,0.17208787047791052
tmin_mean,2015,7,Andina,16.505021836310235,2015-07-01,15.876434871060491,0.6285869652497436,0.18500695064935022
tmin_mean,2015,8,Andina,16.594568861086444,2015-08-01,15.924812383496121,0.6697564775903224,0.23217595154208728
tmin_mean,2015,9,Andina,16.600018374105765,2015-09-01,15.987152138842044,0.6128662352637217,0.2786852482428908
tmin_mean,2015,10,Andina,16.778353606874195,2015-10-01,16.006732921959877,0.7716206849143177,0.3319798115595738
tmin_mean,2015,11,Andina,16.57080252589844,2015-11-01,16.009020128576896,0.5617823973215437,0.37318519780763726
tmin_mean,2015,12,Andina,16.593255665830252,2015-12-01,15.858598620051815,0.7346570457784374,0.43608333460195076
tmin_mean,2016,1,Andina,16.966944926919084,2016-01-01,15.783813571865222,1.1831313550538614,0.5341681443350385
tmin_mean,2016,2,Andina,17.712097968221165,2016-02-01,16.18110768046729,1.5309902877538768,0.6468102180421522
tmin_mean,2016,3,Andina,17.914372791234282,2016-03-01,16.42009407699105,1.494278714243233,0.751583140068303
tmin_mean,2016,4,Andina,17.559804712343798,2016-04-01,16.539778558844187,1.020026153499611,0.8318008970976121
tmin_mean,2016,5,Andina,17.258421294372667,2016-05-01,16.523562675247867,0.7348586191248003,0.8742048956158279
tmin_mean,2016,6,Andina,16.42920501908957,2016-06-01,16.193187234491173,0.2360177845983955,0.8482143933659887
tmin_mean,2016,7,Andina,16.197308954871417,2016-07-01,15.876434871060491,0.3208740838109261,0.8225716532460873
tmin_mean,2016,8,Andina,16.401262590800094,2016-08-01,15.924812383496121,0.4764502073039729,0.8064627973888915
tmin_mean,2016,9,Andina,16.23681479722467,2016-09-01,15.987152138842044,0.24966265838262736,0.7761958326488002
tmin_mean,2016,10,Andina,16.464783150799676,2016-10-01,16.006732921959877,0.45805022883979873,0.750064961309257
tmin_mean,2016,11,Andina,16.33299853841996,2016-11-01,16.009020128576896,0.3239784098430647,0.730247962352717
tmin_mean,2016,12,Andina,16.118194960123112,2016-12-01,15.858598620051815,0.2595963400712975,0.6906595702104554
tmin_mean,2017,1,Andina,15.779265681747507,2017-01-01,15.783813571865222,-0.00454789011771517,0.5916862997794907
tmin_mean,2017,2,Andina,16.203558511785147,2017-02-01,16.18110768046729,0.02245083131785819,0.4659746784098225
tmin_mean,2017,3,Andina,16.502141726188935,2017-03-01,16.42009407699105,0.08204764919788587,0.3482887563227102
tmin_mean,2017,4,Andina,16.565131267670505,2017-04-01,16.539778558844187,0.02535270882631835,0.2653993025999359
tmin_mean,2017,5,Andina,16.66357279294587,2017-05-01,16.523562675247867,0.14001011769800442,0.21582859414770286
tmin_mean,2017,6,Andina,16.496904100093108,2017-06-01,16.193187234491173,0.30371686560193467,0.22147018423133114
tmin_mean,2017,7,Andina,16.267147831253336,2017-07-01,15.876434871060491,0.39071296019284496,0.22729009059649105
tmin_mean,2017,8,Andina,16.138162417996273,2017-08-01,15.924812383496121,0.21335003450015222,0.20536507619617264
tmin_mean,2017,9,Andina,16.446201869993942,2017-09-01,15.987152138842044,0.4590497311518984,0.22281399892694523
tmin_mean,2017,10,Andina,16.393539886476173,2017-10-01,16.006732921959877,0.38680696451629615,0.21687706023332
tmin_mean,2017,11,Andina,16.395095493474443,2017-11-01,16.009020128576896,0.3860753648975468,0.2220518064878602
tmin_mean,2017,12,Andina,15.919141056729597,2017-12-01,15.858598620051815,0.06054243667778181,0.20546398120506723
tmin_mean,2018,1,Andina,15.731228950578641,2018-01-01,15.783813571865222,-0.05258462128658081,0.2014609202743284
tmin_mean,2018,2,Andina,16.387913229947035,2018-02-01,16.18110768046729,0.20680554947974628,0.21682381345448576
tmin_mean,2018,3,Andina,16.551372657555035,2018-03-01,16.42009407699105,0.13127858056398622,0.22092639106832745
tmin_mean,2018,4,Andina,16.241468455962004,2018-04-01,16.539778558844187,-0.2983101028821835,0.19395449009261898
tmin_mean,2018,5,Andina,16.472502675228416,2018-05-01,16.523562675247867,-0.05106000001945077,0.17803198028283104
tmin_mean,2018,6,Andina,16.20620963164031,2018-06-01,16.193187234491173,0.013022397149136111,0.15380744124509782
tmin_mean,2018,7,Andina,16.085504334999076,2018-07-01,15.876434871060491,0.20906946393858483,0.13867048322390949
tmin_mean,2018,8,Andina,15.788364111733422,2018-08-01,15.924812383496121,-0.13644827176269914,0.10952062436867187
tmin_mean,2018,9,Andina,16.164949977199196,2018-09-01,15.987152138842044,0.17779783835715257,0.08608296663577637
tmin_mean,2018,10,Andina,16.310120800914003,2018-10-01,16.006732921959877,0.3033878789541262,0.07913137617226222
tmin_mean,2018,11,Andina,16.56764550194906,2018-11-01,16.009020128576896,0.5586253733721627,0.09351054354514687
tmin_mean,2018,12,Andina,15.64288441487752,2018-12-01,15.858598620051815,-0.21571420517429551,0.07048915672414043
tmin_mean,2019,1,Andina,16.328807812390096,2019-01-01,15.783813571865222,0.5449942405248738,0.12028739520842831
tmin_mean,2019,2,Andina,17.185281753999984,2019-02-01,16.18110768046729,1.0041740735326954,0.18673477221284074
tmin_mean,2019,3,Andina,17.169270724242118,2019-03-01,16.42009407699105,0.749176647251069,0.23822627777009764
tmin_mean,2019,4,Andina,17.083133817500997,2019-04-01,16.539778558844187,0.5433552586568098,0.30836505789834706
tmin_mean,2019,5,Andina,16.967259760052393,2019-05-01,16.523562675247867,0.4436970848045263,0.34959481496701184
tmin_mean,2019,6,Andina,16.755270025704117,2019-06-01,16.193187234491173,0.5620827912129442,0.3953498478056625
tmin_mean,2019,7,Andina,16.22711223776099,2019-07-01,15.876434871060491,0.3506773667005003,0.40715050636915545
tmin_mean,2019,8,Andina,16.230191841270333,2019-08-01,15.924812383496121,0.3053794577742117,0.4439694838305647
tmin_mean,2019,9,Andina,16.549849598350285,2019-09-01,15.987152138842044,0.5626974595082412,0.4760444522598221
tmin_mean,2019,10,Andina,16.07906170449462,2019-10-01,16.006732921959877,0.0723287825347434,0.45678952755820684
tmin_mean,2019,11,Andina,16.42144360681754,2019-11-01,16.009020128576896,0.41242347824064396,0.444606036297247
tmin_mean,2019,12,Andina,16.53756032271876,2019-12-01,15.858598620051815,0.6789617026669461,0.5191623619506838
tmin_mean,2020,1,Andina,16.085671921237818,2020-01-01,15.783813571865222,0.3018583493725959,0.49890103768799393
tmin_mean,2020,2,Andina,16.754032490204224,2020-02-01,16.18110768046729,0.5729248097369357,0.46296359903834733
tmin_mean,2020,3,Andina,17.109961556870907,2020-03-01,16.42009407699105,0.6898674798798581,0.45802116842407975
tmin_mean,2020,4,Andina,17.185582359385034,2020-04-01,16.539778558844187,0.6458038005408469,0.4665585469144162
tmin_mean,2020,5,Andina,17.372831747637953,2020-05-01,16.523562675247867,0.8492690723900864,0.5003562125465462
tmin_mean,2020,6,Andina,16.577179629290097,2020-06-01,16.193187234491173,0.38399239479892344,0.4855153461787111
tmin_mean,2020,7,Andina,16.184967791889115,2020-07-01,15.876434871060491,0.3085329208286236,0.48200330902272137
tmin_mean,2020,8,Andina,16.39730015842086,2020-08-01,15.924812383496121,0.4724877749247405,0.49592900211859875
tmin_mean,2020,9,Andina,16.160644916360145,2020-09-01,15.987152138842044,0.173492777518101,0.4634952786194204
tmin_mean,2020,10,Andina,16.259864086727106,2020-10-01,16.006732921959877,0.25313116476722897,0.47856214380546086
tmin_mean,2020,11,Andina,16.259237491515027,2020-11-01,16.009020128576896,0.25021736293813035,0.46504496753025143
tmin_mean,2020,12,Andina,15.922861614347738,2020-12-01,15.858598620051815,0.06426299429592319,0.4138200751659995
tmin_mean,2021,1,Andina,15.470409126592074,2021-01-01,15.783813571865222,-0.31340444527314837,0.3625481756121875
tmin_mean,2021,2,Andina,16.627280688370806,2021-02-01,16.18110768046729,0.44617300790351777,0.35198552545940265
tmin_mean,2021,3,Andina,16.19484593753497,2021-03-01,16.42009407699105,-0.22524813945607747,0.27572589051474133
tmin_mean,2021,4,Andina,16.521914271594426,2021-04-01,16.539778558844187,-0.01786428724976119,0.22042021653219068
tmin_mean,2021,5,Andina,16.55090848090446,2021-05-01,16.523562675247867,0.02734580565659428,0.15192661097106633
tmin_mean,2021,6,Andina,16.076146348272786,2021-06-01,16.193187234491173,-0.11704088621838693,0.11017383755295714
tmin_mean,2021,7,Andina,16.084744575029607,2021-07-01,15.876434871060491,0.20830970396911574,0.10182190281466481
tmin_mean,2021,8,Andina,16.17545094595394,2021-08-01,15.924812383496121,0.25063856245781935,0.08333446844242139
tmin_mean,2021,9,Andina,15.956931640149712,2021-09-01,15.987152138842044,-0.030220498692331788,0.06635836209155199
tmin_mean,2021,10,Andina,16.265172920173242,2021-10-01,16.006732921959877,0.2584399982133654,0.06680076487873003
tmin_mean,2021,11,Andina,15.933107344166554,2021-11-01,16.009020128576896,-0.07591278441034177,0.039623252599690684
tmin_mean,2021,12,Andina,16.273000841164073,2021-12-01,15.858598620051815,0.4144022211122582,0.06880152150105194
tmin_mean,2022,1,Andina,15.820673457792498,2022-01-01,15.783813571865222,0.03685988592727618,0.09799021576775398
tmin_mean,2022,2,Andina,16.062411950869933,2022-02-01,16.18110768046729,-0.11869572959735564,0.05091782097601453
tmin_mean,2022,3,Andina,16.231312234076306,2022-03-01,16.42009407699105,-0.18878184291474298,0.05395667902112574
tmin_mean,2022,4,Andina,16.470362441271572,2022-04-01,16.539778558844187,-0.06941611757261512,0.04966069316088791
tmin_mean,2022,5,Andina,16.51085333642616,2022-05-01,16.523562675247867,-0.01270933882170766,0.04632276445436275
tmin_mean,2022,6,Andina,15.762126621729493,2022-06-01,16.193187234491173,-0.43106061276168006,0.02015445390908832
tmin_mean,2022,7,Andina,15.939926173495037,2022-07-01,15.876434871060491,0.06349130243454582,0.008086253781207494
tmin_mean,2022,8,Andina,15.824628089692252,2022-08-01,15.924812383496121,-0.10018429380386884,-0.021148984240599855
tmin_mean,2022,9,Andina,15.929185196678095,2022-09-01,15.987152138842044,-0.05796694216394904,-0.023461187863234628
tmin_mean,2022,10,Andina,16.035744689402406,2022-10-01,16.006732921959877,0.029011767442529646,-0.0425802070941376
tmin_mean,2022,11,Andina,15.945231794046945,2022-11-01,16.009020128576896,-0.06378833452995103,-0.04156983627077171
tmin_mean,2022,12,Andina,15.31632746682342,2022-12-01,15.858598620051815,-0.5422711532283948,-0.12129261746582613
tmin_mean,2023,1,Andina,15.120477191343944,2023-01-01,15.783813571865222,-0.6633363805212777,-0.17964230633653896
tmin_mean,2023,2,Andina,15.851435195869769,2023-02-01,16.18110768046729,-0.32967248459751985,-0.19722370258655264
tmin_mean,2023,3,Andina,16.3111847269793,2023-03-01,16.42009407699105,-0.10890935001174995,-0.19056766151130322
tmin_mean,2023,4,Andina,16.518881370280614,2023-04-01,16.539778558844187,-0.020897188563573366,-0.1865244174272164
tmin_mean,2023,5,Andina,17.05928177109155,2023-05-01,16.523562675247867,0.5357190958436817,-0.1408220478717673
tmin_mean,2023,6,Andina,16.76794709158805,2023-06-01,16.193187234491173,0.5747598570968755,-0.05700367538355433
tmin_mean,2023,7,Andina,16.84474383695023,2023-07-01,15.876434871060491,0.9683089658897384,0.01839779657104505
tmin_mean,2023,8,Andina,16.768086124509143,2023-08-01,15.924812383496121,0.8432737410130215,0.09701929947245258
tmin_mean,2023,9,Andina,16.812708677690473,2023-09-01,15.987152138842044,0.8255565388484296,0.17064625622348414
tmin_mean,2023,10,Andina,16.952222521265828,2023-10-01,16.006732921959877,0.9454895993059509,0.24701940887876925
tmin_mean,2023,11,Andina,16.787629009828805,2023-11-01,16.009020128576896,0.778608881251909,0.3172191768605909
tmin_mean,2023,12,Andina,16.921679193190002,2023-12-01,15.858598620051815,1.063080573138187,0.4509984873911394
tmin_mean,2024,1,Andina,16.355090877030168,2024-01-01,15.783813571865222,0.571277305164946,0.5538829611983247
tmin_mean,2024,2,Andina,17.20388415672418,2024-02-01,16.18110768046729,1.0227764762568903,0.6665870412695255
tmin_mean,2024,3,Andina,17.800504041801567,2024-03-01,16.42009407699105,1.380409964810518,0.7906969841713812
tmin_mean,2024,4,Andina,17.519447423782022,2024-04-01,16.539778558844187,0.9796688649378353,0.8740774886298319
tmin_mean,2024,5,Andina,17.62609824896247,2024-05-01,16.523562675247867,1.1025355737146043,0.9213121951190755
tmin_mean,2024,6,Andina,17.03233152532429,2024-06-01,16.193187234491173,0.8391442908331186,0.9433442312637624
tmin_mean,2024,7,Andina,16.727108123162015,2024-07-01,15.876434871060491,0.8506732521015241,0.9335412551147445
tmin_mean,2024,8,Andina,16.409411609079584,2024-08-01,15.924812383496121,0.48459922558346236,0.9036517121622812
tmin_mean,2024,9,Andina,16.932420609200726,2024-09-01,15.987152138842044,0.9452684703586822,0.9136277064548023
tmin_mean,2024,10,Andina,16.69421829778193,2024-10-01,16.006732921959877,0.6874853758220532,0.8921273544978109
tmin_mean,2024,11,Andina,16.427166541368727,2024-11-01,16.009020128576896,0.41814641279183107,0.862088815459471
tmin_mean,2024,12,Andina,16.314487602349207,2024-12-01,15.858598620051815,0.4558889822973917,0.8114895162227381
tmin_mean,2025,1,Andina,15.77433648877714,2025-01-01,15.783813571865222,-0.009477083088082594,0.7630933172016524
tmin_mean,2025,2,Andina,16.727913941367415,2025-02-01,16.18110768046729,0.5468062609001265,0.7234291325885888
tmin_mean,2025,3,Andina,16.59412304832438,2025-03-01,16.42009407699105,0.17402897133333184,0.6228973831321566
tmin_mean,2025,4,Andina,16.855694303602814,2025-04-01,16.539778558844187,0.3159157447586267,0.5675846231172225
tmin_mean,2025,5,Andina,16.811223464073898,2025-05-01,16.523562675247867,0.28766078882603097,0.49967839104317474
tmin_mean,2025,6,Andina,16.426781458932393,2025-06-01,16.193187234491173,0.23359422444121947,0.44921588551051644
tmin_mean,2025,7,Andina,16.32582501359577,2025-07-01,15.876434871060491,0.44939014253528065,0.41577562637999615
tmin_mean,2025,8,Andina,16.154528490881464,2025-08-01,15.924812383496121,0.2297161073853431,0.3945353665301529
tmin_mean,2025,9,Andina,16.126112420147745,2025-09-01,15.987152138842044,0.13896028130570137,0.3273430174424045
tmin_mean,2025,10,Andina,16.03302354674612,2025-10-01,16.006732921959877,0.02629062478624178,0.27224345485608686
tmin_mean,2025,11,Andina,16.423696417767182,2025-11-01,16.009020128576896,0.414676289190286,0.27195427788929144
tmin_mean,2025,12,Andina,15.978622614887682,2025-12-01,15.858598620051815,0.12002399483586679,0.24396552893416437
tmin_mean,2026,1,Andina,16.31313275765358,2026-01-01,15.783813571865222,0.5293191857883581,0.2888652180072011
tmin_mean,2026,2,Andina,16.099259780507563,2026-02-01,16.18110768046729,-0.08184789995972608,0.23647737126888005
tmin_mean,2026,3,Andina,16.539240809972725,2026-03-01,16.42009407699105,0.119146732981676,0.23190385140624206
tmin_mean,1991,1,Caribe,22.056973952015813,1991-01-01,22.29437382574068,-0.23739987372486837,
tmin_mean,1991,2,Caribe,23.04290108481774,1991-02-01,22.88229818298689,0.16060290183084902,
tmin_mean,1991,3,Caribe,22.995223589828313,1991-03-01,23.19093628990174,-0.19571270007342534,
tmin_mean,1991,4,Caribe,22.9265453466769,1991-04-01,23.204224338180236,-0.2776789915033362,
tmin_mean,1991,5,Caribe,22.963367257105165,1991-05-01,23.14218997885025,-0.1788227217450853,
tmin_mean,1991,6,Caribe,23.25027045262288,1991-06-01,23.107901496319194,0.1423689563036845,
tmin_mean,1991,7,Caribe,22.880058485921996,1991-07-01,23.007418293667975,-0.12735980774597877,
tmin_mean,1991,8,Caribe,22.871990455683868,1991-08-01,23.0007440095748,-0.12875355389093102,
tmin_mean,1991,9,Caribe,22.674618983598126,1991-09-01,22.752320875296284,-0.07770189169815822,
tmin_mean,1991,10,Caribe,22.027364033412713,1991-10-01,22.45159395104796,-0.4242299176352482,
tmin_mean,1991,11,Caribe,22.008716833676022,1991-11-01,22.31964028122148,-0.3109234475454592,
tmin_mean,1991,12,Caribe,21.939501488528258,1991-12-01,22.27461807102512,-0.3351165824968625,-0.16589396916040164
tmin_mean,1992,1,Caribe,22.108294132858255,1992-01-01,22.29437382574068,-0.18607969288242643,-0.16161728742353146
tmin_mean,1992,2,Caribe,22.51602328549316,1992-02-01,22.88229818298689,-0.36627489749373154,-0.20552377070057984
tmin_mean,1992,3,Caribe,23.453145161552197,1992-03-01,23.19093628990174,0.2622088716504578,-0.16736363972358959
tmin_mean,1992,4,Caribe,23.352632352534485,1992-04-01,23.204224338180236,0.14840801435424922,-0.13185638923545748
tmin_mean,1992,5,Caribe,22.963618903178038,1992-05-01,23.14218997885025,-0.1785710756722132,-0.13183541872938478
tmin_mean,1992,6,Caribe,23.112198157856685,1992-06-01,23.107901496319194,0.004296661537491531,-0.1433414432932342
tmin_mean,1992,7,Caribe,22.524628888895744,1992-07-01,23.007418293667975,-0.4827894047722303,-0.17296057637875517
tmin_mean,1992,8,Caribe,22.674084821952476,1992-08-01,23.0007440095748,-0.3266591876223224,-0.18945271252303778
tmin_mean,1992,9,Caribe,22.242487923400912,1992-09-01,22.752320875296284,-0.5098329518953726,-0.225463634206139
tmin_mean,1992,10,Caribe,22.32222301157451,1992-10-01,22.45159395104796,-0.1293709394734499,-0.20089205269265578
tmin_mean,1992,11,Caribe,21.997275173165637,1992-11-01,22.31964028122148,-0.32236510805584473,-0.20184552440185458
tmin_mean,1992,12,Caribe,21.856577485874556,1992-12-01,22.27461807102512,-0.41804058515056397,-0.2087558579563297
tmin_mean,1993,1,Caribe,21.98369823260665,1993-01-01,22.29437382574068,-0.31067559313403237,-0.21913884964396355
tmin_mean,1993,2,Caribe,22.355641100845556,1993-02-01,22.88229818298689,-0.5266570821413339,-0.2325040316979304
tmin_mean,1993,3,Caribe,22.750653207738072,1993-03-01,23.19093628990174,-0.44028308216366696,-0.29104502784910746
tmin_mean,1993,4,Caribe,22.723909798082847,1993-04-01,23.204224338180236,-0.48031454009738894,-0.34343857405341066
tmin_mean,1993,5,Caribe,22.727078750245155,1993-05-01,23.14218997885025,-0.4151112286050953,-0.36315025346448415
tmin_mean,1993,6,Caribe,23.2979530675083,1993-06-01,23.107901496319194,0.19005157118910532,-0.347670677660183
tmin_mean,1993,7,Caribe,22.828343650264213,1993-07-01,23.007418293667975,-0.17907464340376222,-0.32236111421281066
tmin_mean,1993,8,Caribe,22.870516962534214,1993-08-01,23.0007440095748,-0.1302270470405844,-0.3059917691643325
tmin_mean,1993,9,Caribe,22.24426826229939,1993-09-01,22.752320875296284,-0.5080526129968952,-0.3058434075894594
tmin_mean,1993,10,Caribe,22.478240881187936,1993-10-01,22.45159395104796,0.02664693013997521,-0.2928419184550073
tmin_mean,1993,11,Caribe,22.092377170648366,1993-11-01,22.31964028122148,-0.22726311057311577,-0.2849167519981132
tmin_mean,1993,12,Caribe,22.102307355380987,1993-12-01,22.27461807102512,-0.1723107156441337,-0.26443926287257735
tmin_mean,1994,1,Caribe,21.582511208673594,1994-01-01,22.29437382574068,-0.7118626170670872,-0.2978715148669986
tmin_mean,1994,2,Caribe,22.34399227972669,1994-02-01,22.88229818298689,-0.5383059032601984,-0.2988422499602373
tmin_mean,1994,3,Caribe,22.461359365435946,1994-03-01,23.19093628990174,-0.7295769244657926,-0.3229500701520811
tmin_mean,1994,4,Caribe,22.620713882438224,1994-04-01,23.204224338180236,-0.5835104557420117,-0.331549729789133
tmin_mean,1994,5,Caribe,22.84257498482499,1994-05-01,23.14218997885025,-0.29961499402526215,-0.3219250435741469
tmin_mean,1994,6,Caribe,22.88227544891726,1994-06-01,23.107901496319194,-0.22562604740193493,-0.35656484512340025
tmin_mean,1994,7,Caribe,22.837509573659627,1994-07-01,23.007418293667975,-0.16990872000834756,-0.35580101817378235
tmin_mean,1994,8,Caribe,22.717109486572305,1994-08-01,23.0007440095748,-0.2836345230024939,-0.3685849745039415
tmin_mean,1994,9,Caribe,22.822214248741872,1994-09-01,22.752320875296284,0.06989337344558777,-0.32042280896706793
tmin_mean,1994,10,Caribe,21.96835121667477,1994-10-01,22.45159395104796,-0.4832427343731922,-0.3629136143431652
tmin_mean,1994,11,Caribe,22.033396679474127,1994-11-01,22.31964028122148,-0.28624360174735486,-0.36782865527435177
tmin_mean,1994,12,Caribe,22.233999467697014,1994-12-01,22.27461807102512,-0.04061860332810596,-0.3568543125813495
tmin_mean,1995,1,Caribe,22.36015632380115,1995-01-01,22.29437382574068,0.06578249806046799,-0.2920505529873865
tmin_mean,1995,2,Caribe,22.89462813422067,1995-02-01,22.88229818298689,0.01232995123378089,-0.24616423177955493
tmin_mean,1995,3,Caribe,23.16160787124829,1995-03-01,23.19093628990174,-0.029328418653449262,-0.18781018962852633
tmin_mean,1995,4,Caribe,23.354916044839328,1995-04-01,23.204224338180236,0.15069170665909226,-0.126626676095101
tmin_mean,1995,5,Caribe,23.052714483633167,1995-05-01,23.14218997885025,-0.08947549521708353,-0.10911505119441944
tmin_mean,1995,6,Caribe,22.944878554887097,1995-06-01,23.107901496319194,-0.1630229414320965,-0.10389812569693291
tmin_mean,1995,7,Caribe,22.64123429770656,1995-07-01,23.007418293667975,-0.36618399596141415,-0.12025439869302179
tmin_mean,1995,8,Caribe,22.371624131314416,1995-08-01,23.0007440095748,-0.6291198782603828,-0.14904484496451254
tmin_mean,1995,9,Caribe,22.625100233862877,1995-09-01,22.752320875296284,-0.12722064143340717,-0.16547101287109545
tmin_mean,1995,10,Caribe,22.04674386603034,1995-10-01,22.45159395104796,-0.4048500850176211,-0.1589382920914645
tmin_mean,1995,11,Caribe,22.235962110004383,1995-11-01,22.31964028122148,-0.0836781712170982,-0.14205783954727647
tmin_mean,1995,12,Caribe,22.005698230591467,1995-12-01,22.27461807102512,-0.2689198404336537,-0.16108294263940545
tmin_mean,1996,1,Caribe,21.49428851411589,1996-01-01,22.29437382574068,-0.800085311624791,-0.23323859344651035
tmin_mean,1996,2,Caribe,22.40912029920029,1996-02-01,22.88229818298689,-0.473177883786601,-0.27369757969820885
tmin_mean,1996,3,Caribe,22.58975208451627,1996-03-01,23.19093628990174,-0.6011842053854686,-0.3213522285925438
tmin_mean,1996,4,Caribe,22.74812241000681,1996-04-01,23.204224338180236,-0.45610192817342465,-0.37191836482858687
tmin_mean,1996,5,Caribe,22.6572869118767,1996-05-01,23.14218997885025,-0.48490306697355123,-0.4048706624749592
tmin_mean,1996,6,Caribe,22.757798093752154,1996-06-01,23.107901496319194,-0.35010340256704,-0.42046070090287113
tmin_mean,1996,7,Caribe,22.464228489517875,1996-07-01,23.007418293667975,-0.5431898041500993,-0.4352111849185949
tmin_mean,1996,8,Caribe,22.55853049164019,1996-08-01,23.0007440095748,-0.44221351793460784,-0.419635654891447
tmin_mean,1996,9,Caribe,22.58250113924214,1996-09-01,22.752320875296284,-0.16981973605414424,-0.4231855794431751
tmin_mean,1996,10,Caribe,22.111290849717832,1996-10-01,22.45159395104796,-0.34030310133012875,-0.417806664135884
tmin_mean,1996,11,Caribe,22.080391979137055,1996-11-01,22.31964028122148,-0.2392483020844267,-0.43077084170816143
tmin_mean,1996,12,Caribe,22.054137487986154,1996-12-01,22.27461807102512,-0.22048058303896667,-0.42673423692527085
tmin_mean,1997,1,Caribe,21.70882377612478,1997-01-01,22.29437382574068,-0.5855500496159003,-0.4088562984245299
tmin_mean,1997,2,Caribe,22.743106910145986,1997-02-01,22.88229818298689,-0.13919127284090393,-0.38102408084572187
tmin_mean,1997,3,Caribe,22.670572026838933,1997-03-01,23.19093628990174,-0.520364263062806,-0.3742890856521666
tmin_mean,1997,4,Caribe,23.071669939189142,1997-04-01,23.204224338180236,-0.13255439899109334,-0.34732679155363905
tmin_mean,1997,5,Caribe,23.311185796808687,1997-05-01,23.14218997885025,0.16899581795843588,-0.29283521780930677
tmin_mean,1997,6,Caribe,22.928276671947586,1997-06-01,23.107901496319194,-0.17962482437160787,-0.2786286696263541
tmin_mean,1997,7,Caribe,23.76788220788187,1997-07-01,23.007418293667975,0.7604639142138936,-0.16999085976268802
tmin_mean,1997,8,Caribe,23.73054571560818,1997-08-01,23.0007440095748,0.7298017060333812,-0.07232292443202226
tmin_mean,1997,9,Caribe,23.15028367509426,1997-09-01,22.752320875296284,0.3979627997979769,-0.02500771311101217
tmin_mean,1997,10,Caribe,23.00898008670494,1997-10-01,22.45159395104796,0.55738613565698,0.04979972330458023
tmin_mean,1997,11,Caribe,22.753684443880797,1997-11-01,22.31964028122148,0.43404416265931545,0.10590742869989207
tmin_mean,1997,12,Caribe,23.111360226992357,1997-12-01,22.27461807102512,0.8367421559672366,0.19400932361707568
tmin_mean,1998,1,Caribe,23.61588909216701,1998-01-01,22.29437382574068,1.3215152664263279,0.35293143328726134
tmin_mean,1998,2,Caribe,24.0912924048345,1998-02-01,22.88229818298689,1.208994221847611,0.4652802245113043
tmin_mean,1998,3,Caribe,24.057779931865916,1998-03-01,23.19093628990174,0.8668436419641772,0.5808808832635529
tmin_mean,1998,4,Caribe,24.05143837760518,1998-04-01,23.204224338180236,0.8472140394249443,0.662528253131556
tmin_mean,1998,5,Caribe,23.882023237389422,1998-05-01,23.14218997885025,0.7398332585391714,0.7100980398466173
tmin_mean,1998,6,Caribe,23.459658015915043,1998-06-01,23.107901496319194,0.35175651959584897,0.754379818510572
tmin_mean,1998,7,Caribe,23.010306596229334,1998-07-01,23.007418293667975,0.0028883025613595237,0.6912485175395275
tmin_mean,1998,8,Caribe,23.075963613359086,1998-08-01,23.0007440095748,0.07521960378428716,0.6367000090187697
tmin_mean,1998,9,Caribe,22.642281582416963,1998-09-01,22.752320875296284,-0.11003929287932124,0.5943665012956615
tmin_mean,1998,10,Caribe,22.645187963666743,1998-10-01,22.45159395104796,0.19359401261878162,0.5640504910424783
tmin_mean,1998,11,Caribe,22.23082237820176,1998-11-01,22.31964028122148,-0.08881790301972003,0.5204786522358921
tmin_mean,1998,12,Caribe,21.885521694711,1998-12-01,22.27461807102512,-0.38909637631412153,0.4183254412124455
tmin_mean,1999,1,Caribe,21.73287261529743,1999-01-01,22.29437382574068,-0.5615012104432502,0.26140740147331404
tmin_mean,1999,2,Caribe,21.979038057013106,1999-02-01,22.88229818298689,-0.9032601259737838,0.08538620582153111
tmin_mean,1999,3,Caribe,22.356321431832306,1999-03-01,23.19093628990174,-0.8346148580694326,-0.056402002514603033
tmin_mean,1999,4,Caribe,22.67953405953931,1999-04-01,23.204224338180236,-0.5246902786409251,-0.17072736235342548
tmin_mean,1999,5,Caribe,22.500793792391338,1999-05-01,23.14218997885025,-0.6413961864589126,-0.2858298161032658
tmin_mean,1999,6,Caribe,22.51422710810795,1999-06-01,23.107901496319194,-0.5936743882112445,-0.36461572508719026
tmin_mean,1999,7,Caribe,22.498900127567314,1999-07-01,23.007418293667975,-0.5085181661006608,-0.4072329308090253
tmin_mean,1999,8,Caribe,22.39050780150548,1999-08-01,23.0007440095748,-0.6102362080693204,-0.4643542484634926
tmin_mean,1999,9,Caribe,21.893977495814433,1999-09-01,22.752320875296284,-0.8583433794818518,-0.5267129223470368
tmin_mean,1999,10,Caribe,21.72682245013443,1999-10-01,22.45159395104796,-0.7247715009135298,-0.6032433818080628
tmin_mean,1999,11,Caribe,21.642652338283767,1999-11-01,22.31964028122148,-0.6769879429377141,-0.6522575518012289
tmin_mean,1999,12,Caribe,21.557340114206855,1999-12-01,22.27461807102512,-0.7172779568182648,-0.6796060168432408
tmin_mean,2000,1,Caribe,20.987150854365197,2000-01-01,22.29437382574068,-1.3072229713754844,-0.7417494969209271
tmin_mean,2000,2,Caribe,21.652194711257106,2000-02-01,22.88229818298689,-1.2301034717297838,-0.7689864424005938
tmin_mean,2000,3,Caribe,22.204755073095267,2000-03-01,23.19093628990174,-0.9861812168064716,-0.781616972295347
tmin_mean,2000,4,Caribe,22.65578823827798,2000-04-01,23.204224338180236,-0.5484360999022542,-0.783595790733791
tmin_mean,2000,5,Caribe,22.79839486805258,2000-05-01,23.14218997885025,-0.34379511079767155,-0.7587957010953543
tmin_mean,2000,6,Caribe,22.60256582217301,2000-06-01,23.107901496319194,-0.5053356741461847,-0.7514341415899327
tmin_mean,2000,7,Caribe,22.52597547902149,2000-07-01,23.007418293667975,-0.48144281464648486,-0.7491778623020847
tmin_mean,2000,8,Caribe,22.741665445784026,2000-08-01,23.0007440095748,-0.2590785637907729,-0.7199147252788723
tmin_mean,2000,9,Caribe,22.05855925217256,2000-09-01,22.752320875296284,-0.6937616231237236,-0.7061995789156951
tmin_mean,2000,10,Caribe,22.287909652677286,2000-10-01,22.45159395104796,-0.16368429837067566,-0.6594423120371239
tmin_mean,2000,11,Caribe,21.896193997581758,2000-11-01,22.31964028122148,-0.4234462836397235,-0.638313840428958
tmin_mean,2000,12,Caribe,21.896085467190677,2000-12-01,22.27461807102512,-0.37853260383444365,-0.6100850610136396
tmin_mean,2001,1,Caribe,21.52568700554678,2001-01-01,22.29437382574068,-0.7686868201939028,-0.5652070484151744
tmin_mean,2001,2,Caribe,21.97891113221863,2001-02-01,22.88229818298689,-0.9033870507682593,-0.5379806800017141
tmin_mean,2001,3,Caribe,22.379898821428775,2001-03-01,23.19093628990174,-0.8110374684729642,-0.5233853676405884
tmin_mean,2001,4,Caribe,22.94431663605082,2001-04-01,23.204224338180236,-0.2599077021294143,-0.49934133449285173
tmin_mean,2001,5,Caribe,22.854110266808718,2001-05-01,23.14218997885025,-0.28807971204153304,-0.4946983845965069
tmin_mean,2001,6,Caribe,22.75157369229107,2001-06-01,23.107901496319194,-0.3563278040281226,-0.4822810620866684
tmin_mean,2001,7,Caribe,22.670488500930848,2001-07-01,23.007418293667975,-0.3369297927371271,-0.4702383102608885
tmin_mean,2001,8,Caribe,23.24087067894656,2001-08-01,23.0007440095748,0.24012666937176164,-0.42863787416401067
tmin_mean,2001,9,Caribe,22.45735203659123,2001-09-01,22.752320875296284,-0.29496883870505286,-0.3954051421291214
tmin_mean,2001,10,Caribe,22.541037776170253,2001-10-01,22.45159395104796,0.08944382512229154,-0.3743111318380408
tmin_mean,2001,11,Caribe,22.323706309708303,2001-11-01,22.31964028122148,0.004066028486821693,-0.3386851058274954
tmin_mean,2001,12,Caribe,22.485067278504875,2001-12-01,22.27461807102512,0.21044920747975482,-0.28960328821797887
tmin_mean,2002,1,Caribe,22.2537817956658,2002-01-01,22.29437382574068,-0.04059203007487966,-0.22892872237472695
tmin_mean,2002,2,Caribe,22.710469045807443,2002-02-01,22.88229818298689,-0.17182913717944714,-0.1679655629089926
tmin_mean,2002,3,Caribe,23.273240567561587,2002-03-01,23.19093628990174,0.08230427765984771,-0.09352041739792494
tmin_mean,2002,4,Caribe,22.952016701774173,2002-04-01,23.204224338180236,-0.25220763640606236,-0.09287874525431228
tmin_mean,2002,5,Caribe,23.58932296580786,2002-05-01,23.14218997885025,0.44713298695760884,-0.03161102033771712
tmin_mean,2002,6,Caribe,22.967787581797293,2002-06-01,23.107901496319194,-0.14011391452190125,-0.013593196212198677
tmin_mean,2002,7,Caribe,23.233125730070835,2002-07-01,23.007418293667975,0.2257074364028604,0.033293239549466946
tmin_mean,2002,8,Caribe,23.25854861563689,2002-08-01,23.0007440095748,0.2578046060620913,0.034766400940327756
tmin_mean,2002,9,Caribe,22.679662529328873,2002-09-01,22.752320875296284,-0.07265834596741172,0.05329227533513118
tmin_mean,2002,10,Caribe,22.556690730391054,2002-10-01,22.45159395104796,0.1050967793430928,0.05459668818686462
tmin_mean,2002,11,Caribe,22.68348370605761,2002-11-01,22.31964028122148,0.36384342483612997,0.0845781378826403
tmin_mean,2002,12,Caribe,22.787838841379344,2002-12-01,22.27461807102512,0.5132207703542235,0.1098091014555127
tmin_mean,2003,1,Caribe,22.986527407535842,2003-01-01,22.29437382574068,0.6921535817951607,0.17087123577801608
tmin_mean,2003,2,Caribe,23.70685504395713,2003-02-01,22.88229818298689,0.8245568609702403,0.25390340229049
tmin_mean,2003,3,Caribe,23.31160145484963,2003-03-01,23.19093628990174,0.1206651649478907,0.25710014289782696
tmin_mean,2003,4,Caribe,23.110244257285835,2003-04-01,23.204224338180236,-0.09398008089440069,0.27028577252379876
tmin_mean,2003,5,Caribe,23.27063780703092,2003-05-01,23.14218997885025,0.12844782818066847,0.2437286759590537
tmin_mean,2003,6,Caribe,22.738844764510855,2003-06-01,23.107901496319194,-0.36905673180833887,0.22465010785185058
tmin_mean,2003,7,Caribe,22.91631348208808,2003-07-01,23.007418293667975,-0.09110481157989625,0.19824908718662085
tmin_mean,2003,8,Caribe,22.94228361897157,2003-08-01,23.0007440095748,-0.05846039060322994,0.1718936707978441
tmin_mean,2003,9,Caribe,22.64729637775236,2003-09-01,22.752320875296284,-0.10502449754392273,0.1691964914998015
tmin_mean,2003,10,Caribe,22.323402832973272,2003-10-01,22.45159395104796,-0.12819111807468886,0.14975583338165302
tmin_mean,2003,11,Caribe,22.409477526348592,2003-11-01,22.31964028122148,0.08983724512711078,0.1269219850725681
tmin_mean,2003,12,Caribe,22.269028547032196,2003-12-01,22.27461807102512,-0.005589523992924228,0.08368779387697245
tmin_mean,2004,1,Caribe,21.932536735961886,2004-01-01,22.29437382574068,-0.3618370897787955,-0.004144762087523901
tmin_mean,2004,2,Caribe,22.876696979816458,2004-02-01,22.88229818298689,-0.005601203170432001,-0.07332460076591325
tmin_mean,2004,3,Caribe,23.76514764709076,2004-03-01,23.19093628990174,0.5742113571890215,-0.03552908474581903
tmin_mean,2004,4,Caribe,23.169881174541626,2004-04-01,23.204224338180236,-0.03434316363861001,-0.0305593416411698
tmin_mean,2004,5,Caribe,23.104923211491993,2004-05-01,23.14218997885025,-0.037266767358257624,-0.044368891269413645
tmin_mean,2004,6,Caribe,23.14438476539364,2004-06-01,23.107901496319194,0.03648326907444499,-0.01057389119584832
tmin_mean,2004,7,Caribe,22.582741965320437,2004-07-01,23.007418293667975,-0.42467632834753744,-0.03837151759315175
tmin_mean,2004,8,Caribe,23.16506739833815,2004-08-01,23.0007440095748,0.16432338876334995,-0.01980620264593676
tmin_mean,2004,9,Caribe,22.37385515888094,2004-09-01,22.752320875296284,-0.3784657164153451,-0.04259297088522196
tmin_mean,2004,10,Caribe,22.246165382211853,2004-10-01,22.45159395104796,-0.20542856883610838,-0.04902942511534025
tmin_mean,2004,11,Caribe,22.202191653837275,2004-11-01,22.31964028122148,-0.11744862738420636,-0.06630324782461668
tmin_mean,2004,12,Caribe,22.17726454929577,2004-12-01,22.27461807102512,-0.09735352172934952,-0.07395024763598546
tmin_mean,2005,1,Caribe,22.41475726909146,2005-01-01,22.29437382574068,0.12038344335077866,-0.033765203208520944
tmin_mean,2005,2,Caribe,22.82520007155529,2005-02-01,22.88229818298689,-0.05709811143159982,-0.03805661223028493
tmin_mean,2005,3,Caribe,23.788938424811093,2005-03-01,23.19093628990174,0.598002134909354,-0.036074047420257216
tmin_mean,2005,4,Caribe,23.668831348937417,2005-04-01,23.204224338180236,0.4646070107571809,0.005505133779392028
tmin_mean,2005,5,Caribe,23.159132909326075,2005-05-01,23.14218997885025,0.016942930475824625,0.010022608598898882
tmin_mean,2005,6,Caribe,23.081651693713162,2005-06-01,23.107901496319194,-0.02624980260603138,0.004794852625525851
tmin_mean,2005,7,Caribe,22.99657877741462,2005-07-01,23.007418293667975,-0.010839516253355441,0.03928125363337435
tmin_mean,2005,8,Caribe,22.868866409811908,2005-08-01,23.0007440095748,-0.13187759976289115,0.014597837922854259
tmin_mean,2005,9,Caribe,22.83153012691155,2005-09-01,22.752320875296284,0.07920925161526426,0.052737418592071705
tmin_mean,2005,10,Caribe,22.151329245783067,2005-10-01,22.45159395104796,-0.3002647052648939,0.044834407223006245
tmin_mean,2005,11,Caribe,22.037494710444967,2005-11-01,22.31964028122148,-0.2821455707765139,0.03110966194031395
tmin_mean,2005,12,Caribe,21.779891710960413,2005-12-01,22.27461807102512,-0.49472636006470694,-0.0020047412542991694
tmin_mean,2006,1,Caribe,22.14804064763251,2006-01-01,22.29437382574068,-0.14633317810817204,-0.024231126375878393
tmin_mean,2006,2,Caribe,22.466146865249264,2006-02-01,22.88229818298689,-0.4161513177376257,-0.05415222690138055
tmin_mean,2006,3,Caribe,23.06134331318884,2006-03-01,23.19093628990174,-0.1295929767128996,-0.1147851528699017
tmin_mean,2006,4,Caribe,22.673210118101498,2006-04-01,23.204224338180236,-0.5310142200787382,-0.19775358877289495
tmin_mean,2006,5,Caribe,22.88321046425391,2006-05-01,23.14218997885025,-0.2589795145963407,-0.22074712586224207
tmin_mean,2006,6,Caribe,22.806770748214596,2006-06-01,23.107901496319194,-0.3011307481045975,-0.2436538713204559
tmin_mean,2006,7,Caribe,23.120844894185407,2006-07-01,23.007418293667975,0.11342660051743181,-0.23329836158955697
tmin_mean,2006,8,Caribe,23.061041489556565,2006-08-01,23.0007440095748,0.0602974799817666,-0.21728377161083548
tmin_mean,2006,9,Caribe,22.81037409705852,2006-09-01,22.752320875296284,0.05805322176223626,-0.21904677409858783
tmin_mean,2006,10,Caribe,22.69592910085586,2006-10-01,22.45159395104796,0.24433514980789894,-0.17366345284252174
tmin_mean,2006,11,Caribe,22.33548823463593,2006-11-01,22.31964028122148,0.01584795341444689,-0.14883065915994168
tmin_mean,2006,12,Caribe,22.43705674510181,2006-12-01,22.27461807102512,0.16243867407668944,-0.09406690631482532
tmin_mean,2007,1,Caribe,22.746182414258566,2007-01-01,22.29437382574068,0.45180858851788486,-0.044221759095987245
tmin_mean,2007,2,Caribe,22.874428114929696,2007-02-01,22.88229818298689,-0.007870068057194146,-0.010198321622617948
tmin_mean,2007,3,Caribe,23.277385470308957,2007-03-01,23.19093628990174,0.08644918040721805,0.007805191470725188
tmin_mean,2007,4,Caribe,22.998777507086505,2007-04-01,23.204224338180236,-0.20544683109373096,0.03493580721947579
tmin_mean,2007,5,Caribe,22.873616944543766,2007-05-01,23.14218997885025,-0.2685730343064847,0.03413634724363046
tmin_mean,2007,6,Caribe,22.912682703539296,2007-06-01,23.107901496319194,-0.1952187927798974,0.042962343520688805
tmin_mean,2007,7,Caribe,22.841797371014028,2007-07-01,23.007418293667975,-0.16562092265394668,0.019708383256407263
tmin_mean,2007,8,Caribe,22.453114580430523,2007-08-01,23.0007440095748,-0.5476294291442763,-0.03095219250409631
tmin_mean,2007,9,Caribe,22.490956097079273,2007-09-01,22.752320875296284,-0.2613647782170112,-0.0575703591690336
tmin_mean,2007,10,Caribe,21.954361578269733,2007-10-01,22.45159395104796,-0.4972323727782282,-0.11936765271787753
tmin_mean,2007,11,Caribe,22.20437221544745,2007-11-01,22.31964028122148,-0.11526806577403192,-0.13029398765025077
tmin_mean,2007,12,Caribe,21.61750842713417,2007-12-01,22.27461807102512,-0.6571096438909514,-0.19858968081422082
tmin_mean,2008,1,Caribe,21.632216357951556,2008-01-01,22.29437382574068,-0.6621574677891253,-0.2914201855064717
tmin_mean,2008,2,Caribe,22.266301618486686,2008-02-01,22.88229818298689,-0.6159965645002039,-0.34209739354338914
tmin_mean,2008,3,Caribe,22.495619280903227,2008-03-01,23.19093628990174,-0.6953170089985115,-0.4072445759938666
tmin_mean,2008,4,Caribe,22.649469195732053,2008-04-01,23.204224338180236,-0.5547551424481831,-0.43635360194007095
tmin_mean,2008,5,Caribe,22.52243841233571,2008-05-01,23.14218997885025,-0.619751566514541,-0.46561847962407565
tmin_mean,2008,6,Caribe,22.750223880246292,2008-06-01,23.107901496319194,-0.3576776160729018,-0.4791567148984927
tmin_mean,2008,7,Caribe,22.52947946704645,2008-07-01,23.007418293667975,-0.477938826621525,-0.5051832068957909
tmin_mean,2008,8,Caribe,22.39329946946537,2008-08-01,23.0007440095748,-0.6074445401094302,-0.5101677994762204
tmin_mean,2008,9,Caribe,22.57087332542511,2008-09-01,22.752320875296284,-0.18144754987117295,-0.5035080304474006
tmin_mean,2008,10,Caribe,22.265304438881508,2008-10-01,22.45159395104796,-0.18628951216645362,-0.4775961253964193
tmin_mean,2008,11,Caribe,22.100425484855574,2008-11-01,22.31964028122148,-0.21921479636590746,-0.48625835294574227
tmin_mean,2008,12,Caribe,21.69662604056055,2008-12-01,22.27461807102512,-0.5779920304645714,-0.47966521849354393
tmin_mean,2009,1,Caribe,22.29981828407649,2009-01-01,22.29437382574068,0.005444458335809088,-0.4240317246497994
tmin_mean,2009,2,Caribe,22.692217224288342,2009-02-01,22.88229818298689,-0.19008095869854813,-0.38853875749966144
tmin_mean,2009,3,Caribe,22.57714460570641,2009-03-01,23.19093628990174,-0.6137916841953306,-0.3817449804327297
tmin_mean,2009,4,Caribe,23.122003154419236,2009-04-01,23.204224338180236,-0.08222118376099985,-0.34236715054213107
tmin_mean,2009,5,Caribe,22.872853483697295,2009-05-01,23.14218997885025,-0.269336495152956,-0.31316589459533234
tmin_mean,2009,6,Caribe,22.908929811906575,2009-06-01,23.107901496319194,-0.19897168441261925,-0.2999404002903088
tmin_mean,2009,7,Caribe,23.14592441875275,2009-07-01,23.007418293667975,0.1385061250847741,-0.2485699876481172
tmin_mean,2009,8,Caribe,23.158546498642156,2009-08-01,23.0007440095748,0.1578024890673575,-0.18479940188338487
tmin_mean,2009,9,Caribe,23.371758967867336,2009-09-01,22.752320875296284,0.6194380925710519,-0.11805893167986614
tmin_mean,2009,10,Caribe,22.89135003982675,2009-10-01,22.45159395104796,0.4397560887787897,-0.0658884649344292
tmin_mean,2009,11,Caribe,22.735011318920492,2009-11-01,22.31964028122148,0.4153710376990105,-0.013006312095686035
tmin_mean,2009,12,Caribe,22.814982820908412,2009-12-01,22.27461807102512,0.5403647498832918,0.08019008626663589
tmin_mean,2010,1,Caribe,22.930258638049068,2010-01-01,22.29437382574068,0.6358848123083867,0.13272678243101735
tmin_mean,2010,2,Caribe,24.202859812537834,2010-02-01,22.88229818298689,1.3205616295509444,0.25861366478514175
tmin_mean,2010,3,Caribe,23.982256814249535,2010-03-01,23.19093628990174,0.7913205243477961,0.37570634883040227
tmin_mean,2010,4,Caribe,23.758867623402182,2010-04-01,23.204224338180236,0.5546432852219461,0.42877838791231443
tmin_mean,2010,5,Caribe,23.62659788575335,2010-05-01,23.14218997885025,0.48440790690309754,0.49159042141698556
tmin_mean,2010,6,Caribe,23.08510579527466,2010-06-01,23.107901496319194,-0.02279570104453299,0.5062717533643261
tmin_mean,2010,7,Caribe,22.67285715487315,2010-07-01,23.007418293667975,-0.3345611387948253,0.4668494813743595
tmin_mean,2010,8,Caribe,22.693750228033924,2010-08-01,23.0007440095748,-0.306993781540875,0.42811645882367344
tmin_mean,2010,9,Caribe,22.369594026540195,2010-09-01,22.752320875296284,-0.3827268487560893,0.3446027137130783
tmin_mean,2010,10,Caribe,22.317265517331712,2010-10-01,22.45159395104796,-0.1343284337162487,0.2967623368384918
tmin_mean,2010,11,Caribe,21.818562797736032,2010-11-01,22.31964028122148,-0.5010774834854494,0.22039162673978682
tmin_mean,2010,12,Caribe,21.695385935645845,2010-12-01,22.27461807102512,-0.5792321353792751,0.12709188630123958
tmin_mean,2011,1,Caribe,21.94420619875851,2011-01-01,22.29437382574068,-0.3501676269821701,0.04492084969369318
tmin_mean,2011,2,Caribe,22.273430693468566,2011-02-01,22.88229818298689,-0.6088674895183246,-0.1158649102287459
tmin_mean,2011,3,Caribe,22.155770689968463,2011-03-01,23.19093628990174,-1.0351655999332756,-0.2680720872521685
tmin_mean,2011,4,Caribe,22.409047790450533,2011-04-01,23.204224338180236,-0.795176547729703,-0.38055707333147265
tmin_mean,2011,5,Caribe,22.753219290153368,2011-05-01,23.14218997885025,-0.3889706886968831,-0.45333862296480437
tmin_mean,2011,6,Caribe,23.00562009220663,2011-06-01,23.107901496319194,-0.10228140411256348,-0.4599624315538069
tmin_mean,2011,7,Caribe,22.72633768696241,2011-07-01,23.007418293667975,-0.2810806067055651,-0.45550572054636856
tmin_mean,2011,8,Caribe,22.73497877519846,2011-08-01,23.0007440095748,-0.2657652343763388,-0.4520700082826572
tmin_mean,2011,9,Caribe,22.6346127186559,2011-09-01,22.752320875296284,-0.11770815664038281,-0.42998511727301497
tmin_mean,2011,10,Caribe,21.840003969968063,2011-10-01,22.45159395104796,-0.6115899810798986,-0.4697569128866525
tmin_mean,2011,11,Caribe,21.874463908695187,2011-11-01,22.31964028122148,-0.4451763725262943,-0.46509848697338957
tmin_mean,2011,12,Caribe,21.933468940440303,2011-12-01,22.27461807102512,-0.34114913058481733,-0.4452582365738514
tmin_mean,2012,1,Caribe,22.03266118805506,2012-01-01,22.29437382574068,-0.2617126376856227,-0.4378869874658058
tmin_mean,2012,2,Caribe,22.41579615923622,2012-02-01,22.88229818298689,-0.46650202375067096,-0.42602319865183463
tmin_mean,2012,3,Caribe,23.156305916418265,2012-03-01,23.19093628990174,-0.03463037348347342,-0.3426452631143511
tmin_mean,2012,4,Caribe,22.58580789577562,2012-04-01,23.204224338180236,-0.6184164424046159,-0.32791525433726054
tmin_mean,2012,5,Caribe,22.882990796206567,2012-05-01,23.14218997885025,-0.2591991826436839,-0.3171009621661606
tmin_mean,2012,6,Caribe,23.116359593729083,2012-06-01,23.107901496319194,0.00845809740988912,-0.3078726703726229
tmin_mean,2012,7,Caribe,23.12602867360865,2012-07-01,23.007418293667975,0.11861037994067658,-0.27456508815210273
tmin_mean,2012,8,Caribe,22.916526599826234,2012-08-01,23.0007440095748,-0.08421740974856462,-0.2594361027664549
tmin_mean,2012,9,Caribe,22.933761354072452,2012-09-01,22.752320875296284,0.18144047877616742,-0.23450704981507572
tmin_mean,2012,10,Caribe,22.40969623473205,2012-10-01,22.45159395104796,-0.04189771631591199,-0.18703269441807682
tmin_mean,2012,11,Caribe,22.5944034675331,2012-11-01,22.31964028122148,0.2747631863116169,-0.12703773118158423
tmin_mean,2012,12,Caribe,22.42203023208677,2012-12-01,22.27461807102512,0.14741216106164856,-0.08632429021104542
tmin_mean,2013,1,Caribe,22.843703051715426,2013-01-01,22.29437382574068,0.5493292259747449,-0.018737468239348114
tmin_mean,2013,2,Caribe,23.281751131349605,2013-02-01,22.88229818298689,0.3994529483627147,0.05342544610343403
tmin_mean,2013,3,Caribe,23.486847441451882,2013-03-01,23.19093628990174,0.29591115155014336,0.08097057318956875
tmin_mean,2013,4,Caribe,23.53549696045728,2013-04-01,23.204224338180236,0.33127262227704435,0.1601113285797071
tmin_mean,2013,5,Caribe,23.008878159723857,2013-05-01,23.14218997885025,-0.13331181912639423,0.1706019422061479
tmin_mean,2013,6,Caribe,23.192475304554492,2013-06-01,23.107901496319194,0.08457380823529803,0.17694491810826532
tmin_mean,2013,7,Caribe,23.03063306794038,2013-07-01,23.007418293667975,0.023214774272403815,0.16899528430257593
tmin_mean,2013,8,Caribe,22.82363336942135,2013-08-01,23.0007440095748,-0.17711064015344746,0.16125418176883569
tmin_mean,2013,9,Caribe,22.672116003592265,2013-09-01,22.752320875296284,-0.08020487170401935,0.13945040256215346
tmin_mean,2013,10,Caribe,22.626640575802465,2013-10-01,22.45159395104796,0.17504662475450417,0.1575290976513548
tmin_mean,2013,11,Caribe,22.17829834968435,2013-11-01,22.31964028122148,-0.1413419315371307,0.12285367116395918
tmin_mean,2013,12,Caribe,22.185632578279147,2013-12-01,22.27461807102512,-0.088985492745973,0.10315386667999071
tmin_mean,2014,1,Caribe,22.598334058285417,2014-01-01,22.29437382574068,0.3039602325447355,0.08270645056082326
tmin_mean,2014,2,Caribe,23.293140133358737,2014-02-01,22.88229818298689,0.41084195037184656,0.08365553406158426
tmin_mean,2014,3,Caribe,23.206300389727822,2014-03-01,23.19093628990174,0.015364099826083333,0.060276613084579246
tmin_mean,2014,4,Caribe,23.725306988615205,2014-04-01,23.204224338180236,0.5210826504349697,0.07609411543107303
tmin_mean,2014,5,Caribe,23.10322187740284,2014-05-01,23.14218997885025,-0.038968101447409254,0.08395609190432178
tmin_mean,2014,6,Caribe,23.729063286818626,2014-06-01,23.107901496319194,0.621161790499432,0.1286717570929996
tmin_mean,2014,7,Caribe,23.856269651790114,2014-07-01,23.007418293667975,0.8488513581221397,0.19747480574714427
tmin_mean,2014,8,Caribe,23.062686205997668,2014-08-01,23.0007440095748,0.061942196422869245,0.21739587546183733
tmin_mean,2014,9,Caribe,22.96937604485737,2014-09-01,22.752320875296284,0.2170551695610854,0.24216754556726272
tmin_mean,2014,10,Caribe,22.659709392266116,2014-10-01,22.45159395104796,0.20811544121815473,0.24492328027256693
tmin_mean,2014,11,Caribe,22.452954044107127,2014-11-01,22.31964028122148,0.13331376288564556,0.26781125480779827
tmin_mean,2014,12,Caribe,22.500508975869007,2014-12-01,22.27461807102512,0.22589090484388663,0.29405095460695324
tmin_mean,2015,1,Caribe,22.811971352538965,2015-01-01,22.29437382574068,0.5175975267982835,0.3118540624614156
tmin_mean,2015,2,Caribe,23.180629195220114,2015-02-01,22.88229818298689,0.29833101223322345,0.3024781509498637
tmin_mean,2015,3,Caribe,23.46997591937573,2015-03-01,23.19093628990174,0.2790396294739921,0.32445111175385605
tmin_mean,2015,4,Caribe,23.583979534423538,2015-04-01,23.204224338180236,0.3797551962433019,0.3126738239045504
tmin_mean,2015,5,Caribe,23.786812755116472,2015-05-01,23.14218997885025,0.6446227762662211,0.36963973038068626
tmin_mean,2015,6,Caribe,23.985307159773622,2015-06-01,23.107901496319194,0.8774056634544287,0.3909933864602693
tmin_mean,2015,7,Caribe,23.685640359085497,2015-07-01,23.007418293667975,0.678222065417522,0.3767742787348845
tmin_mean,2015,8,Caribe,23.78653940266671,2015-08-01,23.0007440095748,0.7857953930919095,0.43709537845730456
tmin_mean,2015,9,Caribe,23.744346803324134,2015-09-01,22.752320875296284,0.9920259280278501,0.5016762749962016
tmin_mean,2015,10,Caribe,23.322475403012415,2015-10-01,22.45159395104796,0.8708814519644541,0.5569067758917265
tmin_mean,2015,11,Caribe,22.897654620985605,2015-11-01,22.31964028122148,0.578014339764124,0.5939651572982664
tmin_mean,2015,12,Caribe,23.540266701892577,2015-12-01,22.27461807102512,1.2656486308674566,0.6806116344668972
tmin_mean,2016,1,Caribe,23.2575542852509,2016-01-01,22.29437382574068,0.9631804595102196,0.7177435455262252
tmin_mean,2016,2,Caribe,24.342378625601565,2016-02-01,22.88229818298689,1.4600804426146752,0.8145559980580129
tmin_mean,2016,3,Caribe,24.78534524246649,2016-03-01,23.19093628990174,1.594408952564752,0.9241701083155762
tmin_mean,2016,4,Caribe,24.139655786780647,2016-04-01,23.204224338180236,0.9354314486004114,0.9704764626786687
tmin_mean,2016,5,Caribe,23.825409733070884,2016-05-01,23.14218997885025,0.6832197542206337,0.9736928775082031
tmin_mean,2016,6,Caribe,23.33760215507694,2016-06-01,23.107901496319194,0.22970065875774637,0.9197174604501462
tmin_mean,2016,7,Caribe,23.324121621446587,2016-07-01,23.007418293667975,0.31670332777861177,0.889590898980237
tmin_mean,2016,8,Caribe,23.543117199392206,2016-08-01,23.0007440095748,0.5423731898174076,0.8693057153740286
tmin_mean,2016,9,Caribe,23.097871974071797,2016-09-01,22.752320875296284,0.3455510987755126,0.8154328129363337
tmin_mean,2016,10,Caribe,22.687913667743324,2016-10-01,22.45159395104796,0.23631971669536256,0.7625526683305761
tmin_mean,2016,11,Caribe,22.47523998446548,2016-11-01,22.31964028122148,0.1555997032440004,0.7273514486205658
tmin_mean,2016,12,Caribe,22.457279812139127,2016-12-01,22.27461807102512,0.18266174111400701,0.6371025411411116
tmin_mean,2017,1,Caribe,22.208381943263433,2017-01-01,22.29437382574068,-0.08599188247724854,0.549671512642156
tmin_mean,2017,2,Caribe,23.149876172123705,2017-02-01,22.88229818298689,0.2675779891368144,0.4502963081856676
tmin_mean,2017,3,Caribe,23.447823785181214,2017-03-01,23.19093628990174,0.2568874952794751,0.33883618674522786
tmin_mean,2017,4,Caribe,23.78190789552894,2017-04-01,23.204224338180236,0.5776835573487027,0.3090238624742521
tmin_mean,2017,5,Caribe,23.404370324213303,2017-05-01,23.14218997885025,0.2621803453630527,0.2739372450694537
tmin_mean,2017,6,Caribe,23.377040369340595,2017-06-01,23.107901496319194,0.2691388730214008,0.27722376292475825
tmin_mean,2017,7,Caribe,23.540223944108956,2017-07-01,23.007418293667975,0.5328056504409808,0.29523228981328903
tmin_mean,2017,8,Caribe,23.327740110628458,2017-08-01,23.0007440095748,0.32699610105365906,0.27728419908297663
tmin_mean,2017,9,Caribe,23.389356569935554,2017-09-01,22.752320875296284,0.6370356946392697,0.3015745820716231
tmin_mean,2017,10,Caribe,23.17966879202963,2017-10-01,22.45159395104796,0.7280748409816695,0.34255417576214864
tmin_mean,2017,11,Caribe,22.723187467205364,2017-11-01,22.31964028122148,0.4035471859838822,0.36321646599047214
tmin_mean,2017,12,Caribe,22.58555406456548,2017-12-01,22.27461807102512,0.31093599354035817,0.37390598702600136
tmin_mean,2018,1,Caribe,22.617882800195293,2018-01-01,22.29437382574068,0.3235089744546116,0.4080310584369897
tmin_mean,2018,2,Caribe,22.615189109561133,2018-02-01,22.88229818298689,-0.2671090734257575,0.3634738032234421
tmin_mean,2018,3,Caribe,23.540159223551836,2018-03-01,23.19093628990174,0.34922293365009693,0.37116842308766057
tmin_mean,2018,4,Caribe,23.204408160083727,2018-04-01,23.204224338180236,0.00018382190349086613,0.3230434451338929
tmin_mean,2018,5,Caribe,23.04674444821868,2018-05-01,23.14218997885025,-0.09544553063157224,0.29324128880100747
tmin_mean,2018,6,Caribe,23.314465528281662,2018-06-01,23.107901496319194,0.20656403196246842,0.28802671871276314
tmin_mean,2018,7,Caribe,23.40267688750847,2018-07-01,23.007418293667975,0.3952585938404951,0.276564463996056
tmin_mean,2018,8,Caribe,23.41941326748098,2018-08-01,23.0007440095748,0.41866925790618126,0.28420389373376614
tmin_mean,2018,9,Caribe,23.117713846611235,2018-09-01,22.752320875296284,0.3653929713149502,0.2615670001234062
tmin_mean,2018,10,Caribe,22.703993001515236,2018-10-01,22.45159395104796,0.2523990504672753,0.22192735091387336
tmin_mean,2018,11,Caribe,22.991785828836765,2018-11-01,22.31964028122148,0.6721455476152833,0.2443105477164901
tmin_mean,2018,12,Caribe,22.367096994075002,2018-12-01,22.27461807102512,0.0924789230498817,0.22610579184228374
tmin_mean,2019,1,Caribe,22.939931737953213,2019-01-01,22.29437382574068,0.6455579122125314,0.2529432033221104
tmin_mean,2019,2,Caribe,23.59495822119131,2019-02-01,22.88229818298689,0.7126600382044188,0.33459062929129174
tmin_mean,2019,3,Caribe,23.979352921400224,2019-03-01,23.19093628990174,0.7884166314984853,0.37119010411199077
tmin_mean,2019,4,Caribe,23.841796450437773,2019-04-01,23.204224338180236,0.6375721122575371,0.42430579497482795
tmin_mean,2019,5,Caribe,23.76562797895575,2019-05-01,23.14218997885025,0.623438000105498,0.48421275586958384
tmin_mean,2019,6,Caribe,23.879844574654964,2019-06-01,23.107901496319194,0.7719430783357701,0.5313276764006923
tmin_mean,2019,7,Caribe,23.669707951043637,2019-07-01,23.007418293667975,0.6622896573756627,0.5535802650286229
tmin_mean,2019,8,Caribe,23.9180907126031,2019-08-01,23.0007440095748,0.9173467030283007,0.5951367187887996
tmin_mean,2019,9,Caribe,23.554701456289816,2019-09-01,22.752320875296284,0.8023805809935318,0.6315523529286814
tmin_mean,2019,10,Caribe,22.725422007240276,2019-10-01,22.45159395104796,0.27382805619231476,0.633338103405768
tmin_mean,2019,11,Caribe,23.032899632131155,2019-11-01,22.31964028122148,0.7132593509096736,0.6367642536803005
tmin_mean,2019,12,Caribe,23.436609661080904,2019-12-01,22.27461807102512,1.1619915900557842,0.7258903092641257
tmin_mean,2020,1,Caribe,23.07612289840845,2020-01-01,22.29437382574068,0.7817490726677683,0.7372395726353954
tmin_mean,2020,2,Caribe,23.69377187209415,2020-02-01,22.88229818298689,0.8114736891072596,0.7454740435439655
tmin_mean,2020,3,Caribe,23.886461023459947,2020-03-01,23.19093628990174,0.6955247335582087,0.7377330520489425
tmin_mean,2020,4,Caribe,24.086434516332353,2020-04-01,23.204224338180236,0.8822101781521177,0.7581195575401575
tmin_mean,2020,5,Caribe,24.232540665891015,2020-05-01,23.14218997885025,1.0903506870407647,0.7970289481180964
tmin_mean,2020,6,Caribe,23.401209994563853,2020-06-01,23.107901496319194,0.29330849824465943,0.7571427331105038
tmin_mean,2020,7,Caribe,23.17168940818194,2020-07-01,23.007418293667975,0.1642711145139657,0.7156411878720291
tmin_mean,2020,8,Caribe,23.25166673024093,2020-08-01,23.0007440095748,0.2509227206661322,0.660105856008515
tmin_mean,2020,9,Caribe,22.91622394739913,2020-09-01,22.752320875296284,0.16390307210284405,0.6068993969342911
tmin_mean,2020,10,Caribe,22.826344832652705,2020-10-01,22.45159395104796,0.37475088160474357,0.6153096323853268
tmin_mean,2020,11,Caribe,22.546634070954415,2020-11-01,22.31964028122148,0.2269937897329335,0.5747875022872652
tmin_mean,2020,12,Caribe,22.406914254642555,2020-12-01,22.27461807102512,0.13229618361743434,0.488979551750736
tmin_mean,2021,1,Caribe,22.210465729436592,2021-01-01,22.29437382574068,-0.08390809630408924,0.4168414543364145
tmin_mean,2021,2,Caribe,23.480956208954705,2021-02-01,22.88229818298689,0.5986580259678149,0.3991068157414608
tmin_mean,2021,3,Caribe,23.205088712445875,2021-03-01,23.19093628990174,0.014152422544135845,0.3423257898236214
tmin_mean,2021,4,Caribe,23.307485435336577,2021-04-01,23.204224338180236,0.10326109715634146,0.2774133664073067
tmin_mean,2021,5,Caribe,23.251205030824835,2021-05-01,23.14218997885025,0.10901505197458405,0.19563539681845832
tmin_mean,2021,6,Caribe,22.943540213939983,2021-06-01,23.107901496319194,-0.1643612823792111,0.15749624843313578
tmin_mean,2021,7,Caribe,23.129901766898254,2021-07-01,23.007418293667975,0.12248347323027886,0.15401394499282853
tmin_mean,2021,8,Caribe,22.900698521955892,2021-08-01,23.0007440095748,-0.10004548761890675,0.12476659430240862
tmin_mean,2021,9,Caribe,22.880428606701706,2021-09-01,22.752320875296284,0.12810773140542153,0.12178364924429008
tmin_mean,2021,10,Caribe,22.776406684088876,2021-10-01,22.45159395104796,0.32481273304091474,0.11762213686397101
tmin_mean,2021,11,Caribe,22.423113804165418,2021-11-01,22.31964028122148,0.1034735229439363,0.10732878129822125
tmin_mean,2021,12,Caribe,22.66359310031224,2021-12-01,22.27461807102512,0.3889750292871206,0.12871868510402842
tmin_mean,2022,1,Caribe,22.28869316329387,2022-01-01,22.29437382574068,-0.005680662446810203,0.13523763792546836
tmin_mean,2022,2,Caribe,22.726488833182653,2022-02-01,22.88229818298689,-0.15580934980423677,0.07236535661113071
tmin_mean,2022,3,Caribe,23.04982196342976,2022-03-01,23.19093628990174,-0.1411143264719783,0.059426460859787866
tmin_mean,2022,4,Caribe,23.05065125681692,2022-04-01,23.204224338180236,-0.15357308136331582,0.03802361264981643
tmin_mean,2022,5,Caribe,23.185321583301505,2022-05-01,23.14218997885025,0.04313160445125419,0.0325333253562056
tmin_mean,2022,6,Caribe,22.39414001152023,2022-06-01,23.107901496319194,-0.7137614847989653,-0.013250024845440578
tmin_mean,2022,7,Caribe,22.94167704523488,2022-07-01,23.007418293667975,-0.06574124843309548,-0.02893541831738844
tmin_mean,2022,8,Caribe,22.83777239292729,2022-08-01,23.0007440095748,-0.16297161664750703,-0.03417926240310513
tmin_mean,2022,9,Caribe,22.674980284230973,2022-09-01,22.752320875296284,-0.07734059106531177,-0.05129995594233291
tmin_mean,2022,10,Caribe,22.37498073533222,2022-10-01,22.45159395104796,-0.0766132157157422,-0.08475211833872098
tmin_mean,2022,11,Caribe,22.154976596948288,2022-11-01,22.31964028122148,-0.16466368427319367,-0.10709688560681514
tmin_mean,2022,12,Caribe,21.781144647951407,2022-12-01,22.27461807102512,-0.4934734230737128,-0.1806342566368846
tmin_mean,2023,1,Caribe,21.84342442108322,2023-01-01,22.29437382574068,-0.4509494046574609,-0.21773998515443882
tmin_mean,2023,2,Caribe,22.554719520569083,2023-02-01,22.88229818298689,-0.32757866241780675,-0.232054094538903
tmin_mean,2023,3,Caribe,23.002396763220688,2023-03-01,23.19093628990174,-0.18853952668105123,-0.23600619455632574
tmin_mean,2023,4,Caribe,23.511330358327772,2023-04-01,23.204224338180236,0.3071060201475362,-0.1976162694304214
tmin_mean,2023,5,Caribe,23.954050291634406,2023-05-01,23.14218997885025,0.8118603127841553,-0.13355554373601297
tmin_mean,2023,6,Caribe,23.833720215359925,2023-06-01,23.107901496319194,0.7258187190407313,-0.013590526749371593
tmin_mean,2023,7,Caribe,24.085725498746367,2023-07-01,23.007418293667975,1.0783072050783922,0.0817468443765857
tmin_mean,2023,8,Caribe,24.03973589935129,2023-08-01,23.0007440095748,1.03899188977649,0.1819104699119188
tmin_mean,2023,9,Caribe,24.057836988210042,2023-09-01,22.752320875296284,1.3055161129137574,0.2971485285768412
tmin_mean,2023,10,Caribe,23.53345970899634,2023-10-01,22.45159395104796,1.0818657579483784,0.39368844304885126
tmin_mean,2023,11,Caribe,23.39647992667943,2023-11-01,22.31964028122148,1.076839645457948,0.49714705385977975
tmin_mean,2023,12,Caribe,23.731839976990024,2023-12-01,22.27461807102512,1.4572219059649036,0.6597049979463311
tmin_mean,2024,1,Caribe,23.557601817137126,2024-01-01,22.29437382574068,1.2632279913964446,0.8025531142841565
tmin_mean,2024,2,Caribe,23.83982394247632,2024-02-01,22.88229818298689,0.9575257594894282,0.9096451494430928
tmin_mean,2024,3,Caribe,24.654747432054137,2024-03-01,23.19093628990174,1.463811142152398,1.047341038512547
tmin_mean,2024,4,Caribe,24.578647853701295,2024-04-01,23.204224338180236,1.374423515521059,1.136284163127007
tmin_mean,2024,5,Caribe,24.294145377811613,2024-05-01,23.14218997885025,1.1519553989613627,1.1646254203084412
tmin_mean,2024,6,Caribe,23.718102284437954,2024-06-01,23.107901496319194,0.6102007881187603,1.1549905927316102
tmin_mean,2024,7,Caribe,23.87940859974566,2024-07-01,23.007418293667975,0.8719903060776844,1.1377975178148845
tmin_mean,2024,8,Caribe,23.619155522097643,2024-08-01,23.0007440095748,0.6184115125228438,1.1027491530437474
tmin_mean,2024,9,Caribe,23.726837662134376,2024-09-01,22.752320875296284,0.9745167868380911,1.0751658758707752
tmin_mean,2024,10,Caribe,23.34753953483127,2024-10-01,22.45159395104796,0.895945583783309,1.059672528023686
tmin_mean,2024,11,Caribe,22.595946071322704,2024-11-01,22.31964028122148,0.27630579010122247,0.9929613734106256
tmin_mean,2024,12,Caribe,22.957106717315284,2024-12-01,22.27461807102512,0.6824886462901638,0.9284002684377306
tmin_mean,2025,1,Caribe,22.615906367744433,2025-01-01,22.29437382574068,0.3215325420037516,0.8499256476550062
tmin_mean,2025,2,Caribe,23.456465710161392,2025-02-01,22.88229818298689,0.5741675271745024,0.8179791282954291
tmin_mean,2025,3,Caribe,23.669633554216816,2025-03-01,23.19093628990174,0.47869726431507686,0.7358863051423189
tmin_mean,2025,4,Caribe,23.631531911353296,2025-04-01,23.204224338180236,0.42730757317306,0.6569599766133191
tmin_mean,2025,5,Caribe,23.51158914918127,2025-05-01,23.14218997885025,0.3693991703310182,0.5917469575607903
tmin_mean,2025,6,Caribe,23.44639624103582,2025-06-01,23.107901496319194,0.3384947447166269,0.5691047872772792
tmin_mean,2025,7,Caribe,23.66858365364936,2025-07-01,23.007418293667975,0.6611653599813856,0.5515360417692543
tmin_mean,2025,8,Caribe,23.46486943424871,2025-08-01,23.0007440095748,0.4641254246739095,0.5386788677818432
tmin_mean,2025,9,Caribe,23.417181103125948,2025-09-01,22.752320875296284,0.6648602278296636,0.5128741545311408
tmin_mean,2025,10,Caribe,22.79645526267143,2025-10-01,22.45159395104796,0.3448613116234682,0.4669504651844874
tmin_mean,2025,11,Caribe,23.049598025523203,2025-11-01,22.31964028122148,0.7299577443017213,0.5047547947011957
tmin_mean,2025,12,Caribe,22.53375512856624,2025-12-01,22.27461807102512,0.25913705754112115,0.46947549563877544
tmin_mean,2026,1,Caribe,22.6827744015917,2026-01-01,22.29437382574068,0.38840057585101917,0.4750478317927144
tmin_mean,2026,2,Caribe,22.663732786929724,2026-02-01,22.88229818298689,-0.21856539605716563,0.4089867548567421
tmin_mean,2026,3,Caribe,23.069583462078963,2026-03-01,23.19093628990174,-0.12135282782277557,0.35898258051192106
tmin_mean,1991,1,Colombia,20.719441990548447,1991-01-01,20.66071265126624,0.05872933928220547,
tmin_mean,1991,2,Colombia,21.239137292440454,1991-02-01,21.0415406849781,0.19759660746235497,
tmin_mean,1991,3,Colombia,20.960781455446337,1991-03-01,21.081110353940094,-0.1203288984937565,
tmin_mean,1991,4,Colombia,20.789239989523445,1991-04-01,20.973546507317618,-0.18430651779417317,
tmin_mean,1991,5,Colombia,20.839102212564985,1991-05-01,20.780142232879218,0.05895997968576694,
tmin_mean,1991,6,Colombia,20.67751524726757,1991-06-01,20.353642970457937,0.3238722768096345,
tmin_mean,1991,7,Colombia,19.904864216298304,1991-07-01,20.034947468080176,-0.13008325178187263,
tmin_mean,1991,8,Colombia,19.847642479793326,1991-08-01,20.21922858777368,-0.37158610798035596,
tmin_mean,1991,9,Colombia,20.241381608526492,1991-09-01,20.449702757805014,-0.20832114927852174,
tmin_mean,1991,10,Colombia,19.97891520810907,1991-10-01,20.604139727747874,-0.625224519638806,
tmin_mean,1991,11,Colombia,20.35812705369801,1991-11-01,20.660255325940607,-0.302128272242598,
tmin_mean,1991,12,Colombia,20.592745430862724,1991-12-01,20.5700567921155,0.02268863874722271,-0.10667765626857495
tmin_mean,1992,1,Colombia,20.67193040117641,1992-01-01,20.66071265126624,0.011217749910169772,-0.11063695538291125
tmin_mean,1992,2,Colombia,21.360461395595962,1992-02-01,21.0415406849781,0.31892071061786353,-0.10052661345328555
tmin_mean,1992,3,Colombia,21.336029795027443,1992-03-01,21.081110353940094,0.254919441087349,-0.06925591848819342
tmin_mean,1992,4,Colombia,21.256116896351326,1992-04-01,20.973546507317618,0.2825703890337081,-0.030349509585869978
tmin_mean,1992,5,Colombia,20.988573866558102,1992-05-01,20.780142232879218,0.2084316336788845,-0.01789353841977685
tmin_mean,1992,6,Colombia,20.441100953474287,1992-06-01,20.353642970457937,0.08745798301634977,-0.03759472956921724
tmin_mean,1992,7,Colombia,19.544034237052806,1992-07-01,20.034947468080176,-0.4909132310273705,-0.06766389450634207
tmin_mean,1992,8,Colombia,19.89831534148835,1992-08-01,20.21922858777368,-0.3209132462853326,-0.06344115603175678
tmin_mean,1992,9,Colombia,20.02541863460564,1992-09-01,20.449702757805014,-0.42428412319937436,-0.08143807052516117
tmin_mean,1992,10,Colombia,20.258908436736785,1992-10-01,20.604139727747874,-0.34523129101108907,-0.05810530147285142
tmin_mean,1992,11,Colombia,20.30360701450284,1992-11-01,20.660255325940607,-0.3566483114377661,-0.06264863807244876
tmin_mean,1992,12,Colombia,20.371977233032997,1992-12-01,20.5700567921155,-0.19807955908250463,-0.08104598789159272
tmin_mean,1993,1,Colombia,20.255207180060165,1993-01-01,20.66071265126624,-0.4055054712060766,-0.11577292298461324
tmin_mean,1993,2,Colombia,20.53274761597523,1993-02-01,21.0415406849781,-0.5087930690028699,-0.18474907128634102
tmin_mean,1993,3,Colombia,20.419352593442117,1993-03-01,21.081110353940094,-0.6617577604979772,-0.26113883808511823
tmin_mean,1993,4,Colombia,20.75016325101454,1993-04-01,20.973546507317618,-0.22338325630307665,-0.3033016418631836
tmin_mean,1993,5,Colombia,20.79567343990074,1993-05-01,20.780142232879218,0.015531207021520999,-0.3193766774179639
tmin_mean,1993,6,Colombia,20.38844041800151,1993-06-01,20.353642970457937,0.03479744754357483,-0.3237650553740285
tmin_mean,1993,7,Colombia,19.916791577506025,1993-07-01,20.034947468080176,-0.1181558905741511,-0.2927019436695935
tmin_mean,1993,8,Colombia,19.975815475426057,1993-08-01,20.21922858777368,-0.24341311234762486,-0.28624359917478454
tmin_mean,1993,9,Colombia,20.107639749513783,1993-09-01,20.449702757805014,-0.3420630082912304,-0.2793918395991059
tmin_mean,1993,10,Colombia,20.433786276559495,1993-10-01,20.604139727747874,-0.17035345118837952,-0.2648186862805468
tmin_mean,1993,11,Colombia,20.44788922594093,1993-11-01,20.660255325940607,-0.21236609999967726,-0.252795168660706
tmin_mean,1993,12,Colombia,20.33600001757318,1993-12-01,20.5700567921155,-0.23405677454232077,-0.255793269949024
tmin_mean,1994,1,Colombia,20.530279000623914,1994-01-01,20.66071265126624,-0.1304336506423276,-0.23287061823537827
tmin_mean,1994,2,Colombia,20.678020087099267,1994-02-01,21.0415406849781,-0.36352059787883206,-0.2207645789750418
tmin_mean,1994,3,Colombia,20.632659373207332,1994-03-01,21.081110353940094,-0.4484509807327619,-0.2029890139946072
tmin_mean,1994,4,Colombia,20.607866640948913,1994-04-01,20.973546507317618,-0.36567986636870486,-0.21484706483340954
tmin_mean,1994,5,Colombia,20.62111776813892,1994-05-01,20.780142232879218,-0.1590244647402983,-0.22939337081356115
tmin_mean,1994,6,Colombia,20.036496297265348,1994-06-01,20.353642970457937,-0.31714667319258893,-0.2587220475415748
tmin_mean,1994,7,Colombia,19.699107731546906,1994-07-01,20.034947468080176,-0.33583973653326993,-0.27686236803816805
tmin_mean,1994,8,Colombia,19.90139367436975,1994-08-01,20.21922858777368,-0.31783491340393155,-0.2830641847928603
tmin_mean,1994,9,Colombia,20.341163100340953,1994-09-01,20.449702757805014,-0.10853965746406047,-0.26360390555726276
tmin_mean,1994,10,Colombia,20.273133572568227,1994-10-01,20.604139727747874,-0.33100615517964727,-0.2769916308898684
tmin_mean,1994,11,Colombia,20.42773400008911,1994-11-01,20.660255325940607,-0.2325213258514971,-0.27867123304418673
tmin_mean,1994,12,Colombia,20.570213394901355,1994-12-01,20.5700567921155,0.00015660278585372112,-0.25915345160017217
tmin_mean,1995,1,Colombia,20.415692890192215,1995-01-01,20.66071265126624,-0.24501976107402612,-0.26870229413614705
tmin_mean,1995,2,Colombia,21.018065285224054,1995-02-01,21.0415406849781,-0.023475399754044446,-0.24036519429241476
tmin_mean,1995,3,Colombia,21.036239917589427,1995-03-01,21.081110353940094,-0.04487043635066712,-0.20673348226057353
tmin_mean,1995,4,Colombia,21.215805746031343,1995-04-01,20.973546507317618,0.242259238713725,-0.15607189017037104
tmin_mean,1995,5,Colombia,20.742417469822616,1995-05-01,20.780142232879218,-0.03772476305660177,-0.14596358169672966
tmin_mean,1995,6,Colombia,20.470996988960877,1995-06-01,20.353642970457937,0.11735401850294025,-0.10975519072210223
tmin_mean,1995,7,Colombia,20.02787067372637,1995-07-01,20.034947468080176,-0.007076794353807259,-0.08235827887381368
tmin_mean,1995,8,Colombia,20.29062592239959,1995-08-01,20.21922858777368,0.07139733462591025,-0.049922258204660196
tmin_mean,1995,9,Colombia,20.49352696070029,1995-09-01,20.449702757805014,0.04382420289527644,-0.037225269841382115
tmin_mean,1995,10,Colombia,20.455952089046843,1995-10-01,20.604139727747874,-0.1481876387010317,-0.021990393468164154
tmin_mean,1995,11,Colombia,20.46912742715389,1995-11-01,20.660255325940607,-0.19112789878671776,-0.018540941212765876
tmin_mean,1995,12,Colombia,20.466539936197943,1995-12-01,20.5700567921155,-0.1035168559175581,-0.02718039610471686
tmin_mean,1996,1,Colombia,20.19620678930561,1996-01-01,20.66071265126624,-0.4645058619606317,-0.045470904511933995
tmin_mean,1996,2,Colombia,20.339681196997986,1996-02-01,21.0415406849781,-0.7018594879801121,-0.1020029118641063
tmin_mean,1996,3,Colombia,20.892400316752475,1996-03-01,21.081110353940094,-0.1887100371876187,-0.11398954526718559
tmin_mean,1996,4,Colombia,20.77373844722235,1996-04-01,20.973546507317618,-0.1998080600952683,-0.1508284868346017
tmin_mean,1996,5,Colombia,20.509789407658815,1996-05-01,20.780142232879218,-0.27035282522040305,-0.17021415868158515
tmin_mean,1996,6,Colombia,20.176946340840725,1996-06-01,20.353642970457937,-0.17669662961721144,-0.19471837935826444
tmin_mean,1996,7,Colombia,19.69539726676441,1996-07-01,20.034947468080176,-0.33955020131576674,-0.22242449660509442
tmin_mean,1996,8,Colombia,19.916103298810373,1996-08-01,20.21922858777368,-0.30312528896330804,-0.2536347152375293
tmin_mean,1996,9,Colombia,20.2877296767141,1996-09-01,20.449702757805014,-0.16197308109091324,-0.2707844889030451
tmin_mean,1996,10,Colombia,20.327688941023492,1996-10-01,20.604139727747874,-0.27645078672438217,-0.2814730845716576
tmin_mean,1996,11,Colombia,20.397991240770665,1996-11-01,20.660255325940607,-0.26226408516994226,-0.287401100103593
tmin_mean,1996,12,Colombia,20.093492416633627,1996-12-01,20.5700567921155,-0.4765643754818747,-0.31848839340061935
tmin_mean,1997,1,Colombia,20.399449429647692,1997-01-01,20.66071265126624,-0.26126322161854887,-0.3015515067054458
tmin_mean,1997,2,Colombia,20.434702888044075,1997-02-01,21.0415406849781,-0.6068377969340233,-0.29363303245160505
tmin_mean,1997,3,Colombia,20.78183316386327,1997-03-01,21.081110353940094,-0.2992771900768254,-0.302846961859039
tmin_mean,1997,4,Colombia,20.801670240215874,1997-04-01,20.973546507317618,-0.17187626710174442,-0.30051931244291197
tmin_mean,1997,5,Colombia,20.561234205155415,1997-05-01,20.780142232879218,-0.2189080277238027,-0.2962322459848619
tmin_mean,1997,6,Colombia,20.41863388320689,1997-06-01,20.353642970457937,0.06499091274895363,-0.2760916174543482
tmin_mean,1997,7,Colombia,20.325655962560514,1997-07-01,20.034947468080176,0.290708494480338,-0.22357005947133946
tmin_mean,1997,8,Colombia,20.343309952191063,1997-08-01,20.21922858777368,0.12408136441738193,-0.18796950502294862
tmin_mean,1997,9,Colombia,20.82085966162704,1997-09-01,20.449702757805014,0.37115690382202615,-0.14354200628020367
tmin_mean,1997,10,Colombia,21.08909585152502,1997-10-01,20.604139727747874,0.48495612377714536,-0.08009143040507638
tmin_mean,1997,11,Colombia,20.95496219388629,1997-11-01,20.660255325940607,0.29470686794568124,-0.033677184312107755
tmin_mean,1997,12,Colombia,21.009015376583086,1997-12-01,20.5700567921155,0.43895858446758496,0.04261639568368055
tmin_mean,1998,1,Colombia,21.65506324986906,1998-01-01,20.66071265126624,0.9943505986028178,0.14725088070212777
tmin_mean,1998,2,Colombia,22.0294971820518,1998-02-01,21.0415406849781,0.9879564970737,0.2801504052027714
tmin_mean,1998,3,Colombia,22.00672884934706,1998-03-01,21.081110353940094,0.9256184954069653,0.38222504565975396
tmin_mean,1998,4,Colombia,21.935218526523663,1998-04-01,20.973546507317618,0.9616720192060448,0.47668740285206973
tmin_mean,1998,5,Colombia,21.41554030272617,1998-05-01,20.780142232879218,0.6353980698469535,0.5478795776496327
tmin_mean,1998,6,Colombia,20.527012895862487,1998-06-01,20.353642970457937,0.17336992540455043,0.5569111620375992
tmin_mean,1998,7,Colombia,20.194225509098956,1998-07-01,20.034947468080176,0.15927804101877996,0.545958624249136
tmin_mean,1998,8,Colombia,20.541482508939474,1998-08-01,20.21922858777368,0.32225392116579243,0.5624730039781701
tmin_mean,1998,9,Colombia,20.508552692616302,1998-09-01,20.449702757805014,0.05884993481128831,0.5364474232272753
tmin_mean,1998,10,Colombia,20.7338989886397,1998-10-01,20.604139727747874,0.1297592608918272,0.5068476846534988
tmin_mean,1998,11,Colombia,20.63024480164411,1998-11-01,20.660255325940607,-0.030010524296496754,0.47978790196665067
tmin_mean,1998,12,Colombia,20.385209596923332,1998-12-01,20.5700567921155,-0.18484719519216952,0.42780408699500444
tmin_mean,1999,1,Colombia,20.21631762724784,1999-01-01,20.66071265126624,-0.4443950240184016,0.3079086184432362
tmin_mean,1999,2,Colombia,20.301396759313786,1999-02-01,21.0415406849781,-0.740143925664313,0.1639002498817351
tmin_mean,1999,3,Colombia,20.374789386225892,1999-03-01,21.081110353940094,-0.7063209677142019,0.02790529462163782
tmin_mean,1999,4,Colombia,20.272585800464732,1999-04-01,20.973546507317618,-0.7009607068528858,-0.11064743254993974
tmin_mean,1999,5,Colombia,20.08865452381847,1999-05-01,20.780142232879218,-0.6914877090607483,-0.2212212474589149
tmin_mean,1999,6,Colombia,20.00745625791561,1999-06-01,20.353642970457937,-0.3461867125423268,-0.26451763395448796
tmin_mean,1999,7,Colombia,19.55857847806479,1999-07-01,20.034947468080176,-0.4763689900153878,-0.31748821987400194
tmin_mean,1999,8,Colombia,19.7557166007539,1999-08-01,20.21922858777368,-0.4635119870197819,-0.3829687122227998
tmin_mean,1999,9,Colombia,20.014779239323808,1999-09-01,20.449702757805014,-0.4349235184812059,-0.4241164999971743
tmin_mean,1999,10,Colombia,20.033362401815836,1999-10-01,20.604139727747874,-0.5707773259320383,-0.48249454889916316
tmin_mean,1999,11,Colombia,20.3390992197737,1999-11-01,20.660255325940607,-0.3211561061669066,-0.5067566807216973
tmin_mean,1999,12,Colombia,20.226184432148635,1999-12-01,20.5700567921155,-0.34387235996686627,-0.5200087777862553
tmin_mean,2000,1,Colombia,20.212329348981083,2000-01-01,20.66071265126624,-0.44838330228515844,-0.520341134308485
tmin_mean,2000,2,Colombia,20.16823385665902,2000-02-01,21.0415406849781,-0.8733068283190804,-0.5314380428630491
tmin_mean,2000,3,Colombia,20.47149986072182,2000-03-01,21.081110353940094,-0.6096104932182733,-0.523378836655055
tmin_mean,2000,4,Colombia,20.340360541773833,2000-04-01,20.973546507317618,-0.6331859655437846,-0.5177309415459632
tmin_mean,2000,5,Colombia,20.40165303747822,2000-05-01,20.780142232879218,-0.37848919540099857,-0.4916477320743174
tmin_mean,2000,6,Colombia,19.980687175233975,2000-06-01,20.353642970457937,-0.3729557952239624,-0.4938784889644537
tmin_mean,2000,7,Colombia,19.57304351680679,2000-07-01,20.034947468080176,-0.4619039512733849,-0.4926730690692868
tmin_mean,2000,8,Colombia,19.81738271830306,2000-08-01,20.21922858777368,-0.40184586947061973,-0.48753422594018997
tmin_mean,2000,9,Colombia,19.993281496519224,2000-09-01,20.449702757805014,-0.4564212612857901,-0.4893257045072386
tmin_mean,2000,10,Colombia,20.186128775789435,2000-10-01,20.604139727747874,-0.41801095195843985,-0.47659517334277207
tmin_mean,2000,11,Colombia,20.40982461407862,2000-11-01,20.660255325940607,-0.25043071186198773,-0.47070139048402887
tmin_mean,2000,12,Colombia,20.0049012938159,2000-12-01,20.5700567921155,-0.5651554982995997,-0.48914165201175663
tmin_mean,2001,1,Colombia,19.540255233734097,2001-01-01,20.66071265126624,-1.120457417532144,-0.5451478282823388
tmin_mean,2001,2,Colombia,20.221358889081277,2001-02-01,21.0415406849781,-0.820181795896822,-0.5407207422471506
tmin_mean,2001,3,Colombia,20.517233491637388,2001-03-01,21.081110353940094,-0.5638768623027062,-0.5369096063375199
tmin_mean,2001,4,Colombia,20.65062529270774,2001-04-01,20.973546507317618,-0.32292121460987744,-0.511054210426361
tmin_mean,2001,5,Colombia,20.59859370737392,2001-05-01,20.780142232879218,-0.1815485255052991,-0.4946424879350528
tmin_mean,2001,6,Colombia,19.7295995960295,2001-06-01,20.353642970457937,-0.6240433744284353,-0.5155664528687588
tmin_mean,2001,7,Colombia,19.747135205112166,2001-07-01,20.034947468080176,-0.28781226296801066,-0.5010588121766443
tmin_mean,2001,8,Colombia,20.148295940180667,2001-08-01,20.21922858777368,-0.07093264759301476,-0.4734827103535106
tmin_mean,2001,9,Colombia,20.047843622083338,2001-09-01,20.449702757805014,-0.40185913572167564,-0.46893586655650105
tmin_mean,2001,10,Colombia,20.584284639253774,2001-10-01,20.604139727747874,-0.01985508849410067,-0.4357562112678061
tmin_mean,2001,11,Colombia,20.529620820623748,2001-11-01,20.660255325940607,-0.13063450531685916,-0.42577319405571207
tmin_mean,2001,12,Colombia,20.735569475592612,2001-12-01,20.5700567921155,0.165512683477111,-0.36488417890765285
tmin_mean,2002,1,Colombia,20.45219761623248,2002-01-01,20.66071265126624,-0.20851503503376279,-0.28888898036612104
tmin_mean,2002,2,Colombia,20.96708314777504,2002-02-01,21.0415406849781,-0.07445753720305959,-0.22674529214164085
tmin_mean,2002,3,Colombia,20.962915881240804,2002-03-01,21.081110353940094,-0.11819447269929029,-0.18960509300802286
tmin_mean,2002,4,Colombia,20.71011769396988,2002-04-01,20.973546507317618,-0.26342881334773693,-0.1846473929028445
tmin_mean,2002,5,Colombia,20.82207377148616,2002-05-01,20.780142232879218,0.0419315386069421,-0.1660240542268244
tmin_mean,2002,6,Colombia,20.081229173194856,2002-06-01,20.353642970457937,-0.2724137972630807,-0.13672158946304483
tmin_mean,2002,7,Colombia,20.13177358646275,2002-07-01,20.034947468080176,0.09682611838257316,-0.10466839101716285
tmin_mean,2002,8,Colombia,20.161571430784093,2002-08-01,20.21922858777368,-0.05765715698958829,-0.10356210013354399
tmin_mean,2002,9,Colombia,20.36354744142086,2002-09-01,20.449702757805014,-0.08615531638415419,-0.07725344852208386
tmin_mean,2002,10,Colombia,20.487602444619565,2002-10-01,20.604139727747874,-0.11653728312830935,-0.08531029807493458
tmin_mean,2002,11,Colombia,20.384351891306636,2002-11-01,20.660255325940607,-0.27590343463397105,-0.09741604218469391
tmin_mean,2002,12,Colombia,20.670426954687112,2002-12-01,20.5700567921155,0.10037016257161113,-0.10284458559348557
tmin_mean,2003,1,Colombia,21.06842332130396,2003-01-01,20.66071265126624,0.4077106700377193,-0.051492443504195386
tmin_mean,2003,2,Colombia,21.39931303558793,2003-02-01,21.0415406849781,0.3577723506098316,-0.015473286186454457
tmin_mean,2003,3,Colombia,21.13025633187294,2003-03-01,21.081110353940094,0.04914597793284514,-0.001528248633776504
tmin_mean,2003,4,Colombia,20.911188428681182,2003-04-01,20.973546507317618,-0.06235807863643572,0.015227645925498598
tmin_mean,2003,5,Colombia,20.65153119561709,2003-05-01,20.780142232879218,-0.12861103726212875,0.0010157646030760266
tmin_mean,2003,6,Colombia,20.1897417856598,2003-06-01,20.353642970457937,-0.16390118479813864,0.010058482308487863
tmin_mean,2003,7,Colombia,19.91690585961239,2003-07-01,20.034947468080176,-0.118041608467788,-0.007847161595708899
tmin_mean,2003,8,Colombia,20.09608590802841,2003-08-01,20.21922858777368,-0.12314267974527127,-0.013304288492015814
tmin_mean,2003,9,Colombia,20.284744463875985,2003-09-01,20.449702757805014,-0.16495829392902905,-0.019871203287422052
tmin_mean,2003,10,Colombia,20.60314947698006,2003-10-01,20.604139727747874,-0.0009902507678134498,-0.010242283924047394
tmin_mean,2003,11,Colombia,20.595284336750492,2003-11-01,20.660255325940607,-0.06497098919011535,0.00733541986294058
tmin_mean,2003,12,Colombia,20.476578976007982,2003-12-01,20.5700567921155,-0.09347781610751937,-0.008818578360320295
tmin_mean,2004,1,Colombia,20.65866066052489,2004-01-01,20.66071265126624,-0.002051990741350096,-0.04296546675857608
tmin_mean,2004,2,Colombia,21.00015666744643,2004-02-01,21.0415406849781,-0.041384017531669315,-0.07622849743703448
tmin_mean,2004,3,Colombia,21.164124165315513,2004-03-01,21.081110353940094,0.08301381137541952,-0.07340617798348663
tmin_mean,2004,4,Colombia,21.047232523372134,2004-04-01,20.973546507317618,0.0736860160545163,-0.062069170092573955
tmin_mean,2004,5,Colombia,20.63106435229174,2004-05-01,20.780142232879218,-0.14907788058747684,-0.06377474036968629
tmin_mean,2004,6,Colombia,19.982397528431715,2004-06-01,20.353642970457937,-0.3712454420262219,-0.08105342847202657
tmin_mean,2004,7,Colombia,19.75008980227035,2004-07-01,20.034947468080176,-0.2848576658098274,-0.09495476658386319
tmin_mean,2004,8,Colombia,19.98732273969577,2004-08-01,20.21922858777368,-0.23190584807791126,-0.10401836394491652
tmin_mean,2004,9,Colombia,20.160391872469198,2004-09-01,20.449702757805014,-0.2893108853358157,-0.11438107989548207
tmin_mean,2004,10,Colombia,20.534410857680598,2004-10-01,20.604139727747874,-0.06972887006727646,-0.12010929817043732
tmin_mean,2004,11,Colombia,20.60199433016927,2004-11-01,20.660255325940607,-0.05826099577133803,-0.11955013205220588
tmin_mean,2004,12,Colombia,20.463621197747994,2004-12-01,20.5700567921155,-0.10643559436750749,-0.1206299469072049
tmin_mean,2005,1,Colombia,20.82560981275006,2005-01-01,20.66071265126624,0.16489716148381817,-0.10671751755510754
tmin_mean,2005,2,Colombia,21.08293369277263,2005-02-01,21.0415406849781,0.041393007794532366,-0.09981943211125739
tmin_mean,2005,3,Colombia,21.30512561285848,2005-03-01,21.081110353940094,0.22401525891838503,-0.08806931148267694
tmin_mean,2005,4,Colombia,21.2305810452614,2005-04-01,20.973546507317618,0.25703453794378106,-0.07279026799190487
tmin_mean,2005,5,Colombia,20.865442199246118,2005-05-01,20.780142232879218,0.08529996636690029,-0.05325878074570678
tmin_mean,2005,6,Colombia,20.55750336309976,2005-06-01,20.353642970457937,0.20386039264182187,-0.005333294523369799
tmin_mean,2005,7,Colombia,20.138755923986928,2005-07-01,20.034947468080176,0.10380845590675136,0.027055548953011765
tmin_mean,2005,8,Colombia,20.34846521308251,2005-08-01,20.21922858777368,0.1292366253088275,0.05715075506857333
tmin_mean,2005,9,Colombia,20.528037130896504,2005-09-01,20.449702757805014,0.07833437309149005,0.08778785993751548
tmin_mean,2005,10,Colombia,20.61003150497221,2005-10-01,20.604139727747874,0.00589177722433476,0.09408958054514975
tmin_mean,2005,11,Colombia,20.57591628381172,2005-11-01,20.660255325940607,-0.08433904212888876,0.09191641001535385
tmin_mean,2005,12,Colombia,20.33374120416313,2005-12-01,20.5700567921155,-0.2363155879523724,0.08109307721661511
tmin_mean,2006,1,Colombia,20.433460875179623,2006-01-01,20.66071265126624,-0.22725177608661795,0.04841399908574543
tmin_mean,2006,2,Colombia,20.80247652161719,2006-02-01,21.0415406849781,-0.23906416336090786,0.025042568156125416
tmin_mean,2006,3,Colombia,20.853604694290084,2006-03-01,21.081110353940094,-0.22750565965001002,-0.012584175057907506
tmin_mean,2006,4,Colombia,20.76779446306536,2006-04-01,20.973546507317618,-0.20575204425225735,-0.05114972357424404
tmin_mean,2006,5,Colombia,20.384089228935693,2006-05-01,20.780142232879218,-0.39605300394352483,-0.0912624711001128
tmin_mean,2006,6,Colombia,20.18830997147586,2006-06-01,20.353642970457937,-0.16533299898207687,-0.12202858706877102
tmin_mean,2006,7,Colombia,20.191429562723275,2006-07-01,20.034947468080176,0.15648209464309915,-0.11763911717407538
tmin_mean,2006,8,Colombia,20.31900417657436,2006-08-01,20.21922858777368,0.0997755888006786,-0.12009420354975446
tmin_mean,2006,9,Colombia,20.377981368064088,2006-09-01,20.449702757805014,-0.0717213897409259,-0.13259885045245579
tmin_mean,2006,10,Colombia,20.909239138684285,2006-10-01,20.604139727747874,0.30509941093641046,-0.10766488097644948
tmin_mean,2006,11,Colombia,20.581801982760453,2006-11-01,20.660255325940607,-0.07845334318015418,-0.10717440606405493
tmin_mean,2006,12,Colombia,20.658546111133745,2006-12-01,20.5700567921155,0.08848931901824386,-0.08010733048317024
tmin_mean,2007,1,Colombia,21.253445048739398,2007-01-01,20.66071265126624,0.5927323974731564,-0.011775316019855708
tmin_mean,2007,2,Colombia,21.271487095359472,2007-02-01,21.0415406849781,0.2299464103813733,0.027308898458667723
tmin_mean,2007,3,Colombia,21.21005216077639,2007-03-01,21.081110353940094,0.12894180683629486,0.057012853999193126
tmin_mean,2007,4,Colombia,20.907964701384557,2007-04-01,20.973546507317618,-0.06558180593306062,0.06869370719245953
tmin_mean,2007,5,Colombia,20.669324865651653,2007-05-01,20.780142232879218,-0.11081736722756474,0.0924633435854562
tmin_mean,2007,6,Colombia,20.100768443158252,2007-06-01,20.353642970457937,-0.25287452729968507,0.08516821622565551
tmin_mean,2007,7,Colombia,20.032094984006797,2007-07-01,20.034947468080176,-0.0028524840733794576,0.07189033466594896
tmin_mean,2007,8,Colombia,20.111114006938337,2007-08-01,20.21922858777368,-0.10811458083534475,0.05456615386294702
tmin_mean,2007,9,Colombia,20.205671873488566,2007-09-01,20.449702757805014,-0.24403088431644804,0.04020702931498684
tmin_mean,2007,10,Colombia,20.390228995001785,2007-10-01,20.604139727747874,-0.21391073274608985,-0.003043815991888188
tmin_mean,2007,11,Colombia,20.49235440496819,2007-11-01,20.660255325940607,-0.16790092097241782,-0.010497780807910159
tmin_mean,2007,12,Colombia,20.28225318385127,2007-12-01,20.5700567921155,-0.28780360826423035,-0.041855524748116345
tmin_mean,2008,1,Colombia,20.374900123243435,2008-01-01,20.66071265126624,-0.2858125280228059,-0.11506760187277987
tmin_mean,2008,2,Colombia,20.586273841721102,2008-02-01,21.0415406849781,-0.4552668432569966,-0.17216870634264403
tmin_mean,2008,3,Colombia,20.5493353018086,2008-03-01,21.081110353940094,-0.5317750521314935,-0.22722844458995972
tmin_mean,2008,4,Colombia,20.701045258792465,2008-04-01,20.973546507317618,-0.27250124852515256,-0.24447173147263404
tmin_mean,2008,5,Colombia,20.31628153566373,2008-05-01,20.780142232879218,-0.4638606972154875,-0.27389200897162763
tmin_mean,2008,6,Colombia,20.087475033366744,2008-06-01,20.353642970457937,-0.26616793709119335,-0.27499979312092
tmin_mean,2008,7,Colombia,19.85567704226107,2008-07-01,20.034947468080176,-0.17927042581910513,-0.28970128826639713
tmin_mean,2008,8,Colombia,20.168511661507278,2008-08-01,20.21922858777368,-0.05071692626640356,-0.284918150385652
tmin_mean,2008,9,Colombia,20.382497686667218,2008-09-01,20.449702757805014,-0.06720507113779561,-0.2701826659540976
tmin_mean,2008,10,Colombia,20.50585985186314,2008-10-01,20.604139727747874,-0.09827987588473519,-0.2605467612156514
tmin_mean,2008,11,Colombia,20.66128046230849,2008-11-01,20.660255325940607,0.0010251363678825953,-0.24646958977062638
tmin_mean,2008,12,Colombia,20.403153688966757,2008-12-01,20.5700567921155,-0.16690310314874424,-0.2363945476776692
tmin_mean,2009,1,Colombia,20.525716767503877,2009-01-01,20.66071265126624,-0.1349958837623646,-0.2238264939892991
tmin_mean,2009,2,Colombia,20.696546192440753,2009-02-01,21.0415406849781,-0.3449944925373458,-0.2146371314293282
tmin_mean,2009,3,Colombia,20.76388281935434,2009-03-01,21.081110353940094,-0.31722753458575426,-0.19675817163384993
tmin_mean,2009,4,Colombia,20.85199312151826,2009-04-01,20.973546507317618,-0.12155338579935915,-0.18417918307336714
tmin_mean,2009,5,Colombia,20.632202678306438,2009-05-01,20.780142232879218,-0.14793955457277974,-0.15785242118647483
tmin_mean,2009,6,Colombia,20.340617584667285,2009-06-01,20.353642970457937,-0.013025385790651711,-0.13675720857809637
tmin_mean,2009,7,Colombia,20.19902381388942,2009-07-01,20.034947468080176,0.16407634580924224,-0.10814497760906742
tmin_mean,2009,8,Colombia,20.52828006232765,2009-08-01,20.21922858777368,0.30905147455396786,-0.07816427754070314
tmin_mean,2009,9,Colombia,20.804671740757115,2009-09-01,20.449702757805014,0.35496898295210144,-0.042983106366545044
tmin_mean,2009,10,Colombia,20.89437280463014,2009-10-01,20.604139727747874,0.2902330768822665,-0.010607026969294905
tmin_mean,2009,11,Colombia,21.207555646310606,2009-11-01,20.660255325940607,0.5473003203699989,0.034915905030881454
tmin_mean,2009,12,Colombia,21.05843826543643,2009-12-01,20.5700567921155,0.48838147332092774,0.08952295307002078
tmin_mean,2010,1,Colombia,21.041584645263715,2010-01-01,20.66071265126624,0.3808719939974736,0.13251194288334064
tmin_mean,2010,2,Colombia,22.113356411334088,2010-02-01,21.0415406849781,1.0718157263559895,0.2505794611244519
tmin_mean,2010,3,Colombia,21.84342749820461,2010-03-01,21.081110353940094,0.7623171442645145,0.34054151769530766
tmin_mean,2010,4,Colombia,21.549073094551513,2010-04-01,20.973546507317618,0.5755265872338953,0.39863151544807884
tmin_mean,2010,5,Colombia,21.339397790992162,2010-05-01,20.780142232879218,0.5592555581129446,0.4575644415052225
tmin_mean,2010,6,Colombia,20.659406906196676,2010-06-01,20.353642970457937,0.3057639357387387,0.4841302182993384
tmin_mean,2010,7,Colombia,20.257925583661958,2010-07-01,20.034947468080176,0.22297811558178182,0.4890386991137167
tmin_mean,2010,8,Colombia,20.40135388788848,2010-08-01,20.21922858777368,0.182125300114798,0.47846151791045255
tmin_mean,2010,9,Colombia,20.605960576029883,2010-09-01,20.449702757805014,0.15625781822486928,0.4619022541831832
tmin_mean,2010,10,Colombia,20.7532079156403,2010-10-01,20.604139727747874,0.14906818789242493,0.4501385134340297
tmin_mean,2010,11,Colombia,20.50962203933005,2010-11-01,20.660255325940607,-0.15063328661055664,0.3919773795189834
tmin_mean,2010,12,Colombia,20.316108480604196,2010-12-01,20.5700567921155,-0.25394831151130504,0.33011656411629736
tmin_mean,2011,1,Colombia,20.21854948608231,2011-01-01,20.66071265126624,-0.4421631651839313,0.2615303008511803
tmin_mean,2011,2,Colombia,20.744510045905624,2011-02-01,21.0415406849781,-0.2970306390724744,0.1474597703988083
tmin_mean,2011,3,Colombia,20.557712677151248,2011-03-01,21.081110353940094,-0.5233976767888464,0.04031686864436157
tmin_mean,2011,4,Colombia,20.578815934180266,2011-04-01,20.973546507317618,-0.3947305731373518,-0.04053789471990902
tmin_mean,2011,5,Colombia,20.634203537307787,2011-05-01,20.780142232879218,-0.1459386955714308,-0.0993040825269403
tmin_mean,2011,6,Colombia,20.436638501144323,2011-06-01,20.353642970457937,0.08299553068638588,-0.11786811628130305
tmin_mean,2011,7,Colombia,20.11672198699456,2011-07-01,20.034947468080176,0.08177451891438281,-0.12963508267025295
tmin_mean,2011,8,Colombia,20.276317302474226,2011-08-01,20.21922858777368,0.05708871470054433,-0.14005479812144075
tmin_mean,2011,9,Colombia,20.417114410296865,2011-09-01,20.449702757805014,-0.032588347508148985,-0.15579197859919228
tmin_mean,2011,10,Colombia,20.5063562019282,2011-10-01,20.604139727747874,-0.09778352581967553,-0.17636295474186733
tmin_mean,2011,11,Colombia,20.545756210733263,2011-11-01,20.660255325940607,-0.11449911520734446,-0.17335177379159963
tmin_mean,2011,12,Colombia,20.507719519462945,2011-12-01,20.5700567921155,-0.06233727265255595,-0.15738418722003722
tmin_mean,2012,1,Colombia,20.570370578554815,2012-01-01,20.66071265126624,-0.09034207271142591,-0.12806576284732843
tmin_mean,2012,2,Colombia,20.44723557194401,2012-02-01,21.0415406849781,-0.5943051130340891,-0.152838635677463
tmin_mean,2012,3,Colombia,20.636293273173045,2012-03-01,21.081110353940094,-0.4448170807670486,-0.14629025267564652
tmin_mean,2012,4,Colombia,20.591760417359392,2012-04-01,20.973546507317618,-0.3817860899582257,-0.14521154574405268
tmin_mean,2012,5,Colombia,20.506147815170085,2012-05-01,20.780142232879218,-0.27399441770913313,-0.15588285592219453
tmin_mean,2012,6,Colombia,20.184024976197897,2012-06-01,20.353642970457937,-0.1696179942600402,-0.17693398300106336
tmin_mean,2012,7,Colombia,20.035696812905687,2012-07-01,20.034947468080176,0.0007493448255111446,-0.18368608084180268
tmin_mean,2012,8,Colombia,20.13183089427902,2012-08-01,20.21922858777368,-0.08739769349466187,-0.19572661485806986
tmin_mean,2012,9,Colombia,20.342375478166783,2012-09-01,20.449702757805014,-0.10732727963823052,-0.20195485920224332
tmin_mean,2012,10,Colombia,20.63020198954135,2012-10-01,20.604139727747874,0.02606226179347715,-0.19163437690114726
tmin_mean,2012,11,Colombia,20.89609721304679,2012-11-01,20.660255325940607,0.23584188710618292,-0.16243929337501997
tmin_mean,2012,12,Colombia,20.781698637435948,2012-12-01,20.5700567921155,0.21164184532044672,-0.1396077002106031
tmin_mean,2013,1,Colombia,21.148869320179816,2013-01-01,20.66071265126624,0.48815666891357523,-0.09139947174185299
tmin_mean,2013,2,Colombia,21.268021095513404,2013-02-01,21.0415406849781,0.22648041053530577,-0.023000678111070094
tmin_mean,2013,3,Colombia,21.229603591924853,2013-03-01,21.081110353940094,0.14849323798475922,0.026441848451580558
tmin_mean,2013,4,Colombia,21.13873411965767,2013-04-01,20.973546507317618,0.16518761234005197,0.07202299030977037
tmin_mean,2013,5,Colombia,20.80241294833824,2013-05-01,20.780142232879218,0.022270715459022483,0.09671175140711667
tmin_mean,2013,6,Colombia,20.456104008501402,2013-06-01,20.353642970457937,0.10246103804346518,0.11938500409907545
tmin_mean,2013,7,Colombia,19.87444107820094,2013-07-01,20.034947468080176,-0.1605063898792345,0.10594702620701331
tmin_mean,2013,8,Colombia,20.12040151935725,2013-08-01,20.21922858777368,-0.09882706841642985,0.10499457829686598
tmin_mean,2013,9,Colombia,20.41380296456915,2013-09-01,20.449702757805014,-0.03589979323586334,0.11094686883039657
tmin_mean,2013,10,Colombia,20.56434256528365,2013-10-01,20.604139727747874,-0.039797162464225266,0.10545858347558805
tmin_mean,2013,11,Colombia,20.538857128249987,2013-11-01,20.660255325940607,-0.12139819769062044,0.07568857640918776
tmin_mean,2013,12,Colombia,20.565860644993666,2013-12-01,20.5700567921155,-0.0041961471218350255,0.05770207703899762
tmin_mean,2014,1,Colombia,20.878000498790854,2014-01-01,20.66071265126624,0.21728784752461294,0.03512967525658409
tmin_mean,2014,2,Colombia,21.341116380723374,2014-02-01,21.0415406849781,0.29957569574527554,0.04122094902408158
tmin_mean,2014,3,Colombia,21.050975458906134,2014-03-01,21.081110353940094,-0.030134895033960163,0.026335271272521627
tmin_mean,2014,4,Colombia,21.08020246869507,2014-04-01,20.973546507317618,0.10665596137745226,0.021457633692304984
tmin_mean,2014,5,Colombia,20.868271328584175,2014-05-01,20.780142232879218,0.0881290957049572,0.026945832046132878
tmin_mean,2014,6,Colombia,20.63497991342054,2014-06-01,20.353642970457937,0.2813369429626036,0.04185215745606108
tmin_mean,2014,7,Colombia,20.28003302162612,2014-07-01,20.034947468080176,0.24508555354594463,0.07565148607482601
tmin_mean,2014,8,Colombia,20.21062818269861,2014-08-01,20.21922858777368,-0.008600405075071649,0.08317037468660586
tmin_mean,2014,9,Colombia,20.52337050272585,2014-09-01,20.449702757805014,0.0736677449208365,0.09230100286633085
tmin_mean,2014,10,Colombia,20.631692065699767,2014-10-01,20.604139727747874,0.02755233795189227,0.09791346123434064
tmin_mean,2014,11,Colombia,20.783747265956425,2014-11-01,20.660255325940607,0.12349194001581765,0.11832097270987714
tmin_mean,2014,12,Colombia,20.70490679888145,2014-12-01,20.5700567921155,0.13485000676594794,0.12990815220052573
tmin_mean,2015,1,Colombia,20.580228970169767,2015-01-01,20.66071265126624,-0.08048368109647441,0.10509385814876844
tmin_mean,2015,2,Colombia,20.942900641055164,2015-02-01,21.0415406849781,-0.09864004392293424,0.07190921317641763
tmin_mean,2015,3,Colombia,21.27695393340793,2015-03-01,21.081110353940094,0.19584357946783726,0.09074075271823408
tmin_mean,2015,4,Colombia,21.008191153610596,2015-04-01,20.973546507317618,0.034644646292978365,0.08473980979452793
tmin_mean,2015,5,Colombia,21.02642769418288,2015-05-01,20.780142232879218,0.24628546130366047,0.0979195069277532
tmin_mean,2015,6,Colombia,20.669090728452748,2015-06-01,20.353642970457937,0.31544775799481073,0.1007620748471038
tmin_mean,2015,7,Colombia,20.51289020353741,2015-07-01,20.034947468080176,0.4779427354572334,0.12016684000637785
tmin_mean,2015,8,Colombia,20.82365917461052,2015-08-01,20.21922858777368,0.6044305868368376,0.17125275599903697
tmin_mean,2015,9,Colombia,21.135561566376175,2015-09-01,20.449702757805014,0.6858588085711617,0.22226867796989738
tmin_mean,2015,10,Colombia,21.270830422459102,2015-10-01,20.604139727747874,0.6666906947112281,0.27553020769984204
tmin_mean,2015,11,Colombia,21.124933167702125,2015-11-01,20.660255325940607,0.4646778417615174,0.30396236617865036
tmin_mean,2015,12,Colombia,21.144695247899367,2015-12-01,20.5700567921155,0.574638455783866,0.3406114035968102
tmin_mean,2016,1,Colombia,21.784895384001675,2016-01-01,20.66071265126624,1.1241827327354343,0.4410002714161359
tmin_mean,2016,2,Colombia,22.267838740097137,2016-02-01,21.0415406849781,1.226298055119038,0.5514117796696336
tmin_mean,2016,3,Colombia,22.32158447082106,2016-03-01,21.081110353940094,1.2404741168809643,0.6384643244540609
tmin_mean,2016,4,Colombia,21.76030415118759,2016-04-01,20.973546507317618,0.7867576438699722,0.701140407585477
tmin_mean,2016,5,Colombia,21.29170486910029,2016-05-01,20.780142232879218,0.5115626362210719,0.7232468388285946
tmin_mean,2016,6,Colombia,20.497101436719014,2016-06-01,20.353642970457937,0.14345846626107672,0.7089143978507835
tmin_mean,2016,7,Colombia,20.27941426473171,2016-07-01,20.034947468080176,0.24446679665153326,0.6894580696169751
tmin_mean,2016,8,Colombia,20.659908543279958,2016-08-01,20.21922858777368,0.44067995550627614,0.6758121836727616
tmin_mean,2016,9,Colombia,20.61286130099175,2016-09-01,20.449702757805014,0.16315854318673573,0.6322538282240595
tmin_mean,2016,10,Colombia,21.001198524105885,2016-10-01,20.604139727747874,0.3970587963580101,0.6097845033612913
tmin_mean,2016,11,Colombia,21.023791784845805,2016-11-01,20.660255325940607,0.36353645890519815,0.6013560547899314
tmin_mean,2016,12,Colombia,20.76087645459315,2016-12-01,20.5700567921155,0.19081966247764726,0.5693711553477465
tmin_mean,2017,1,Colombia,20.492712556923625,2017-01-01,20.66071265126624,-0.16800009434261653,0.46168925309124226
tmin_mean,2017,2,Colombia,21.07984474200051,2017-02-01,21.0415406849781,0.0383040570224118,0.36268975324985675
tmin_mean,2017,3,Colombia,21.115026259181725,2017-03-01,21.081110353940094,0.03391590524163135,0.26214323561324565
tmin_mean,2017,4,Colombia,21.188310212637724,2017-04-01,20.973546507317618,0.2147637053201059,0.21447707406742347
tmin_mean,2017,5,Colombia,21.08006061086882,2017-05-01,20.780142232879218,0.2999183779896022,0.19684005254813433
tmin_mean,2017,6,Colombia,20.722977121872248,2017-06-01,20.353642970457937,0.3693341514143107,0.21566302631090384
tmin_mean,2017,7,Colombia,20.27636316801703,2017-07-01,20.034947468080176,0.24141569993685508,0.21540876825134733
tmin_mean,2017,8,Colombia,20.63767779294918,2017-08-01,20.21922858777368,0.41844920517549866,0.21355620572378253
tmin_mean,2017,9,Colombia,20.965566933496984,2017-09-01,20.449702757805014,0.51586417569197,0.2429483417658854
tmin_mean,2017,10,Colombia,20.946851861792446,2017-10-01,20.604139727747874,0.34271213404457157,0.23841945323976552
tmin_mean,2017,11,Colombia,20.958989773001996,2017-11-01,20.660255325940607,0.2987344470613884,0.2330192855861147
tmin_mean,2017,12,Colombia,20.899796695149966,2017-12-01,20.5700567921155,0.329739903034465,0.24459597229918284
tmin_mean,2018,1,Colombia,20.445276029954787,2018-01-01,20.66071265126624,-0.21543662131145425,0.24064292838511303
tmin_mean,2018,2,Colombia,21.369146156158095,2018-02-01,21.0415406849781,0.3276054711799965,0.26475137956491174
tmin_mean,2018,3,Colombia,21.350587372425718,2018-03-01,21.081110353940094,0.2694770184856239,0.28438147233524447
tmin_mean,2018,4,Colombia,20.769354613674263,2018-04-01,20.973546507317618,-0.20419189364335466,0.24946850575495608
tmin_mean,2018,5,Colombia,20.66484086412211,2018-05-01,20.780142232879218,-0.11530136875710895,0.21486686019273016
tmin_mean,2018,6,Colombia,20.26598578476322,2018-06-01,20.353642970457937,-0.08765718569471659,0.17678424876697788
tmin_mean,2018,7,Colombia,20.223410544852488,2018-07-01,20.034947468080176,0.18846307677231167,0.1723715301699326
tmin_mean,2018,8,Colombia,20.116018357040918,2018-08-01,20.21922858777368,-0.10321023073276336,0.12889991051091076
tmin_mean,2018,9,Colombia,20.668812325081817,2018-09-01,20.449702757805014,0.21910956727680286,0.10417035980964684
tmin_mean,2018,10,Colombia,20.947096272114084,2018-10-01,20.604139727747874,0.3429565443662099,0.10419072733645003
tmin_mean,2018,11,Colombia,21.171520605211402,2018-11-01,20.660255325940607,0.5112652792707948,0.12190163002056724
tmin_mean,2018,12,Colombia,20.469395782064787,2018-12-01,20.5700567921155,-0.1006610100507146,0.08603488726346893
tmin_mean,2019,1,Colombia,21.128477881483356,2019-01-01,20.66071265126624,0.4677652302171147,0.14296837489084968
tmin_mean,2019,2,Colombia,21.711952388795968,2019-02-01,21.0415406849781,0.6704117038178694,0.17153556094400577
tmin_mean,2019,3,Colombia,21.72478777926171,2019-03-01,21.081110353940094,0.6436774253216164,0.20271892818033846
tmin_mean,2019,4,Colombia,21.494691231619054,2019-04-01,20.973546507317618,0.5211447243014362,0.26316364634240436
tmin_mean,2019,5,Colombia,21.22433731431729,2019-05-01,20.780142232879218,0.44419508143807107,0.30978835052533604
tmin_mean,2019,6,Colombia,20.865665558595666,2019-06-01,20.353642970457937,0.5120225881377287,0.35976166501137313
tmin_mean,2019,7,Colombia,20.336232314173515,2019-07-01,20.034947468080176,0.3012848460933384,0.3691634791214587
tmin_mean,2019,8,Colombia,20.381864352817068,2019-08-01,20.21922858777368,0.16263576504338673,0.39131731210280457
tmin_mean,2019,9,Colombia,21.05010985666118,2019-09-01,20.449702757805014,0.6004070988561665,0.42309210640108486
tmin_mean,2019,10,Colombia,20.649420670161675,2019-10-01,20.604139727747874,0.04528094241380032,0.39828580623838405
tmin_mean,2019,11,Colombia,21.02399104421164,2019-11-01,20.660255325940607,0.3637357182710339,0.38599167615507063
tmin_mean,2019,12,Colombia,21.199272093147496,2019-12-01,20.5700567921155,0.6292153010319943,0.4468147020786297
tmin_mean,2020,1,Colombia,21.12782681971822,2020-01-01,20.66071265126624,0.4671141684519782,0.446760446931535
tmin_mean,2020,2,Colombia,21.830725732612137,2020-02-01,21.0415406849781,0.7891850476340387,0.45665822558288244
tmin_mean,2020,3,Colombia,21.95751313296701,2020-03-01,21.081110353940094,0.8764027790269147,0.47605200505832396
tmin_mean,2020,4,Colombia,21.52564921353239,2020-04-01,20.973546507317618,0.5521027062147716,0.4786318368844353
tmin_mean,2020,5,Colombia,21.43210244499778,2020-05-01,20.780142232879218,0.6519602121185635,0.4959455977744763
tmin_mean,2020,6,Colombia,20.834385240761268,2020-06-01,20.353642970457937,0.48074227030333105,0.49333890462160984
tmin_mean,2020,7,Colombia,20.45284011395288,2020-07-01,20.034947468080176,0.4178926458727048,0.5030562212698904
tmin_mean,2020,8,Colombia,20.660758514221175,2020-08-01,20.21922858777368,0.4415299264474939,0.5262974013868993
tmin_mean,2020,9,Colombia,20.76582679954342,2020-09-01,20.449702757805014,0.316124041738405,0.5026071466270858
tmin_mean,2020,10,Colombia,20.932943088210354,2020-10-01,20.604139727747874,0.32880336046248004,0.5262340147978092
tmin_mean,2020,11,Colombia,20.861586595380977,2020-11-01,20.660255325940607,0.20133126944037016,0.5127003107285871
tmin_mean,2020,12,Colombia,20.612765222972204,2020-12-01,20.5700567921155,0.042708430856702506,0.4638247382139795
tmin_mean,2021,1,Colombia,20.37351997849649,2021-01-01,20.66071265126624,-0.287192672769752,0.40096583477883535
tmin_mean,2021,2,Colombia,21.58790713856796,2021-02-01,21.0415406849781,0.5463664535898616,0.38073095194182055
tmin_mean,2021,3,Colombia,20.863943929604137,2021-03-01,21.081110353940094,-0.21716642433595723,0.2896001849949146
tmin_mean,2021,4,Colombia,20.898346693326296,2021-04-01,20.973546507317618,-0.07519981399132192,0.2373249749777401
tmin_mean,2021,5,Colombia,20.751995813367397,2021-05-01,20.780142232879218,-0.028146419511820397,0.18064942234187478
tmin_mean,2021,6,Colombia,20.394339462666043,2021-06-01,20.353642970457937,0.040696492208105894,0.14397894083393936
tmin_mean,2021,7,Colombia,20.090610136075902,2021-07-01,20.034947468080176,0.05566266799572617,0.11379310934419114
tmin_mean,2021,8,Colombia,20.455302224583345,2021-08-01,20.21922858777368,0.23607363680966387,0.09667175187437198
tmin_mean,2021,9,Colombia,20.55428392297126,2021-09-01,20.449702757805014,0.10458116516624472,0.07904317882669194
tmin_mean,2021,10,Colombia,20.958495707137264,2021-10-01,20.604139727747874,0.3543559793893891,0.08117256373726771
tmin_mean,2021,11,Colombia,20.762556881939222,2021-11-01,20.660255325940607,0.1023015559986149,0.07292008761712143
tmin_mean,2021,12,Colombia,21.196167677738206,2021-12-01,20.5700567921155,0.6261108856227047,0.12153695884762161
tmin_mean,2022,1,Colombia,20.72318405638105,2022-01-01,20.66071265126624,0.06247140511480964,0.1506756320046684
tmin_mean,2022,2,Colombia,20.966395635157987,2022-02-01,21.0415406849781,-0.07514504982011161,0.09888300672050399
tmin_mean,2022,3,Colombia,20.97097392281364,2022-03-01,21.081110353940094,-0.11013643112645255,0.10780217282129605
tmin_mean,2022,4,Colombia,20.95371084282323,2022-04-01,20.973546507317618,-0.019835664494387117,0.1124158519460406
tmin_mean,2022,5,Colombia,20.66942662976898,2022-05-01,20.780142232879218,-0.11071560311023632,0.10553508664617262
tmin_mean,2022,6,Colombia,20.030491577661785,2022-06-01,20.353642970457937,-0.32315139279615224,0.07521442956248443
tmin_mean,2022,7,Colombia,20.2906801732295,2022-07-01,20.034947468080176,0.2557327051493239,0.09188693265861758
tmin_mean,2022,8,Colombia,20.17070263874623,2022-08-01,20.21922858777368,-0.04852594902745011,0.06817030050552475
tmin_mean,2022,9,Colombia,20.557033027584794,2022-09-01,20.449702757805014,0.10733026977978,0.06839939255665269
tmin_mean,2022,10,Colombia,20.74886201070809,2022-10-01,20.604139727747874,0.14472228296021683,0.050929917854221664
tmin_mean,2022,11,Colombia,20.42760176566095,2022-11-01,20.660255325940607,-0.23265356027965822,0.023016991497698907
tmin_mean,2022,12,Colombia,20.19983657062701,2022-12-01,20.5700567921155,-0.3702202214884913,-0.060010600761567424
tmin_mean,2023,1,Colombia,20.124183287851043,2023-01-01,20.66071265126624,-0.5365293634151982,-0.10992733147240141
tmin_mean,2023,2,Colombia,20.857288070227693,2023-02-01,21.0415406849781,-0.184252614750406,-0.11901962854992594
tmin_mean,2023,3,Colombia,20.97479367941727,2023-03-01,21.081110353940094,-0.10631667452282301,-0.11870131549962348
tmin_mean,2023,4,Colombia,21.131097881800486,2023-04-01,20.973546507317618,0.1575513744828676,-0.10391906225151892
tmin_mean,2023,5,Colombia,21.41337445701479,2023-05-01,20.780142232879218,0.6332322241355719,-0.04192340998103491
tmin_mean,2023,6,Colombia,20.871561729393804,2023-06-01,20.353642970457937,0.5179187589358669,0.02816576932996669
tmin_mean,2023,7,Colombia,21.001158525249895,2023-07-01,20.034947468080176,0.9662110571697191,0.08737229866499963
tmin_mean,2023,8,Colombia,21.24520595569869,2023-08-01,20.21922858777368,1.0259773679250088,0.1769142417443712
tmin_mean,2023,9,Colombia,21.584034045777067,2023-09-01,20.449702757805014,1.1343312879720528,0.2624976599270606
tmin_mean,2023,10,Colombia,21.904399963730125,2023-10-01,20.604139727747874,1.3002602359822504,0.3587924893455634
tmin_mean,2023,11,Colombia,21.65598243281863,2023-11-01,20.660255325940607,0.9957271068780216,0.4611575449420367
tmin_mean,2023,12,Colombia,21.69799564031162,2023-12-01,20.5700567921155,1.12793884819612,0.586004134082421
tmin_mean,2024,1,Colombia,21.617817933340888,2024-01-01,20.66071265126624,0.9571052820746466,0.7104736878732414
tmin_mean,2024,2,Colombia,21.96149988715173,2024-02-01,21.0415406849781,0.9199592021736329,0.802491339283578
tmin_mean,2024,3,Colombia,22.51598619041348,2024-03-01,21.081110353940094,1.4348758364733847,0.9309240485332619
tmin_mean,2024,4,Colombia,22.124358837977265,2024-04-01,20.973546507317618,1.1508123306596474,1.013695794881327
tmin_mean,2024,5,Colombia,21.880219865209384,2024-05-01,20.780142232879218,1.1000776323301658,1.052599578897543
tmin_mean,2024,6,Colombia,21.188713913739786,2024-06-01,20.353642970457937,0.835070943281849,1.0790289275930416
tmin_mean,2024,7,Colombia,20.880019208511076,2024-07-01,20.034947468080176,0.8450717404308996,1.0689339845314734
tmin_mean,2024,8,Colombia,20.92772637995427,2024-08-01,20.21922858777368,0.7084977921805873,1.0424773532194382
tmin_mean,2024,9,Colombia,21.652075430840558,2024-09-01,20.449702757805014,1.2023726730355442,1.0481474686413959
tmin_mean,2024,10,Colombia,21.61315988517246,2024-10-01,20.604139727747874,1.0090201574245867,1.0238774620949238
tmin_mean,2024,11,Colombia,21.293786415443364,2024-11-01,20.660255325940607,0.6335310895027568,0.9936944606469851
tmin_mean,2024,12,Colombia,21.259217729730725,2024-12-01,20.5700567921155,0.6891609376152239,0.9571296347652437
tmin_mean,2025,1,Colombia,20.7012099791993,2025-01-01,20.66071265126624,0.04049732793306049,0.8807456385867782
tmin_mean,2025,2,Colombia,21.347776197988136,2025-02-01,21.0415406849781,0.30623551301003715,0.8296019978231453
tmin_mean,2025,3,Colombia,21.378164811264604,2025-03-01,21.081110353940094,0.29705445732450997,0.734783549560739
tmin_mean,2025,4,Colombia,21.352010706601053,2025-04-01,20.973546507317618,0.3784641992834352,0.670421205279388
tmin_mean,2025,5,Colombia,21.05810674216232,2025-05-01,20.780142232879218,0.2779645092831018,0.6019117783587994
tmin_mean,2025,6,Colombia,20.585198641043224,2025-06-01,20.353642970457937,0.23155567058528703,0.5516188389674191
tmin_mean,2025,7,Colombia,20.288726380893255,2025-07-01,20.034947468080176,0.25377891281307896,0.5023444366659341
tmin_mean,2025,8,Colombia,20.44704080625005,2025-08-01,20.21922858777368,0.22781221847636957,0.462287305523916
tmin_mean,2025,9,Colombia,20.726300757867854,2025-09-01,20.449702757805014,0.2765980000628403,0.385139416109524
tmin_mean,2025,10,Colombia,20.792805693226732,2025-10-01,20.604139727747874,0.18866596547885806,0.31677656678071325
tmin_mean,2025,11,Colombia,21.069755416691887,2025-11-01,20.660255325940607,0.4095000907512798,0.29810731688475683
tmin_mean,2025,12,Colombia,20.991309569538352,2025-12-01,20.5700567921155,0.4212527774228505,0.27578163686872575
tmin_mean,2026,1,Colombia,20.9813594446414,2026-01-01,20.66071265126624,0.32064679337515756,0.29912742565556716
tmin_mean,2026,2,Colombia,20.946488930499534,2026-02-01,21.0415406849781,-0.09505175447856473,0.265686820031517
tmin_mean,2026,3,Colombia,21.678860357503464,2026-03-01,21.081110353940094,0.5977500035633696,0.29074478221808864
tmin_mean,1991,1,Orinoquia,22.443944032996296,1991-01-01,22.354293184450306,0.0896508485459897,
tmin_mean,1991,2,Orinoquia,22.96145077779801,1991-02-01,22.992255981758515,-0.030805203960504457,
tmin_mean,1991,3,Orinoquia,22.30126489731653,1991-03-01,22.81421790795242,-0.5129530106358899,
tmin_mean,1991,4,Orinoquia,22.04454521728808,1991-04-01,22.397261141956445,-0.35271592466836665,
tmin_mean,1991,5,Orinoquia,22.070897534230333,1991-05-01,22.06032093502071,0.010576599209624504,
tmin_mean,1991,6,Orinoquia,21.837887474893915,1991-06-01,21.51912241307858,0.31876506181533415,
tmin_mean,1991,7,Orinoquia,20.954729957375744,1991-07-01,21.144555997249924,-0.18982603987418045,
tmin_mean,1991,8,Orinoquia,21.020532909817568,1991-08-01,21.422523254941023,-0.4019903451234548,
tmin_mean,1991,9,Orinoquia,21.413726509663007,1991-09-01,21.767587521539376,-0.35386101187636854,
tmin_mean,1991,10,Orinoquia,21.27506162069511,1991-10-01,22.008634206004967,-0.733572585309858,
tmin_mean,1991,11,Orinoquia,21.671827655296845,1991-11-01,22.09544753308439,-0.4236198777875444,
tmin_mean,1991,12,Orinoquia,21.95862055318452,1991-12-01,22.005084313566524,-0.04646376038200373,-0.21890127083726854
tmin_mean,1992,1,Orinoquia,22.15183807546436,1992-01-01,22.354293184450306,-0.20245510898594432,-0.24324343396492973
tmin_mean,1992,2,Orinoquia,23.66344446683293,1992-02-01,22.992255981758515,0.671188485074417,-0.18474395987868628
tmin_mean,1992,3,Orinoquia,22.89676071257823,1992-03-01,22.81421790795242,0.0825428046258132,-0.13511930860687768
tmin_mean,1992,4,Orinoquia,22.681905009794725,1992-04-01,22.397261141956445,0.28464386783828033,-0.08200599256465708
tmin_mean,1992,5,Orinoquia,22.32516819216243,1992-05-01,22.06032093502071,0.26484725714172086,-0.060816771070315724
tmin_mean,1992,6,Orinoquia,21.622993015893343,1992-06-01,21.51912241307858,0.10387060281476224,-0.07872464265369672
tmin_mean,1992,7,Orinoquia,20.652834775831916,1992-07-01,21.144555997249924,-0.49172122141800756,-0.10388257444901565
tmin_mean,1992,8,Orinoquia,21.061597157650567,1992-08-01,21.422523254941023,-0.36092609729045577,-0.10046055379626573
tmin_mean,1992,9,Orinoquia,21.28482675072546,1992-09-01,21.767587521539376,-0.4827607708139148,-0.11120220037439459
tmin_mean,1992,10,Orinoquia,21.601417198803688,1992-10-01,22.008634206004967,-0.40721700720127885,-0.08400590219867965
tmin_mean,1992,11,Orinoquia,21.667045827826062,1992-11-01,22.09544753308439,-0.4284017052583273,-0.08440438782124489
tmin_mean,1992,12,Orinoquia,21.779969669516504,1992-12-01,22.005084313566524,-0.22511464405002002,-0.09929196146024626
tmin_mean,1993,1,Orinoquia,21.871460089592453,1993-01-01,22.354293184450306,-0.48283309485785253,-0.1226567936162386
tmin_mean,1993,2,Orinoquia,22.250927694318065,1993-02-01,22.992255981758515,-0.7413282874404494,-0.24036652465914413
tmin_mean,1993,3,Orinoquia,21.80527662134714,1993-03-01,22.81421790795242,-1.0089412866052783,-0.3313235322617351
tmin_mean,1993,4,Orinoquia,22.11121726758164,1993-04-01,22.397261141956445,-0.28604387437480483,-0.3788808441128255
tmin_mean,1993,5,Orinoquia,22.110211201664615,1993-05-01,22.06032093502071,0.0498902666439065,-0.39679392665431007
tmin_mean,1993,6,Orinoquia,21.492913526302633,1993-06-01,21.51912241307858,-0.02620888677594735,-0.4076338841202025
tmin_mean,1993,7,Orinoquia,21.03272470152529,1993-07-01,21.144555997249924,-0.11183129572463457,-0.3759763903124214
tmin_mean,1993,8,Orinoquia,21.107567254349853,1993-08-01,21.422523254941023,-0.31495600059117024,-0.3721455489208143
tmin_mean,1993,9,Orinoquia,21.432872203082297,1993-09-01,21.767587521539376,-0.3347153184570786,-0.359808427891078
tmin_mean,1993,10,Orinoquia,21.711013393739677,1993-10-01,22.008634206004967,-0.2976208122652899,-0.3506754116464122
tmin_mean,1993,11,Orinoquia,21.888697731864504,1993-11-01,22.09544753308439,-0.2067498012198854,-0.33220441964320874
tmin_mean,1993,12,Orinoquia,21.3676204680607,1993-12-01,22.005084313566524,-0.6374638455058239,-0.366566853097859
tmin_mean,1994,1,Orinoquia,22.50721061097867,1994-01-01,22.354293184450306,0.15291742652836504,-0.31358764298234093
tmin_mean,1994,2,Orinoquia,22.977322538676507,1994-02-01,22.992255981758515,-0.014933443082007614,-0.2530547392858041
tmin_mean,1994,3,Orinoquia,22.221733968465276,1994-03-01,22.81421790795242,-0.592483939487142,-0.21834996035929274
tmin_mean,1994,4,Orinoquia,22.039920735428726,1994-04-01,22.397261141956445,-0.3573404065277188,-0.22429133803870224
tmin_mean,1994,5,Orinoquia,21.904456242159792,1994-05-01,22.06032093502071,-0.15586469286091642,-0.24143758466410414
tmin_mean,1994,6,Orinoquia,21.24697153776521,1994-06-01,21.51912241307858,-0.2721508753133719,-0.2619327503755562
tmin_mean,1994,7,Orinoquia,20.661282750006446,1994-07-01,21.144555997249924,-0.48327324724347775,-0.2928862463354598
tmin_mean,1994,8,Orinoquia,21.069723294585003,1994-08-01,21.422523254941023,-0.3527999603560197,-0.29603990964919724
tmin_mean,1994,9,Orinoquia,21.530958077926,1994-09-01,21.767587521539376,-0.23662944361337424,-0.2878660867455552
tmin_mean,1994,10,Orinoquia,21.65306669339276,1994-10-01,22.008634206004967,-0.35556751261220754,-0.2926949784411317
tmin_mean,1994,11,Orinoquia,21.82217629881787,1994-11-01,22.09544753308439,-0.2732712342665202,-0.2982384311950179
tmin_mean,1994,12,Orinoquia,21.837406544485898,1994-12-01,22.005084313566524,-0.16767776908062615,-0.2590895914929181
tmin_mean,1995,1,Orinoquia,21.59996611911651,1995-01-01,22.354293184450306,-0.754327065333797,-0.33469329914809826
tmin_mean,1995,2,Orinoquia,22.69557703385472,1995-02-01,22.992255981758515,-0.29667894790379634,-0.35817209121658067
tmin_mean,1995,3,Orinoquia,22.659312955229517,1995-03-01,22.81421790795242,-0.1549049527229016,-0.321707175652894
tmin_mean,1995,4,Orinoquia,22.83265239638333,1995-04-01,22.397261141956445,0.43539125442688587,-0.2556462039066769
tmin_mean,1995,5,Orinoquia,22.11918309259174,1995-05-01,22.06032093502071,0.058862157571031304,-0.2377522997040146
tmin_mean,1995,6,Orinoquia,21.631922084331322,1995-06-01,21.51912241307858,0.11279967125274126,-0.20567308749017185
tmin_mean,1995,7,Orinoquia,21.25103560881043,1995-07-01,21.144555997249924,0.10647961156050556,-0.15652701592317322
tmin_mean,1995,8,Orinoquia,21.731676259477847,1995-08-01,21.422523254941023,0.3091530045368245,-0.10136426884876955
tmin_mean,1995,9,Orinoquia,21.88713323813685,1995-09-01,21.767587521539376,0.11954571659747515,-0.07168300549786544
tmin_mean,1995,10,Orinoquia,21.878416805074554,1995-10-01,22.008634206004967,-0.13021740093041245,-0.052903829524382516
tmin_mean,1995,11,Orinoquia,21.84725391671877,1995-11-01,22.09544753308439,-0.24819361636561865,-0.050814028032640714
tmin_mean,1995,12,Orinoquia,22.157168163269965,1995-12-01,22.005084313566524,0.15208384970344113,-0.024167226467301777
tmin_mean,1996,1,Orinoquia,22.001919700736806,1996-01-01,22.354293184450306,-0.3523734837134995,0.009328905334389681
tmin_mean,1996,2,Orinoquia,22.04963583135563,1996-02-01,22.992255981758515,-0.9426201504028846,-0.04449952820720101
tmin_mean,1996,3,Orinoquia,22.884988189653573,1996-03-01,22.81421790795242,0.0707702817011544,-0.025693258671863006
tmin_mean,1996,4,Orinoquia,22.39286721801311,1996-04-01,22.397261141956445,-0.004393923943336375,-0.062342023536048195
tmin_mean,1996,5,Orinoquia,21.77071511565686,1996-05-01,22.06032093502071,-0.28960581936384955,-0.09138102161395494
tmin_mean,1996,6,Orinoquia,21.377741803220594,1996-06-01,21.51912241307858,-0.14138060985798617,-0.11256271170651555
tmin_mean,1996,7,Orinoquia,20.89817393803266,1996-07-01,21.144555997249924,-0.24638205921726453,-0.14196785093799638
tmin_mean,1996,8,Orinoquia,21.185551160012604,1996-08-01,21.422523254941023,-0.23697209492841864,-0.18747827589343333
tmin_mean,1996,9,Orinoquia,21.54398170301744,1996-09-01,21.767587521539376,-0.22360581852193562,-0.21607423715338422
tmin_mean,1996,10,Orinoquia,21.729425604898477,1996-10-01,22.008634206004967,-0.2792086011064896,-0.22849017050139064
tmin_mean,1996,11,Orinoquia,21.81762716319832,1996-11-01,22.09544753308439,-0.2778203698860686,-0.23095906662809482
tmin_mean,1996,12,Orinoquia,21.368266435524646,1996-12-01,22.005084313566524,-0.6368178780418781,-0.29670087727353806
tmin_mean,1997,1,Orinoquia,22.136640435608722,1997-01-01,22.354293184450306,-0.2176527488415836,-0.28547414936754506
tmin_mean,1997,2,Orinoquia,22.00082799289306,1997-02-01,22.992255981758515,-0.9914279888654534,-0.2895414692394258
tmin_mean,1997,3,Orinoquia,22.297055445965345,1997-03-01,22.81421790795242,-0.5171624619870734,-0.33853586454677814
tmin_mean,1997,4,Orinoquia,22.235664652281212,1997-04-01,22.397261141956445,-0.1615964896752331,-0.3516360783577695
tmin_mean,1997,5,Orinoquia,21.694446972097698,1997-05-01,22.06032093502071,-0.3658739629230112,-0.35799175698769964
tmin_mean,1997,6,Orinoquia,21.603954109380272,1997-06-01,21.51912241307858,0.0848316963016913,-0.3391407314743932
tmin_mean,1997,7,Orinoquia,21.274707097483933,1997-07-01,21.144555997249924,0.13015110023400922,-0.30776296818678706
tmin_mean,1997,8,Orinoquia,21.33006509281284,1997-08-01,21.422523254941023,-0.0924581621281817,-0.295720140453434
tmin_mean,1997,9,Orinoquia,21.995455248592677,1997-09-01,21.767587521539376,0.22786772705330094,-0.2580973449888309
tmin_mean,1997,10,Orinoquia,22.532121696879994,1997-10-01,22.008634206004967,0.5234874908750271,-0.19120600399037121
tmin_mean,1997,11,Orinoquia,22.3477457531996,1997-11-01,22.09544753308439,0.2522982201152111,-0.1470294548235979
tmin_mean,1997,12,Orinoquia,22.29800187118596,1997-12-01,22.005084313566524,0.29291755761943605,-0.06955150185182173
tmin_mean,1998,1,Orinoquia,23.281363820160283,1998-01-01,22.354293184450306,0.9270706357099776,0.025842113527475046
tmin_mean,1998,2,Orinoquia,23.470700678560206,1998-02-01,22.992255981758515,0.47844469680169155,0.14833150399973713
tmin_mean,1998,3,Orinoquia,23.529408574257218,1998-03-01,22.81421790795242,0.7151906663047995,0.2510275980240599
tmin_mean,1998,4,Orinoquia,23.217493988524176,1998-04-01,22.397261141956445,0.8202328465677304,0.33284670937764016
tmin_mean,1998,5,Orinoquia,22.605505132471468,1998-05-01,22.06032093502071,0.5451841974507587,0.408768222742121
tmin_mean,1998,6,Orinoquia,21.623824978491953,1998-06-01,21.51912241307858,0.10470256541337264,0.4104241285014278
tmin_mean,1998,7,Orinoquia,21.349991180957623,1998-07-01,21.144555997249924,0.2054351837076993,0.4166978021242353
tmin_mean,1998,8,Orinoquia,21.827173299915145,1998-08-01,21.422523254941023,0.4046500449741224,0.45812348604942726
tmin_mean,1998,9,Orinoquia,21.87888765185092,1998-09-01,21.767587521539376,0.11130013031154462,0.44840951965428094
tmin_mean,1998,10,Orinoquia,22.044660160395537,1998-10-01,22.008634206004967,0.03602595439057055,0.40778772494724286
tmin_mean,1998,11,Orinoquia,22.07353999771203,1998-11-01,22.09544753308439,-0.021907535372360343,0.3849372453232786
tmin_mean,1998,12,Orinoquia,21.848114361584663,1998-12-01,22.005084313566524,-0.1569699519818606,0.3474466195231705
tmin_mean,1999,1,Orinoquia,21.847163835825494,1999-01-01,22.354293184450306,-0.5071293486248116,0.2279299541619381
tmin_mean,1999,2,Orinoquia,21.970486527804713,1999-02-01,22.992255981758515,-1.0217694539538016,0.102912108265647
tmin_mean,1999,3,Orinoquia,21.829950334272635,1999-03-01,22.81421790795242,-0.9842675736797837,-0.038709411733068265
tmin_mean,1999,4,Orinoquia,21.5379816513265,1999-04-01,22.397261141956445,-0.8592794906299446,-0.17866877316620786
tmin_mean,1999,5,Orinoquia,21.450148605511497,1999-05-01,22.06032093502071,-0.6101723295092114,-0.27494848374620534
tmin_mean,1999,6,Orinoquia,21.295917656680146,1999-06-01,21.51912241307858,-0.2232047563984345,-0.3022740938971893
tmin_mean,1999,7,Orinoquia,20.76245355884713,1999-07-01,21.144555997249924,-0.3821024384027929,-0.351235562406397
tmin_mean,1999,8,Orinoquia,21.059412419480847,1999-08-01,21.422523254941023,-0.3631108354601764,-0.41521563577592185
tmin_mean,1999,9,Orinoquia,21.44508567750056,1999-09-01,21.767587521539376,-0.32250184403881477,-0.45136580030511847
tmin_mean,1999,10,Orinoquia,21.480412026481428,1999-10-01,22.008634206004967,-0.5282221795235387,-0.4983864781312943
tmin_mean,1999,11,Orinoquia,21.861300415815364,1999-11-01,22.09544753308439,-0.23414711726902482,-0.5160731099560163
tmin_mean,1999,12,Orinoquia,21.718477768332953,1999-12-01,22.005084313566524,-0.2866065452335711,-0.5268761593936588
tmin_mean,2000,1,Orinoquia,22.320764475155904,2000-01-01,22.354293184450306,-0.03352870929440144,-0.48740943944945797
tmin_mean,2000,2,Orinoquia,22.226187715547027,2000-02-01,22.992255981758515,-0.7660682662114873,-0.46610100713759844
tmin_mean,2000,3,Orinoquia,22.665238774294334,2000-03-01,22.81421790795242,-0.14897913365808435,-0.39649363713579017
tmin_mean,2000,4,Orinoquia,21.78002043885066,2000-04-01,22.397261141956445,-0.6172407031057858,-0.3763237381754436
tmin_mean,2000,5,Orinoquia,21.743201200186974,2000-05-01,22.06032093502071,-0.3171197348337351,-0.3519026886191539
tmin_mean,2000,6,Orinoquia,21.151574591544755,2000-06-01,21.51912241307858,-0.3675478215338259,-0.36393127738043657
tmin_mean,2000,7,Orinoquia,20.773047067157993,2000-07-01,21.144555997249924,-0.371508930091931,-0.3630484850211981
tmin_mean,2000,8,Orinoquia,21.026058946353505,2000-08-01,21.422523254941023,-0.39646430858751813,-0.3658279411151432
tmin_mean,2000,9,Orinoquia,21.36969234586212,2000-09-01,21.767587521539376,-0.39789517567725596,-0.37211071875167995
tmin_mean,2000,10,Orinoquia,21.50579490541369,2000-10-01,22.008634206004967,-0.5028393005912761,-0.3699954788406581
tmin_mean,2000,11,Orinoquia,21.8291494393235,2000-11-01,22.09544753308439,-0.26629809376088787,-0.37267472688164666
tmin_mean,2000,12,Orinoquia,21.13950330752495,2000-12-01,22.005084313566524,-0.8655810060415732,-0.42092259861564685
tmin_mean,2001,1,Orinoquia,20.687195333773765,2001-01-01,22.354293184450306,-1.6670978506765408,-0.5570533603974918
tmin_mean,2001,2,Orinoquia,22.123600633370206,2001-02-01,22.992255981758515,-0.8686553483883088,-0.5656022839122269
tmin_mean,2001,3,Orinoquia,22.25946138881301,2001-03-01,22.81421790795242,-0.5547565191394099,-0.5994170660356707
tmin_mean,2001,4,Orinoquia,22.097009308986824,2001-04-01,22.397261141956445,-0.30025183296962155,-0.573001326857657
tmin_mean,2001,5,Orinoquia,21.943450557877206,2001-05-01,22.06032093502071,-0.11687037714350268,-0.556313880383471
tmin_mean,2001,6,Orinoquia,20.80633527646741,2001-06-01,21.51912241307858,-0.7127871366111691,-0.5850838233065829
tmin_mean,2001,7,Orinoquia,20.869417520336782,2001-07-01,21.144555997249924,-0.27513847691314197,-0.5770529522083505
tmin_mean,2001,8,Orinoquia,21.288790720218397,2001-08-01,21.422523254941023,-0.13373253472262547,-0.5551586377196095
tmin_mean,2001,9,Orinoquia,21.325283787241048,2001-09-01,21.767587521539376,-0.4423037342983278,-0.5588593509380321
tmin_mean,2001,10,Orinoquia,21.89003110060922,2001-10-01,22.008634206004967,-0.1186031053957457,-0.5268396680050712
tmin_mean,2001,11,Orinoquia,21.91963535085309,2001-11-01,22.09544753308439,-0.1758121822313008,-0.5192991753776056
tmin_mean,2001,12,Orinoquia,22.019906849856135,2001-12-01,22.005084313566524,0.01482253628961061,-0.44593221351667367
tmin_mean,2002,1,Orinoquia,21.781505200786178,2002-01-01,22.354293184450306,-0.5727879836641279,-0.3547397245989726
tmin_mean,2002,2,Orinoquia,23.028069972665623,2002-02-01,22.992255981758515,0.03581399090710846,-0.2793672796576878
tmin_mean,2002,3,Orinoquia,22.56454466157764,2002-03-01,22.81421790795242,-0.24967324637477972,-0.25394367359396863
tmin_mean,2002,4,Orinoquia,21.960379213180996,2002-04-01,22.397261141956445,-0.43688192877544907,-0.26532951491112094
tmin_mean,2002,5,Orinoquia,21.94885694898876,2002-05-01,22.06032093502071,-0.11146398603194996,-0.26487898231849155
tmin_mean,2002,6,Orinoquia,21.21034465360792,2002-06-01,21.51912241307858,-0.30877775947066155,-0.23121153422344923
tmin_mean,2002,7,Orinoquia,21.16679589696216,2002-07-01,21.144555997249924,0.022239899712236166,-0.20643000283800106
tmin_mean,2002,8,Orinoquia,21.230808567820347,2002-08-01,21.422523254941023,-0.19171468712067607,-0.21126184887117194
tmin_mean,2002,9,Orinoquia,21.627108767989316,2002-09-01,21.767587521539376,-0.14047875355005957,-0.18610976714214958
tmin_mean,2002,10,Orinoquia,21.811208566250656,2002-10-01,22.008634206004967,-0.19742563975431082,-0.19267831167203
tmin_mean,2002,11,Orinoquia,21.696668742357037,2002-11-01,22.09544753308439,-0.3987787907273521,-0.2112588623800343
tmin_mean,2002,12,Orinoquia,21.698572914734026,2002-12-01,22.005084313566524,-0.3065113988324981,-0.23803669030687669
tmin_mean,2003,1,Orinoquia,22.796865833827237,2003-01-01,22.354293184450306,0.4425726493769311,-0.15342330422012176
tmin_mean,2003,2,Orinoquia,23.184586957292392,2003-02-01,22.992255981758515,0.1923309755338778,-0.140380222167891
tmin_mean,2003,3,Orinoquia,22.97591790152842,2003-03-01,22.81421790795242,0.16169999357600062,-0.1060991188386593
tmin_mean,2003,4,Orinoquia,22.403548033317584,2003-04-01,22.397261141956445,0.006286891361138913,-0.06916838382727697
tmin_mean,2003,5,Orinoquia,21.81032548660562,2003-05-01,22.06032093502071,-0.24999544841508836,-0.08071267235920516
tmin_mean,2003,6,Orinoquia,21.350505574226933,2003-06-01,21.51912241307858,-0.1686168388516478,-0.06903259564095403
tmin_mean,2003,7,Orinoquia,20.995095370270082,2003-07-01,21.144555997249924,-0.14946062697984175,-0.08334097286529385
tmin_mean,2003,8,Orinoquia,21.23889640403991,2003-08-01,21.422523254941023,-0.18362685090111341,-0.08266698651366362
tmin_mean,2003,9,Orinoquia,21.553469959493757,2003-09-01,21.767587521539376,-0.21411756204561883,-0.08880355388829357
tmin_mean,2003,10,Orinoquia,22.020941186724116,2003-10-01,22.008634206004967,0.012306980719149152,-0.07132583551550524
tmin_mean,2003,11,Orinoquia,21.958838885449463,2003-11-01,22.09544753308439,-0.13660864763492597,-0.04947832359113639
tmin_mean,2003,12,Orinoquia,21.79191457890386,2003-12-01,22.005084313566524,-0.21316973466266376,-0.041699851576983527
tmin_mean,2004,1,Orinoquia,22.46432266037342,2004-01-01,22.354293184450306,0.1100294759231133,-0.06941178269813501
tmin_mean,2004,2,Orinoquia,22.86841870982445,2004-02-01,22.992255981758515,-0.12383727193406457,-0.09575913665379687
tmin_mean,2004,3,Orinoquia,22.619539799015403,2004-03-01,22.81421790795242,-0.19467810893701554,-0.12545731186321488
tmin_mean,2004,4,Orinoquia,22.44933632643515,2004-04-01,22.397261141956445,0.052075184478706404,-0.12164162077008427
tmin_mean,2004,5,Orinoquia,21.79229952467097,2004-05-01,22.06032093502071,-0.26802141034973914,-0.1231437842646385
tmin_mean,2004,6,Orinoquia,21.027533612904865,2004-06-01,21.51912241307858,-0.49158880017371587,-0.15005811437481084
tmin_mean,2004,7,Orinoquia,20.88933121724519,2004-07-01,21.144555997249924,-0.2552247800047347,-0.1588717937935519
tmin_mean,2004,8,Orinoquia,21.099025858904326,2004-08-01,21.422523254941023,-0.32349739603669647,-0.1705276725548505
tmin_mean,2004,9,Orinoquia,21.497077907263343,2004-09-01,21.767587521539376,-0.27050961427603326,-0.17522701024071838
tmin_mean,2004,10,Orinoquia,21.952721106378867,2004-10-01,22.008634206004967,-0.055913099626099694,-0.18091201693615577
tmin_mean,2004,11,Orinoquia,22.014430684256773,2004-11-01,22.09544753308439,-0.08101684882761617,-0.1762793670355466
tmin_mean,2004,12,Orinoquia,21.717376040376166,2004-12-01,22.005084313566524,-0.28770827319035774,-0.18249091191285446
tmin_mean,2005,1,Orinoquia,22.43811409329737,2005-01-01,22.354293184450306,0.08382090884706273,-0.184674959169192
tmin_mean,2005,2,Orinoquia,22.538013896770526,2005-02-01,22.992255981758515,-0.4542420849879889,-0.21220869359035235
tmin_mean,2005,3,Orinoquia,22.967531823915106,2005-03-01,22.81421790795242,0.15331391596268773,-0.18320935818204376
tmin_mean,2005,4,Orinoquia,22.503197061232992,2005-04-01,22.397261141956445,0.105935919276547,-0.17872096361555703
tmin_mean,2005,5,Orinoquia,22.154063437023535,2005-05-01,22.06032093502071,0.09374250200282574,-0.14857397091950997
tmin_mean,2005,6,Orinoquia,21.80569405672345,2005-06-01,21.51912241307858,0.2865716436448693,-0.0837272672679612
tmin_mean,2005,7,Orinoquia,21.319988462295512,2005-07-01,21.144555997249924,0.17543246504558851,-0.0478391635137676
tmin_mean,2005,8,Orinoquia,21.56115184957808,2005-08-01,21.422523254941023,0.13862859463705846,-0.009328664290954691
tmin_mean,2005,9,Orinoquia,21.841228421991538,2005-09-01,21.767587521539376,0.07364090045216187,0.019350545269728237
tmin_mean,2005,10,Orinoquia,22.133338050135514,2005-10-01,22.008634206004967,0.12470384413054703,0.0344019572494488
tmin_mean,2005,11,Orinoquia,21.926534615223133,2005-11-01,22.09544753308439,-0.16891291786125606,0.027077284829978805
tmin_mean,2005,12,Orinoquia,21.870749810063803,2005-12-01,22.005084313566524,-0.13433450350272125,0.03985843230394851
tmin_mean,2006,1,Orinoquia,22.060316296951772,2006-01-01,22.354293184450306,-0.293976887498534,0.008375282608482118
tmin_mean,2006,2,Orinoquia,22.517095987065364,2006-02-01,22.992255981758515,-0.4751599946931506,0.006632123466385309
tmin_mean,2006,3,Orinoquia,22.47515609217697,2006-03-01,22.81421790795242,-0.33906181577544814,-0.03439918751179268
tmin_mean,2006,4,Orinoquia,22.356031598745613,2006-04-01,22.397261141956445,-0.041229543210832276,-0.04666297605240762
tmin_mean,2006,5,Orinoquia,21.635212375770017,2006-05-01,22.06032093502071,-0.4251085592506918,-0.08990056449020074
tmin_mean,2006,6,Orinoquia,21.4352937734036,2006-06-01,21.51912241307858,-0.08382863967498011,-0.12076725476685486
tmin_mean,2006,7,Orinoquia,21.282848691852116,2006-07-01,21.144555997249924,0.1382926946021925,-0.12386223563713787
tmin_mean,2006,8,Orinoquia,21.50224156164733,2006-08-01,21.422523254941023,0.07971830670630808,-0.12877142629803373
tmin_mean,2006,9,Orinoquia,21.682103241058794,2006-09-01,21.767587521539376,-0.08548428048058199,-0.14203185804242904
tmin_mean,2006,10,Orinoquia,22.309169323371847,2006-10-01,22.008634206004967,0.30053511736688066,-0.12737925193940125
tmin_mean,2006,11,Orinoquia,21.991957331486518,2006-11-01,22.09544753308439,-0.10349020159787159,-0.12192735891745254
tmin_mean,2006,12,Orinoquia,22.131676108760846,2006-12-01,22.005084313566524,0.1265917951943223,-0.10018350069269892
tmin_mean,2007,1,Orinoquia,23.32041609153617,2007-01-01,22.354293184450306,0.9661229070858646,0.004824815522667632
tmin_mean,2007,2,Orinoquia,23.68245356893574,2007-02-01,22.992255981758515,0.6901975871772237,0.10193794734519883
tmin_mean,2007,3,Orinoquia,23.186048242083107,2007-03-01,22.81421790795242,0.37183033413068856,0.16117895983737687
tmin_mean,2007,4,Orinoquia,22.298749512211614,2007-04-01,22.397261141956445,-0.09851162974483074,0.15640545262621033
tmin_mean,2007,5,Orinoquia,22.027445091609323,2007-05-01,22.06032093502071,-0.03287584341138583,0.18909151227948584
tmin_mean,2007,6,Orinoquia,21.26965339675643,2007-06-01,21.51912241307858,-0.24946901632215202,0.1752881475588882
tmin_mean,2007,7,Orinoquia,21.209933630013523,2007-07-01,21.144555997249924,0.06537763276359954,0.1692118924056721
tmin_mean,2007,8,Orinoquia,21.478450790838213,2007-08-01,21.422523254941023,0.05592753589719024,0.16722932817157896
tmin_mean,2007,9,Orinoquia,21.52565555519146,2007-09-01,21.767587521539376,-0.24193196634791647,0.15419202101596774
tmin_mean,2007,10,Orinoquia,21.86327249219149,2007-10-01,22.008634206004967,-0.1453617138134753,0.11703395175093807
tmin_mean,2007,11,Orinoquia,21.944527570780853,2007-11-01,22.09544753308439,-0.15091996230353644,0.11308147169213267
tmin_mean,2007,12,Orinoquia,21.820340558595408,2007-12-01,22.005084313566524,-0.18474375497111595,0.08713684251167948
tmin_mean,2008,1,Orinoquia,22.419900692462264,2008-01-01,22.354293184450306,0.0656075080119578,0.012093892588853924
tmin_mean,2008,2,Orinoquia,22.968924363772373,2008-02-01,22.992255981758515,-0.02333161798614114,-0.04736687450809315
tmin_mean,2008,3,Orinoquia,22.696534668927736,2008-03-01,22.81421790795242,-0.11768323902468225,-0.08815967227104071
tmin_mean,2008,4,Orinoquia,22.585083536826147,2008-04-01,22.397261141956445,0.18782239486970198,-0.06429850355316298
tmin_mean,2008,5,Orinoquia,21.642761173378123,2008-05-01,22.06032093502071,-0.4175597616425861,-0.09635549673909634
tmin_mean,2008,6,Orinoquia,21.30773645788732,2008-06-01,21.51912241307858,-0.21138595519126113,-0.09318190831152211
tmin_mean,2008,7,Orinoquia,21.093516846292722,2008-07-01,21.144555997249924,-0.051039150957201684,-0.1028833069549222
tmin_mean,2008,8,Orinoquia,21.530271906718124,2008-08-01,21.422523254941023,0.10774865177710069,-0.09856488063159634
tmin_mean,2008,9,Orinoquia,21.833833151767877,2008-09-01,21.767587521539376,0.06624563022850083,-0.07288341425022822
tmin_mean,2008,10,Orinoquia,21.931895348101676,2008-10-01,22.008634206004967,-0.07673885790329038,-0.06716484292437948
tmin_mean,2008,11,Orinoquia,22.153116386901946,2008-11-01,22.09544753308439,0.05766885381755671,-0.04978244158095505
tmin_mean,2008,12,Orinoquia,21.937731978123004,2008-12-01,22.005084313566524,-0.0673523354435197,-0.0399998232869887
tmin_mean,2009,1,Orinoquia,22.291432258787403,2009-01-01,22.354293184450306,-0.06286092566290336,-0.05070552609322713
tmin_mean,2009,2,Orinoquia,22.63054617853876,2009-02-01,22.992255981758515,-0.3617098032197532,-0.07890370819602814
tmin_mean,2009,3,Orinoquia,22.56075885531508,2009-03-01,22.81421790795242,-0.25345905263733925,-0.09021835933041622
tmin_mean,2009,4,Orinoquia,22.275824671647484,2009-04-01,22.397261141956445,-0.12143647030896076,-0.11598993142863812
tmin_mean,2009,5,Orinoquia,21.965096801242193,2009-05-01,22.06032093502071,-0.09522413377851535,-0.08912862910663222
tmin_mean,2009,6,Orinoquia,21.560260218159424,2009-06-01,21.51912241307858,0.04113780508084375,-0.06808498241729015
tmin_mean,2009,7,Orinoquia,21.337486389104747,2009-07-01,21.144555997249924,0.19293039185482286,-0.047754187182954766
tmin_mean,2009,8,Orinoquia,21.695872287337433,2009-08-01,21.422523254941023,0.2733490323964105,-0.03395415546467895
tmin_mean,2009,9,Orinoquia,22.045254800406976,2009-09-01,21.767587521539376,0.27766727886760023,-0.016335684744753998
tmin_mean,2009,10,Orinoquia,22.232967295248077,2009-10-01,22.008634206004967,0.22433308924311035,0.00875364418411273
tmin_mean,2009,11,Orinoquia,22.77376821240162,2009-11-01,22.09544753308439,0.6783206793172312,0.06047462964241893
tmin_mean,2009,12,Orinoquia,22.752122943948287,2009-12-01,22.005084313566524,0.7470386303817627,0.12834054346119247
tmin_mean,2010,1,Orinoquia,22.75801832930283,2010-01-01,22.354293184450306,0.40372514485252253,0.16722271600414462
tmin_mean,2010,2,Orinoquia,24.150368067624697,2010-02-01,22.992255981758515,1.1581120858661826,0.29387454009463926
tmin_mean,2010,3,Orinoquia,23.34945735120957,2010-03-01,22.81421790795242,0.5352394432571508,0.35959941475251345
tmin_mean,2010,4,Orinoquia,22.91841573824337,2010-04-01,22.397261141956445,0.5211545962869266,0.41314867030217073
tmin_mean,2010,5,Orinoquia,22.585802819637667,2010-05-01,22.06032093502071,0.5254818846169584,0.46487417183512686
tmin_mean,2010,6,Orinoquia,21.959104321446336,2010-06-01,21.51912241307858,0.43998190836775564,0.4981111804423695
tmin_mean,2010,7,Orinoquia,21.531884433332195,2010-07-01,21.144555997249924,0.38732843608227085,0.5143110174613236
tmin_mean,2010,8,Orinoquia,21.793938474614222,2010-08-01,21.422523254941023,0.37141521967319946,0.5224831997343893
tmin_mean,2010,9,Orinoquia,22.088066141755192,2010-09-01,21.767587521539376,0.3204786202158161,0.5260508115134073
tmin_mean,2010,10,Orinoquia,22.310476763281706,2010-10-01,22.008634206004967,0.30184255727673914,0.532509933849543
tmin_mean,2010,11,Orinoquia,22.102661655731342,2010-11-01,22.09544753308439,0.007214122646953314,0.4765843874603532
tmin_mean,2010,12,Orinoquia,21.858929686123098,2010-12-01,22.005084313566524,-0.14615462744342622,0.4021516159749208
tmin_mean,2011,1,Orinoquia,21.6522412340191,2011-01-01,22.354293184450306,-0.7020519504312048,0.31000352470127684
tmin_mean,2011,2,Orinoquia,22.87955961220575,2011-02-01,22.992255981758515,-0.11269636955276496,0.20410282008303118
tmin_mean,2011,3,Orinoquia,22.354608322356246,2011-03-01,22.81421790795242,-0.4596095855961728,0.12119873434525423
tmin_mean,2011,4,Orinoquia,22.081048894415268,2011-04-01,22.397261141956445,-0.31621224754117705,0.051418164026245584
tmin_mean,2011,5,Orinoquia,21.928290500811148,2011-05-01,22.06032093502071,-0.13203043420956107,-0.0033745292092977053
tmin_mean,2011,6,Orinoquia,21.686041035641587,2011-06-01,21.51912241307858,0.16691862256300638,-0.026129803026360143
tmin_mean,2011,7,Orinoquia,21.36307796972544,2011-07-01,21.144555997249924,0.2185219724755143,-0.04019700832692319
tmin_mean,2011,8,Orinoquia,21.583309017928695,2011-08-01,21.422523254941023,0.1607857629876719,-0.057749463050717154
tmin_mean,2011,9,Orinoquia,21.82633761055378,2011-09-01,21.767587521539376,0.05875008901440282,-0.07956017398416826
tmin_mean,2011,10,Orinoquia,22.05228575772836,2011-10-01,22.008634206004967,0.043651551723392856,-0.10107609111361378
tmin_mean,2011,11,Orinoquia,22.040841013234168,2011-11-01,22.09544753308439,-0.05460651985022125,-0.10622781132171166
tmin_mean,2011,12,Orinoquia,22.100816333894866,2011-12-01,22.005084313566524,0.0957320203283416,-0.08607059067406435
tmin_mean,2012,1,Orinoquia,22.595095574363942,2012-01-01,22.354293184450306,0.240802389913636,-0.007499395645327607
tmin_mean,2012,2,Orinoquia,22.401031682708528,2012-02-01,22.992255981758515,-0.591224299049987,-0.04737672310342944
tmin_mean,2012,3,Orinoquia,22.228147237605192,2012-03-01,22.81421790795242,-0.586070670347226,-0.057915146832683874
tmin_mean,2012,4,Orinoquia,21.91172132749115,2012-04-01,22.397261141956445,-0.4855398144652945,-0.07202577740969367
tmin_mean,2012,5,Orinoquia,21.80802536646251,2012-05-01,22.06032093502071,-0.2522955685581998,-0.0820478719387469
tmin_mean,2012,6,Orinoquia,21.31063840351294,2012-06-01,21.51912241307858,-0.20848400956564106,-0.11333142461613417
tmin_mean,2012,7,Orinoquia,21.06031516849946,2012-07-01,21.144555997249924,-0.08424082875046324,-0.1385616580516323
tmin_mean,2012,8,Orinoquia,21.296186966964154,2012-08-01,21.422523254941023,-0.12633628797686924,-0.16248849563201073
tmin_mean,2012,9,Orinoquia,21.563139264630678,2012-09-01,21.767587521539376,-0.20444825690869806,-0.18442169112560247
tmin_mean,2012,10,Orinoquia,22.05282300990143,2012-10-01,22.008634206004967,0.04418880389646418,-0.18437692011117987
tmin_mean,2012,11,Orinoquia,22.333715988066437,2012-11-01,22.09544753308439,0.23826845498204818,-0.15997067220849073
tmin_mean,2012,12,Orinoquia,22.55273268665721,2012-12-01,22.005084313566524,0.5476483730906878,-0.12231097614496189
tmin_mean,2013,1,Orinoquia,22.990674909477118,2013-01-01,22.354293184450306,0.636381725026812,-0.08934603155219722
tmin_mean,2013,2,Orinoquia,23.503846998657654,2013-02-01,22.992255981758515,0.5115910168991391,0.0025552447768966147
tmin_mean,2013,3,Orinoquia,22.821301124754854,2013-03-01,22.81421790795242,0.007083216802435288,0.05198473537270173
tmin_mean,2013,4,Orinoquia,22.62516167983212,2013-04-01,22.397261141956445,0.22790053787567643,0.11143809806778264
tmin_mean,2013,5,Orinoquia,22.11712672455575,2013-05-01,22.06032093502071,0.056805789535040674,0.13719654457555266
tmin_mean,2013,6,Orinoquia,21.595952464653116,2013-06-01,21.51912241307858,0.07683005157453593,0.1609727163372341
tmin_mean,2013,7,Orinoquia,20.930170498383976,2013-07-01,21.144555997249924,-0.2143854988659477,0.1501273271609437
tmin_mean,2013,8,Orinoquia,21.34032558568324,2013-08-01,21.422523254941023,-0.08219766925778416,0.15380554538753413
tmin_mean,2013,9,Orinoquia,21.731313183093743,2013-09-01,21.767587521539376,-0.03627433844563299,0.16782003859278957
tmin_mean,2013,10,Orinoquia,21.929100105760465,2013-10-01,22.008634206004967,-0.07953410024450136,0.15750979658104244
tmin_mean,2013,11,Orinoquia,21.99041156449697,2013-11-01,22.09544753308439,-0.10503596858741915,0.12890109461692015
tmin_mean,2013,12,Orinoquia,22.14269278024553,2013-12-01,22.005084313566524,0.13760846667900495,0.09473110241594658
tmin_mean,2014,1,Orinoquia,22.79187899998441,2014-01-01,22.354293184450306,0.4375858155341028,0.07816477662488748
tmin_mean,2014,2,Orinoquia,23.64332211947412,2014-02-01,22.992255981758515,0.6510661377156062,0.08978770335959307
tmin_mean,2014,3,Orinoquia,22.86102071060756,2014-03-01,22.81421790795242,0.04680280265514014,0.09309766884731847
tmin_mean,2014,4,Orinoquia,22.420590177981452,2014-04-01,22.397261141956445,0.023329036025007355,0.07605004369309605
tmin_mean,2014,5,Orinoquia,22.28316255667794,2014-05-01,22.06032093502071,0.22284162165723131,0.08988636303661195
tmin_mean,2014,6,Orinoquia,21.685669840301266,2014-06-01,21.51912241307858,0.16654742722268523,0.09736281100729105
tmin_mean,2014,7,Orinoquia,21.236278297037718,2014-07-01,21.144555997249924,0.09172229978779356,0.12287179422843615
tmin_mean,2014,8,Orinoquia,21.40365101471938,2014-08-01,21.422523254941023,-0.018872240221643466,0.1281489133147812
tmin_mean,2014,9,Orinoquia,21.77023369117273,2014-09-01,21.767587521539376,0.0026461696333548446,0.1313922889880302
tmin_mean,2014,10,Orinoquia,21.954775990124283,2014-10-01,22.008634206004967,-0.05385821588068396,0.1335319460183483
tmin_mean,2014,11,Orinoquia,22.303004650537563,2014-11-01,22.09544753308439,0.20755711745317384,0.1595813698550644
tmin_mean,2014,12,Orinoquia,22.34821918638946,2014-12-01,22.005084313566524,0.34313487282293664,0.1767085703670587
tmin_mean,2015,1,Orinoquia,22.169761096687438,2015-01-01,22.354293184450306,-0.184532087762868,0.1248654117589778
tmin_mean,2015,2,Orinoquia,22.399840712572896,2015-02-01,22.992255981758515,-0.5924152691856186,0.02124196118387574
tmin_mean,2015,3,Orinoquia,23.219943797588304,2015-03-01,22.81421790795242,0.4057258896358853,0.05115221843227117
tmin_mean,2015,4,Orinoquia,22.45830599971721,2015-04-01,22.397261141956445,0.06104485776076629,0.05429520357691775
tmin_mean,2015,5,Orinoquia,22.342736100771305,2015-05-01,22.06032093502071,0.2824151657505958,0.05925966558469812
tmin_mean,2015,6,Orinoquia,21.653333877249974,2015-06-01,21.51912241307858,0.1342114641713934,0.05656500199709047
tmin_mean,2015,7,Orinoquia,21.513661043874265,2015-07-01,21.144555997249924,0.36910504662434107,0.0796802309001361
tmin_mean,2015,8,Orinoquia,21.937459166434483,2015-08-01,21.422523254941023,0.5149359114934597,0.12416424354306137
tmin_mean,2015,9,Orinoquia,22.38412347455298,2015-09-01,21.767587521539376,0.616535953013603,0.17532172549141536
tmin_mean,2015,10,Orinoquia,22.667122571048957,2015-10-01,22.008634206004967,0.6584883650439899,0.23468394056847153
tmin_mean,2015,11,Orinoquia,22.496433792643163,2015-11-01,22.09544753308439,0.4009862595587741,0.2508030357439382
tmin_mean,2015,12,Orinoquia,22.344660583869352,2015-12-01,22.005084313566524,0.3395762703028282,0.2505064855339292
tmin_mean,2016,1,Orinoquia,23.257181466017865,2016-01-01,22.354293184450306,0.9028882815675594,0.3411248496447981
tmin_mean,2016,2,Orinoquia,24.258980919914,2016-02-01,22.992255981758515,1.266724938155484,0.4960532002565567
tmin_mean,2016,3,Orinoquia,24.214264389702343,2016-03-01,22.81421790795242,1.400046481749925,0.5789132495993933
tmin_mean,2016,4,Orinoquia,23.142433708805463,2016-04-01,22.397261141956445,0.7451725668490177,0.6359238920234143
tmin_mean,2016,5,Orinoquia,22.45862456966373,2016-05-01,22.06032093502071,0.3983036346430211,0.6455812644311164
tmin_mean,2016,6,Orinoquia,21.66659789142992,2016-06-01,21.51912241307858,0.147475478351339,0.6466865989461118
tmin_mean,2016,7,Orinoquia,21.356422943150704,2016-07-01,21.144555997249924,0.21186694590078048,0.6335834238858151
tmin_mean,2016,8,Orinoquia,21.81620149554206,2016-08-01,21.422523254941023,0.3936782406010373,0.6234786179781132
tmin_mean,2016,9,Orinoquia,21.885026659354963,2016-09-01,21.767587521539376,0.11743913781558746,0.5818872167116119
tmin_mean,2016,10,Orinoquia,22.428146741977507,2016-10-01,22.008634206004967,0.41951253597254023,0.5619725642889911
tmin_mean,2016,11,Orinoquia,22.574627278744504,2016-11-01,22.09544753308439,0.47917974566011523,0.5684886881307696
tmin_mean,2016,12,Orinoquia,22.283498880351164,2016-12-01,22.005084313566524,0.27841456678464027,0.563391879504254
tmin_mean,2017,1,Orinoquia,22.027237704312963,2017-01-01,22.354293184450306,-0.32705548013734287,0.4608965660288454
tmin_mean,2017,2,Orinoquia,22.93370774774991,2017-02-01,22.992255981758515,-0.05854823400860454,0.35045713501517134
tmin_mean,2017,3,Orinoquia,22.76278916762643,2017-03-01,22.81421790795242,-0.05142874032598854,0.22950086650884524
tmin_mean,2017,4,Orinoquia,22.498776309263505,2017-04-01,22.397261141956445,0.10151516730705978,0.17586274988034875
tmin_mean,2017,5,Orinoquia,22.409644825148398,2017-05-01,22.06032093502071,0.34932389012768894,0.17178110450407105
tmin_mean,2017,6,Orinoquia,21.925474953759977,2017-06-01,21.51912241307858,0.4063525406813966,0.19335419303157586
tmin_mean,2017,7,Orinoquia,21.25846420307371,2017-07-01,21.144555997249924,0.1139082058237868,0.1851909646918264
tmin_mean,2017,8,Orinoquia,21.85499110972194,2017-08-01,21.422523254941023,0.4324678547809171,0.1884234325401497
tmin_mean,2017,9,Orinoquia,22.38053594659433,2017-09-01,21.767587521539376,0.6129484250549524,0.22971587314343012
tmin_mean,2017,10,Orinoquia,22.374153873325895,2017-10-01,22.008634206004967,0.3655196673209282,0.22521646742246246
tmin_mean,2017,11,Orinoquia,22.421486052909337,2017-11-01,22.09544753308439,0.326038519824948,0.21245469860286517
tmin_mean,2017,12,Orinoquia,22.586445559928123,2017-12-01,22.005084313566524,0.5813612463615989,0.2377002552342784
tmin_mean,2018,1,Orinoquia,21.93822603931491,2018-01-01,22.354293184450306,-0.416067145135397,0.23028261648444057
tmin_mean,2018,2,Orinoquia,23.820041832574287,2018-02-01,22.992255981758515,0.827785850815772,0.30414379021980525
tmin_mean,2018,3,Orinoquia,23.307338500330587,2018-03-01,22.81421790795242,0.49312059237816896,0.34952290127848507
tmin_mean,2018,4,Orinoquia,22.17636353168111,2018-04-01,22.397261141956445,-0.22089761027533683,0.32265516981328535
tmin_mean,2018,5,Orinoquia,21.896403313932865,2018-05-01,22.06032093502071,-0.1639176210878439,0.2798850438786576
tmin_mean,2018,6,Orinoquia,21.377735143342193,2018-06-01,21.51912241307858,-0.14138726973638782,0.23424005967717557
tmin_mean,2018,7,Orinoquia,21.251038038980646,2018-07-01,21.144555997249924,0.10648204173072173,0.23362121266942015
tmin_mean,2018,8,Orinoquia,21.15320621729686,2018-08-01,21.422523254941023,-0.26931703764416426,0.17513913830066338
tmin_mean,2018,9,Orinoquia,21.963614479298595,2018-09-01,21.767587521539376,0.1960269577592193,0.14039568269268562
tmin_mean,2018,10,Orinoquia,22.38060106202513,2018-10-01,22.008634206004967,0.3719668560201619,0.14093294841762175
tmin_mean,2018,11,Orinoquia,22.674990475573036,2018-11-01,22.09544753308439,0.5795429424886471,0.16205831697293002
tmin_mean,2018,12,Orinoquia,21.86389068084858,2018-12-01,22.005084313566524,-0.14119363271794327,0.10184541038296817
tmin_mean,2019,1,Orinoquia,23.217874843009685,2019-01-01,22.354293184450306,0.8635816585593794,0.2084828106908662
tmin_mean,2019,2,Orinoquia,23.874578294652018,2019-02-01,22.992255981758515,0.8823223128935034,0.21302751586401047
tmin_mean,2019,3,Orinoquia,23.775616725504833,2019-03-01,22.81421790795242,0.9613988175524142,0.2520507012951976
tmin_mean,2019,4,Orinoquia,22.91047334138955,2019-04-01,22.397261141956445,0.5132121994331058,0.31322651877090113
tmin_mean,2019,5,Orinoquia,22.496595232775796,2019-05-01,22.06032093502071,0.4362742977550873,0.36324251200781205
tmin_mean,2019,6,Orinoquia,21.964759244500645,2019-06-01,21.51912241307858,0.445636831422064,0.41216118710434974
tmin_mean,2019,7,Orinoquia,21.390644017604256,2019-07-01,21.144555997249924,0.24608802035433186,0.42379501865631725
tmin_mean,2019,8,Orinoquia,21.422466701215264,2019-08-01,21.422523254941023,-5.655372575930073e-05,0.4462333923161843
tmin_mean,2019,9,Orinoquia,22.485265475811683,2019-09-01,21.767587521539376,0.7176779542723075,0.489704308692275
tmin_mean,2019,10,Orinoquia,22.07757066869458,2019-10-01,22.008634206004967,0.06893646268961362,0.4644517759147293
tmin_mean,2019,11,Orinoquia,22.422501119359236,2019-11-01,22.09544753308439,0.3270535862748467,0.44341099623024594
tmin_mean,2019,12,Orinoquia,22.78519052889379,2019-12-01,22.005084313566524,0.7801062153272653,0.5201859835673467
tmin_mean,2020,1,Orinoquia,22.80826567958786,2020-01-01,22.354293184450306,0.45397249513755256,0.48605188661552773
tmin_mean,2020,2,Orinoquia,24.094129938745333,2020-02-01,22.992255981758515,1.1018739569868181,0.5043478569566373
tmin_mean,2020,3,Orinoquia,24.13556600455436,2020-03-01,22.81421790795242,1.321348096601941,0.5343436302107646
tmin_mean,2020,4,Orinoquia,22.97111571181657,2020-04-01,22.397261141956445,0.5738545698601243,0.5393971610796827
tmin_mean,2020,5,Orinoquia,22.769771354285044,2020-05-01,22.06032093502071,0.7094504192643356,0.5621618378721202
tmin_mean,2020,6,Orinoquia,22.089307417877976,2020-06-01,21.51912241307858,0.570185004799395,0.572540852320231
tmin_mean,2020,7,Orinoquia,21.669328643433374,2020-07-01,21.144555997249924,0.5247726461834503,0.5957645711393242
tmin_mean,2020,8,Orinoquia,22.029094156552464,2020-08-01,21.422523254941023,0.6065709016114411,0.646316859084091
tmin_mean,2020,9,Orinoquia,22.2363347206011,2020-09-01,21.767587521539376,0.468747199061724,0.625572629483209
tmin_mean,2020,10,Orinoquia,22.47503506149437,2020-10-01,22.008634206004967,0.4664008554894039,0.6586946622165248
tmin_mean,2020,11,Orinoquia,22.29691042175259,2020-11-01,22.09544753308439,0.20146288866819972,0.6482287707493043
tmin_mean,2020,12,Orinoquia,22.071911573762264,2020-12-01,22.005084313566524,0.06682726019574048,0.5887888578216772
tmin_mean,2021,1,Orinoquia,21.87258441530834,2021-01-01,22.354293184450306,-0.48170876914196725,0.5108154191317172
tmin_mean,2021,2,Orinoquia,24.04161643336408,2021-02-01,22.992255981758515,1.0493604516055655,0.5064392936832794
tmin_mean,2021,3,Orinoquia,22.62354135390791,2021-03-01,22.81421790795242,-0.1906765540445079,0.38043723946274205
tmin_mean,2021,4,Orinoquia,22.22769608216436,2021-04-01,22.397261141956445,-0.16956505979208458,0.31848560365839135
tmin_mean,2021,5,Orinoquia,21.946937239773202,2021-05-01,22.06032093502071,-0.11338369524750647,0.2499160941157378
tmin_mean,2021,6,Orinoquia,21.662331786348183,2021-06-01,21.51912241307858,0.14320937326960248,0.2143347914882551
tmin_mean,2021,7,Orinoquia,21.188406629858534,2021-07-01,21.144555997249924,0.043850632608609885,0.17425795702368507
tmin_mean,2021,8,Orinoquia,21.715073092593965,2021-08-01,21.422523254941023,0.29254983765294185,0.14808953502714348
tmin_mean,2021,9,Orinoquia,21.958928059060067,2021-09-01,21.767587521539376,0.19134053752069136,0.12497231323205742
tmin_mean,2021,10,Orinoquia,22.452085879303684,2021-10-01,22.008634206004967,0.4434516732987177,0.12305988138283357
tmin_mean,2021,11,Orinoquia,22.191273945039715,2021-11-01,22.09544753308439,0.0958264119553256,0.11425684165676071
tmin_mean,2021,12,Orinoquia,22.985343139013764,2021-12-01,22.005084313566524,0.9802588254472404,0.1903761387610524
tmin_mean,2022,1,Orinoquia,22.35772171727745,2022-01-01,22.354293184450306,0.0034285328271437265,0.23080424725847828
tmin_mean,2022,2,Orinoquia,23.03911610689314,2022-02-01,22.992255981758515,0.04686012513462501,0.1472625533858999
tmin_mean,2022,3,Orinoquia,22.8596455640062,2022-03-01,22.81421790795242,0.04542765605378207,0.16693790422742408
tmin_mean,2022,4,Orinoquia,22.53723569372638,2022-04-01,22.397261141956445,0.13997455176993512,0.19273287185759239
tmin_mean,2022,5,Orinoquia,21.985981532134463,2022-05-01,22.06032093502071,-0.07433940288624541,0.19598656288769747
tmin_mean,2022,6,Orinoquia,21.354952270238634,2022-06-01,21.51912241307858,-0.16417014283994646,0.17037160321190173
tmin_mean,2022,7,Orinoquia,21.512636675104872,2022-07-01,21.144555997249924,0.36808067785494814,0.1973907736490966
tmin_mean,2022,8,Orinoquia,21.473468629633626,2022-08-01,21.422523254941023,0.05094537469260274,0.17725706840240166
tmin_mean,2022,9,Orinoquia,22.027133897944925,2022-09-01,21.767587521539376,0.2595463764055488,0.1829408883094731
tmin_mean,2022,10,Orinoquia,22.300346059139585,2022-10-01,22.008634206004967,0.29171185313461834,0.17029590329579816
tmin_mean,2022,11,Orinoquia,21.771459907409213,2022-11-01,22.09544753308439,-0.32398762567517636,0.13531140015992302
tmin_mean,2022,12,Orinoquia,21.40996609489453,2022-12-01,22.005084313566524,-0.5951182186719954,0.004029979816653355
tmin_mean,2023,1,Orinoquia,21.649869421160002,2023-01-01,22.354293184450306,-0.7044237632903041,-0.0549577115264673
tmin_mean,2023,2,Orinoquia,22.756138422549135,2023-02-01,22.992255981758515,-0.23611755920937938,-0.07853918522180099
tmin_mean,2023,3,Orinoquia,22.71500326671703,2023-03-01,22.81421790795242,-0.09921464123538826,-0.09059270999589852
tmin_mean,2023,4,Orinoquia,22.774169746869635,2023-04-01,22.397261141956445,0.37690860491319,-0.07084820556729395
tmin_mean,2023,5,Orinoquia,22.691459782103077,2023-05-01,22.06032093502071,0.6311388470823687,-0.012058351403242776
tmin_mean,2023,6,Orinoquia,22.02508876987479,2023-06-01,21.51912241307858,0.5059663567962112,0.04378635689977036
tmin_mean,2023,7,Orinoquia,22.098193604946637,2023-07-01,21.144555997249924,0.953637607696713,0.09258276771991743
tmin_mean,2023,8,Orinoquia,22.560387199903225,2023-08-01,21.422523254941023,1.1378639449622021,0.18315931524238405
tmin_mean,2023,9,Orinoquia,23.048899611748332,2023-09-01,21.767587521539376,1.2813120902089565,0.2683064580593347
tmin_mean,2023,10,Orinoquia,23.60157027229633,2023-10-01,22.008634206004967,1.5929360662913616,0.37674180915572997
tmin_mean,2023,11,Orinoquia,23.248966544797543,2023-11-01,22.09544753308439,1.1535190117131542,0.4998673622714242
tmin_mean,2023,12,Orinoquia,23.31703667044129,2023-12-01,22.005084313566524,1.311952356874766,0.6587899102336543
tmin_mean,2024,1,Orinoquia,23.20529343777332,2024-01-01,22.354293184450306,0.851000253323015,0.7884085782847642
tmin_mean,2024,2,Orinoquia,23.575602176069907,2024-02-01,22.992255981758515,0.5833461943113925,0.8566972244114952
tmin_mean,2024,3,Orinoquia,24.572857952530967,2024-03-01,22.81421790795242,1.7586400445785486,1.0115184482293234
tmin_mean,2024,4,Orinoquia,23.648747503936207,2024-04-01,22.397261141956445,1.2514863619797616,1.0843999279848708
tmin_mean,2024,5,Orinoquia,23.286160585360925,2024-05-01,22.06032093502071,1.225839650340216,1.1339583282563581
tmin_mean,2024,6,Orinoquia,22.45457760675525,2024-06-01,21.51912241307858,0.9354551936766704,1.169749064663063
tmin_mean,2024,7,Orinoquia,22.04778427699242,2024-07-01,21.144555997249924,0.9032282797424962,1.165548287333545
tmin_mean,2024,8,Orinoquia,22.396881530521945,2024-08-01,21.422523254941023,0.9743582755809221,1.151922814885105
tmin_mean,2024,9,Orinoquia,23.20424342479675,2024-09-01,21.767587521539376,1.4366559032573747,1.16486813263914
tmin_mean,2024,10,Orinoquia,23.29806483918347,2024-10-01,22.008634206004967,1.2894306331785046,1.1395760132130686
tmin_mean,2024,11,Orinoquia,22.999987381105832,2024-11-01,22.09544753308439,0.904539848021443,1.1188277495720926
tmin_mean,2024,12,Orinoquia,22.92353792662523,2024-12-01,22.005084313566524,0.9184536130587055,1.086036187587421
tmin_mean,2025,1,Orinoquia,22.18539849584334,2025-01-01,22.354293184450306,-0.1688946886069651,1.0010449424265893
tmin_mean,2025,2,Orinoquia,23.35279533816656,2025-02-01,22.992255981758515,0.3605393564080437,0.9824777059346435
tmin_mean,2025,3,Orinoquia,23.210713171057442,2025-03-01,22.81421790795242,0.3964952631050238,0.8689656408118497
tmin_mean,2025,4,Orinoquia,22.804855812131983,2025-04-01,22.397261141956445,0.40759467017553774,0.7986413331614978
tmin_mean,2025,5,Orinoquia,22.313508539377718,2025-05-01,22.06032093502071,0.2531876043570094,0.7175869959962305
tmin_mean,2025,6,Orinoquia,21.60548739332285,2025-06-01,21.51912241307858,0.08636498024426942,0.6468294782101971
tmin_mean,2025,7,Orinoquia,21.19953514560593,2025-07-01,21.144555997249924,0.05497914835600781,0.5761420505946564
tmin_mean,2025,8,Orinoquia,21.6008509670956,2025-08-01,21.422523254941023,0.17832771215457655,0.5098061703091276
tmin_mean,2025,9,Orinoquia,22.159792710523913,2025-09-01,21.767587521539376,0.39220518898453705,0.4227686107863911
tmin_mean,2025,10,Orinoquia,22.34482937908084,2025-10-01,22.008634206004967,0.3361951730758719,0.34333232244450507
tmin_mean,2025,11,Orinoquia,22.60819312662,2025-11-01,22.09544753308439,0.5127455935356124,0.31068280123735253
tmin_mean,2025,12,Orinoquia,22.473271248930494,2025-12-01,22.005084313566524,0.4681869353639705,0.2731605780961246
tmin_mean,2026,1,Orinoquia,22.603689297821294,2026-01-01,22.354293184450306,0.2493961133709881,0.3080181449276207
tmin_mean,2026,2,Orinoquia,22.61699943299809,2026-02-01,22.992255981758515,-0.3752565487604258,0.24670181949691491
tmin_mean,2026,3,Orinoquia,23.985164931201503,2026-03-01,22.81421790795242,1.1709470232490844,0.3112394661755866
tmin_mean,1991,1,Pacifica,18.848670684834918,1991-01-01,18.848329956108746,0.0003407287261723013,
tmin_mean,1991,2,Pacifica,19.373399124918453,1991-02-01,19.049429851545657,0.32396927337279635,
tmin_mean,1991,3,Pacifica,19.347209663840545,1991-03-01,19.23555770404877,0.11165195979177511,
tmin_mean,1991,4,Pacifica,19.162261054280613,1991-04-01,19.329444461673727,-0.16718340739311444,
tmin_mean,1991,5,Pacifica,19.361665917246555,1991-05-01,19.261606509753463,0.10005940749309161,
tmin_mean,1991,6,Pacifica,19.296899215214268,1991-06-01,18.951687105929498,0.34521210928476975,
tmin_mean,1991,7,Pacifica,18.6205156637179,1991-07-01,18.63773757358281,-0.017221909864911567,
tmin_mean,1991,8,Pacifica,18.326446122336392,1991-08-01,18.605064226641776,-0.2786181043053837,
tmin_mean,1991,9,Pacifica,18.66867844662843,1991-09-01,18.657981242616636,0.010697204011794526,
tmin_mean,1991,10,Pacifica,18.242763609626376,1991-10-01,18.748034607762538,-0.5052709981361616,
tmin_mean,1991,11,Pacifica,18.595315673542892,1991-11-01,18.79720897698778,-0.2018933034448871,
tmin_mean,1991,12,Pacifica,18.888116199347902,1991-12-01,18.826155375710318,0.06196082363758393,-0.01802468473553957
tmin_mean,1992,1,Pacifica,18.90463101562002,1992-01-01,18.848329956108746,0.05630105951127362,-0.013361323836781125
tmin_mean,1992,2,Pacifica,19.04281190548105,1992-02-01,19.049429851545657,-0.006617946064608304,-0.04091025878989818
tmin_mean,1992,3,Pacifica,19.607202001975708,1992-03-01,19.23555770404877,0.3716442979269381,-0.019244230611967932
tmin_mean,1992,4,Pacifica,19.54905288804782,1992-04-01,19.329444461673727,0.21960842637409428,0.012988422201966129
tmin_mean,1992,5,Pacifica,19.2643071079362,1992-05-01,19.261606509753463,0.0027005981827379344,0.004875188092769989
tmin_mean,1992,6,Pacifica,18.985406833312318,1992-06-01,18.951687105929498,0.03371972738282025,-0.021082510399059135
tmin_mean,1992,7,Pacifica,18.220780681415324,1992-07-01,18.63773757358281,-0.4169568921674873,-0.05439375892427378
tmin_mean,1992,8,Pacifica,18.371123461446466,1992-08-01,18.605064226641776,-0.23394076519531026,-0.05067064733176766
tmin_mean,1992,9,Pacifica,18.331063790390335,1992-09-01,18.657981242616636,-0.32691745222630075,-0.07880520201827561
tmin_mean,1992,10,Pacifica,18.496488131968594,1992-10-01,18.748034607762538,-0.25154647579394407,-0.057661491823090806
tmin_mean,1992,11,Pacifica,18.601932939657,1992-11-01,18.79720897698778,-0.19527603733077825,-0.057110052980248405
tmin_mean,1992,12,Pacifica,18.73596354306907,1992-12-01,18.826155375710318,-0.09019183264124919,-0.0697894410034845
tmin_mean,1993,1,Pacifica,18.511923078306104,1993-01-01,18.848329956108746,-0.33640687780264145,-0.10251510244631075
tmin_mean,1993,2,Pacifica,18.72654585704405,1993-02-01,19.049429851545657,-0.32288399450160554,-0.1288706064827272
tmin_mean,1993,3,Pacifica,18.818211513610926,1993-03-01,19.23555770404877,-0.4173461904378435,-0.194619813846459
tmin_mean,1993,4,Pacifica,19.215614881076263,1993-04-01,19.329444461673727,-0.11382958059746429,-0.2224063144274222
tmin_mean,1993,5,Pacifica,19.263080420449384,1993-05-01,19.261606509753463,0.0014739106959211767,-0.22250853838465692
tmin_mean,1993,6,Pacifica,19.085425215417153,1993-06-01,18.951687105929498,0.13373810948765552,-0.21417367320925398
tmin_mean,1993,7,Pacifica,18.514115551711843,1993-07-01,18.63773757358281,-0.12362202187096827,-0.18972910068454407
tmin_mean,1993,8,Pacifica,18.521203200441693,1993-08-01,18.605064226641776,-0.08386102620008273,-0.1772224557682751
tmin_mean,1993,9,Pacifica,18.4045382846199,1993-09-01,18.657981242616636,-0.2534429579967359,-0.1710995812491447
tmin_mean,1993,10,Pacifica,18.696217394805117,1993-10-01,18.748034607762538,-0.05181721295742037,-0.15445547601276774
tmin_mean,1993,11,Pacifica,18.691410691324833,1993-11-01,18.79720897698778,-0.1057982856629458,-0.14699899670711503
tmin_mean,1993,12,Pacifica,18.881643356406943,1993-12-01,18.826155375710318,0.05548798069662553,-0.13485901226229213
tmin_mean,1994,1,Pacifica,18.536872396359275,1994-01-01,18.848329956108746,-0.31145755974947065,-0.1327799024245279
tmin_mean,1994,2,Pacifica,18.719725261011575,1994-02-01,19.049429851545657,-0.32970459053408163,-0.13334828542723423
tmin_mean,1994,3,Pacifica,18.870012104633695,1994-03-01,19.23555770404877,-0.3655455994150749,-0.1290315695086702
tmin_mean,1994,4,Pacifica,18.96021298456062,1994-04-01,19.329444461673727,-0.36923147711310733,-0.1503150608849738
tmin_mean,1994,5,Pacifica,19.16147814069292,1994-05-01,19.261606509753463,-0.1001283690605419,-0.1587819175313457
tmin_mean,1994,6,Pacifica,18.658661344012085,1994-06-01,18.951687105929498,-0.2930257619174128,-0.19434557348176806
tmin_mean,1994,7,Pacifica,18.431064648960962,1994-07-01,18.63773757358281,-0.2066729246218486,-0.20126648204434142
tmin_mean,1994,8,Pacifica,18.27764871272982,1994-08-01,18.605064226641776,-0.327415513911955,-0.2215626893536641
tmin_mean,1994,9,Pacifica,18.694470813297862,1994-09-01,18.657981242616636,0.03648957068122627,-0.19740164529716728
tmin_mean,1994,10,Pacifica,18.54948715653198,1994-10-01,18.748034607762538,-0.1985474512305565,-0.20962916515326194
tmin_mean,1994,11,Pacifica,18.597358187912576,1994-11-01,18.79720897698778,-0.19985078907520304,-0.21746687377095006
tmin_mean,1994,12,Pacifica,18.922911576248197,1994-12-01,18.826155375710318,0.09675620053787881,-0.2140278554508456
tmin_mean,1995,1,Pacifica,18.869309602169547,1995-01-01,18.848329956108746,0.020979646060801826,-0.18632475496665624
tmin_mean,1995,2,Pacifica,18.849087250764807,1995-02-01,19.049429851545657,-0.20034260078084998,-0.17554458915388693
tmin_mean,1995,3,Pacifica,19.168169687621912,1995-03-01,19.23555770404877,-0.06738801642685743,-0.1506981239048688
tmin_mean,1995,4,Pacifica,19.3933147818376,1995-04-01,19.329444461673727,0.06387032016387195,-0.11460630746512053
tmin_mean,1995,5,Pacifica,19.12119431296071,1995-05-01,19.261606509753463,-0.1404121967927523,-0.1179632931094714
tmin_mean,1995,6,Pacifica,19.067436425684015,1995-06-01,18.951687105929498,0.11574931975451719,-0.0838987029701439
tmin_mean,1995,7,Pacifica,18.387450891188855,1995-07-01,18.63773757358281,-0.2502866823939556,-0.08753318278448614
tmin_mean,1995,8,Pacifica,18.460798275510278,1995-08-01,18.605064226641776,-0.14426595113149787,-0.07227071921944805
tmin_mean,1995,9,Pacifica,18.688295426440423,1995-09-01,18.657981242616636,0.030314183823787033,-0.07278533479090132
tmin_mean,1995,10,Pacifica,18.580138325837034,1995-10-01,18.748034607762538,-0.1678962819255041,-0.07023107068214696
tmin_mean,1995,11,Pacifica,18.6201346916812,1995-11-01,18.79720897698778,-0.17707428530657765,-0.06833302870142817
tmin_mean,1995,12,Pacifica,18.43186151073457,1995-12-01,18.826155375710318,-0.39429386497574725,-0.10925386749423034
tmin_mean,1996,1,Pacifica,18.175347352527908,1996-01-01,18.848329956108746,-0.672982603580838,-0.16708405496436698
tmin_mean,1996,2,Pacifica,18.463388915462925,1996-02-01,19.049429851545657,-0.5860409360827319,-0.1992255829061905
tmin_mean,1996,3,Pacifica,18.94879732673184,1996-03-01,19.23555770404877,-0.2867603773169307,-0.21750661298036325
tmin_mean,1996,4,Pacifica,18.986036332040225,1996-04-01,19.329444461673727,-0.3434081296335023,-0.2514464837968111
tmin_mean,1996,5,Pacifica,18.929567787263238,1996-05-01,19.261606509753463,-0.3320387224902248,-0.2674153609382672
tmin_mean,1996,6,Pacifica,18.78100598258615,1996-06-01,18.951687105929498,-0.17068112334334629,-0.29128456452975576
tmin_mean,1996,7,Pacifica,18.272898344787063,1996-07-01,18.63773757358281,-0.3648392287957485,-0.3008306100632385
tmin_mean,1996,8,Pacifica,18.242865005281853,1996-08-01,18.605064226641776,-0.3621992213599228,-0.31899171591560727
tmin_mean,1996,9,Pacifica,18.636464939443016,1996-09-01,18.657981242616636,-0.021516303173619633,-0.3233109231653912
tmin_mean,1996,10,Pacifica,18.555311611208015,1996-10-01,18.748034607762538,-0.1927229965545223,-0.3253798160511427
tmin_mean,1996,11,Pacifica,18.47917962257501,1996-11-01,18.79720897698778,-0.3180293544127686,-0.33712607180999193
tmin_mean,1996,12,Pacifica,18.50886649875294,1996-12-01,18.826155375710318,-0.3172888769573774,-0.3307089894751278
tmin_mean,1997,1,Pacifica,18.3586049546895,1997-01-01,18.848329956108746,-0.48972500141924513,-0.31543752262832836
tmin_mean,1997,2,Pacifica,18.697247204402757,1997-02-01,19.049429851545657,-0.35218264714290015,-0.2959493318833424
tmin_mean,1997,3,Pacifica,19.21383381042658,1997-03-01,19.23555770404877,-0.02172389362219107,-0.2738629582421141
tmin_mean,1997,4,Pacifica,19.110334495635787,1997-04-01,19.329444461673727,-0.21910996603794075,-0.26350477794248395
tmin_mean,1997,5,Pacifica,19.255940693020545,1997-05-01,19.261606509753463,-0.005665816732918216,-0.23630703579604173
tmin_mean,1997,6,Pacifica,18.87780568204872,1997-06-01,18.951687105929498,-0.07388142388077767,-0.228240394174161
tmin_mean,1997,7,Pacifica,19.1150747144862,1997-07-01,18.63773757358281,0.47733714090339063,-0.15805903003256608
tmin_mean,1997,8,Pacifica,18.973709327878915,1997-08-01,18.605064226641776,0.36864510123713856,-0.09715533648281098
tmin_mean,1997,9,Pacifica,19.047822807722184,1997-09-01,18.657981242616636,0.3898415651055487,-0.06287551412621362
tmin_mean,1997,10,Pacifica,19.19179835074468,1997-10-01,18.748034607762538,0.44376374298214216,-0.009834952498158245
tmin_mean,1997,11,Pacifica,19.18747345488409,1997-11-01,18.79720897698778,0.39026447789630936,0.04918953352759825
tmin_mean,1997,12,Pacifica,19.50410007379425,1997-12-01,18.826155375710318,0.6779446980839303,0.13212566478104057
tmin_mean,1998,1,Pacifica,20.10357066399204,1998-01-01,18.848329956108746,1.2552407078832957,0.2775394738895856
tmin_mean,1998,2,Pacifica,20.312001304690117,1998-02-01,19.049429851545657,1.26257145314446,0.412102315580199
tmin_mean,1998,3,Pacifica,20.34530022571702,1998-03-01,19.23555770404877,1.1097425216682488,0.5063911835210689
tmin_mean,1998,4,Pacifica,20.413005547771956,1998-04-01,19.329444461673727,1.0835610860982285,0.6149471045324164
tmin_mean,1998,5,Pacifica,20.044957206681527,1998-05-01,19.261606509753463,0.7833506969280641,0.6806984806708316
tmin_mean,1998,6,Pacifica,19.279503340042837,1998-06-01,18.951687105929498,0.3278162341133388,0.7141732855036746
tmin_mean,1998,7,Pacifica,18.60832714260659,1998-07-01,18.63773757358281,-0.029410430976220425,0.6719443211803737
tmin_mean,1998,8,Pacifica,18.682215285027166,1998-08-01,18.605064226641776,0.0771510583853896,0.647653150942728
tmin_mean,1998,9,Pacifica,18.65711215243353,1998-09-01,18.657981242616636,-0.0008690901831052145,0.6150939296686735
tmin_mean,1998,10,Pacifica,18.951229941007558,1998-10-01,18.748034607762538,0.20319533324502004,0.5950465621905799
tmin_mean,1998,11,Pacifica,18.720907543699813,1998-11-01,18.79720897698778,-0.07630143328796635,0.5561660695918903
tmin_mean,1998,12,Pacifica,18.492889250161223,1998-12-01,18.826155375710318,-0.33326612554909474,0.47189850095580493
tmin_mean,1999,1,Pacifica,18.45681399454685,1999-01-01,18.848329956108746,-0.39151596156189683,0.33466877850203886
tmin_mean,1999,2,Pacifica,18.551957596890848,1999-02-01,19.049429851545657,-0.4974722546548094,0.18799846951876642
tmin_mean,1999,3,Pacifica,18.54661041410649,1999-03-01,19.23555770404877,-0.6889472899422806,0.038107651884555636
tmin_mean,1999,4,Pacifica,18.895483427900782,1999-04-01,19.329444461673727,-0.43396103377294537,-0.08835252477137552
tmin_mean,1999,5,Pacifica,18.470098814313065,1999-05-01,19.261606509753463,-0.7915076954403979,-0.21959072413541403
tmin_mean,1999,6,Pacifica,18.361408944841333,1999-06-01,18.951687105929498,-0.5902781610881647,-0.296098590402206
tmin_mean,1999,7,Pacifica,18.06380301716462,1999-07-01,18.63773757358281,-0.573934556418191,-0.34147560085570355
tmin_mean,1999,8,Pacifica,18.117827369818738,1999-08-01,18.605064226641776,-0.4872368568230385,-0.3885079271230725
tmin_mean,1999,9,Pacifica,18.131310106902053,1999-09-01,18.657981242616636,-0.526671135714583,-0.4323247642506957
tmin_mean,1999,10,Pacifica,18.068443591495345,1999-10-01,18.748034607762538,-0.6795910162671923,-0.5058902933767134
tmin_mean,1999,11,Pacifica,18.377496181733704,1999-11-01,18.79720897698778,-0.4197127952540747,-0.534507906873889
tmin_mean,1999,12,Pacifica,18.229419327562468,1999-12-01,18.826155375710318,-0.5967360481478501,-0.5564637337571187
tmin_mean,2000,1,Pacifica,18.00265049192249,2000-01-01,18.848329956108746,-0.8456794641862544,-0.5943106923091485
tmin_mean,2000,2,Pacifica,18.099442758092337,2000-02-01,19.049429851545657,-0.9499870934533199,-0.6320202622090244
tmin_mean,2000,3,Pacifica,18.369846373110878,2000-03-01,19.23555770404877,-0.8657113309378914,-0.6467505989586586
tmin_mean,2000,4,Pacifica,18.702006582267757,2000-04-01,19.329444461673727,-0.6274378794059707,-0.6628736694280774
tmin_mean,2000,5,Pacifica,18.77397293596321,2000-05-01,19.261606509753463,-0.4876335737902515,-0.6375508259572319
tmin_mean,2000,6,Pacifica,18.494311839609782,2000-06-01,18.951687105929498,-0.4573752663197155,-0.6264755847265278
tmin_mean,2000,7,Pacifica,18.192934073973454,2000-07-01,18.63773757358281,-0.44480349960935683,-0.6157146633257916
tmin_mean,2000,8,Pacifica,18.132391638271667,2000-08-01,18.605064226641776,-0.4726725883701093,-0.6145009742880475
tmin_mean,2000,9,Pacifica,18.212930783750917,2000-09-01,18.657981242616636,-0.4450504588657189,-0.6076992512173088
tmin_mean,2000,10,Pacifica,18.4778664886935,2000-10-01,18.748034607762538,-0.27016811906903726,-0.5735806764507959
tmin_mean,2000,11,Pacifica,18.448862472127367,2000-11-01,18.79720897698778,-0.3483465048604124,-0.5676334855846573
tmin_mean,2000,12,Pacifica,18.439050265312407,2000-12-01,18.826155375710318,-0.3871051103979113,-0.5501642407721624
tmin_mean,2001,1,Pacifica,17.995441800789948,2001-01-01,18.848329956108746,-0.8528881553187979,-0.5507649650332077
tmin_mean,2001,2,Pacifica,18.502045883907893,2001-02-01,19.049429851545657,-0.5473839676377636,-0.5172147045485781
tmin_mean,2001,3,Pacifica,18.682430655631915,2001-03-01,19.23555770404877,-0.5531270484168544,-0.49116601433849166
tmin_mean,2001,4,Pacifica,18.983763972964034,2001-04-01,19.329444461673727,-0.3456804887096929,-0.4676862317804685
tmin_mean,2001,5,Pacifica,18.918183233097754,2001-05-01,19.261606509753463,-0.3434232766557095,-0.45566870701925666
tmin_mean,2001,6,Pacifica,18.43577322136559,2001-06-01,18.951687105929498,-0.5159138845639077,-0.46054692520627266
tmin_mean,2001,7,Pacifica,18.250383095665104,2001-07-01,18.63773757358281,-0.3873544779177074,-0.4557595067319686
tmin_mean,2001,8,Pacifica,18.631214966427294,2001-08-01,18.605064226641776,0.02615073978551763,-0.414190896052333
tmin_mean,2001,9,Pacifica,18.290276284828778,2001-09-01,18.657981242616636,-0.3677049577878577,-0.40774543762917786
tmin_mean,2001,10,Pacifica,18.74999143505066,2001-10-01,18.748034607762538,0.001956827288122298,-0.38506835876608125
tmin_mean,2001,11,Pacifica,18.65555987231679,2001-11-01,18.79720897698778,-0.14164910467098935,-0.36784357541696266
tmin_mean,2001,12,Pacifica,19.041945813323537,2001-12-01,18.826155375710318,0.2157904376132187,-0.3176022797493685
tmin_mean,2002,1,Pacifica,18.69859421679267,2002-01-01,18.848329956108746,-0.14973573931607476,-0.2590062450824749
tmin_mean,2002,2,Pacifica,18.913531338520027,2002-02-01,19.049429851545657,-0.13589851302563005,-0.22471579053146376
tmin_mean,2002,3,Pacifica,19.31193367482169,2002-03-01,19.23555770404877,0.07637597077292213,-0.1722572055989824
tmin_mean,2002,4,Pacifica,19.182127028925986,2002-04-01,19.329444461673727,-0.1473174327477409,-0.15572695093548639
tmin_mean,2002,5,Pacifica,19.366442589300885,2002-05-01,19.261606509753463,0.10483607954742169,-0.11837200458522545
tmin_mean,2002,6,Pacifica,18.685456235284995,2002-06-01,18.951687105929498,-0.26623087064450246,-0.09756508675860835
tmin_mean,2002,7,Pacifica,18.847255351239326,2002-07-01,18.63773757358281,0.20951777765651514,-0.04782573212742314
tmin_mean,2002,8,Pacifica,18.59364229114962,2002-08-01,18.605064226641776,-0.0114219354921552,-0.05095678840056254
tmin_mean,2002,9,Pacifica,18.57193443715457,2002-09-01,18.657981242616636,-0.08604680546206467,-0.027485275706746453
tmin_mean,2002,10,Pacifica,18.701549439802633,2002-10-01,18.748034607762538,-0.04648516795990432,-0.031522108644082
tmin_mean,2002,11,Pacifica,18.65944700874758,2002-11-01,18.79720897698778,-0.13776196824019848,-0.031198180608182764
tmin_mean,2002,12,Pacifica,19.214989399911413,2002-12-01,18.826155375710318,0.3888340242010955,-0.0167778817258597
tmin_mean,2003,1,Pacifica,19.19765175533521,2003-01-01,18.848329956108746,0.3493217992264661,0.024810246486018706
tmin_mean,2003,2,Pacifica,19.449555673516713,2003-02-01,19.049429851545657,0.40012582197105573,0.06947894106907586
tmin_mean,2003,3,Pacifica,19.3103611506725,2003-03-01,19.23555770404877,0.07480344662372929,0.06934789738997645
tmin_mean,2003,4,Pacifica,19.26991910528729,2003-04-01,19.329444461673727,-0.05952535638643752,0.0766639037534184
tmin_mean,2003,5,Pacifica,19.190844699085186,2003-05-01,19.261606509753463,-0.07076181066827658,0.062030746235443544
tmin_mean,2003,6,Pacifica,18.616310730650746,2003-06-01,18.951687105929498,-0.3353763752787522,0.05626862084925607
tmin_mean,2003,7,Pacifica,18.524471600660036,2003-07-01,18.63773757358281,-0.1132659729227754,0.02936997496764852
tmin_mean,2003,8,Pacifica,18.68600354344299,2003-08-01,18.605064226641776,0.08093931680121358,0.03706674599209592
tmin_mean,2003,9,Pacifica,18.668287272659676,2003-09-01,18.657981242616636,0.010306030043039982,0.04509614895085464
tmin_mean,2003,10,Pacifica,18.752343276637514,2003-10-01,18.748034607762538,0.004308668874976718,0.04932896868709472
tmin_mean,2003,11,Pacifica,18.80651056198423,2003-11-01,18.79720897698778,0.009301584996450174,0.06158426479014878
tmin_mean,2003,12,Pacifica,18.7842858507691,2003-12-01,18.826155375710318,-0.04186952494121954,0.025692302361622527
tmin_mean,2004,1,Pacifica,18.72773149125318,2004-01-01,18.848329956108746,-0.12059846485556491,-0.013467719645213391
tmin_mean,2004,2,Pacifica,18.76991580379067,2004-02-01,19.049429851545657,-0.27951404775498645,-0.0701043754557169
tmin_mean,2004,3,Pacifica,19.455106772078544,2004-03-01,19.23555770404877,0.21954906802977447,-0.05804224033854647
tmin_mean,2004,4,Pacifica,19.30076589866241,2004-04-01,19.329444461673727,-0.02867856301131866,-0.055471674223953236
tmin_mean,2004,5,Pacifica,19.259506926912604,2004-05-01,19.261606509753463,-0.0020995828408594264,-0.0497498219050018
tmin_mean,2004,6,Pacifica,18.805526738716697,2004-06-01,18.951687105929498,-0.14616036721280068,-0.03398182123283918
tmin_mean,2004,7,Pacifica,18.25974118641653,2004-07-01,18.63773757358281,-0.3779963871662808,-0.05604268908646463
tmin_mean,2004,8,Pacifica,18.543515118779805,2004-08-01,18.605064226641776,-0.06154910786197121,-0.06791672447506336
tmin_mean,2004,9,Pacifica,18.411678960078973,2004-09-01,18.657981242616636,-0.24630228253766262,-0.08930075052345525
tmin_mean,2004,10,Pacifica,18.671715736211983,2004-10-01,18.748034607762538,-0.07631887155055495,-0.09601971222558288
tmin_mean,2004,11,Pacifica,18.81003828342578,2004-11-01,18.79720897698778,0.012829306438000287,-0.09572573543878704
tmin_mean,2004,12,Pacifica,18.7814697344558,2004-12-01,18.826155375710318,-0.04468564125451735,-0.09596041179822852
tmin_mean,2005,1,Pacifica,18.92330136002877,2005-01-01,18.848329956108746,0.07497140392002422,-0.0796629227335961
tmin_mean,2005,2,Pacifica,19.314031634513473,2005-02-01,19.049429851545657,0.2646017829678158,-0.03431993684002924
tmin_mean,2005,3,Pacifica,19.164941829250196,2005-03-01,19.23555770404877,-0.07061587479857323,-0.05850034874239155
tmin_mean,2005,4,Pacifica,19.615440916055878,2005-04-01,19.329444461673727,0.2859964543821505,-0.03227743062626912
tmin_mean,2005,5,Pacifica,19.27927670062661,2005-05-01,19.261606509753463,0.017670190873147362,-0.030629949483435226
tmin_mean,2005,6,Pacifica,19.06830783112063,2005-06-01,18.951687105929498,0.11662072519113309,-0.008731525116440745
tmin_mean,2005,7,Pacifica,18.779645931165554,2005-07-01,18.63773757358281,0.1419083575827429,0.03459387027931123
tmin_mean,2005,8,Pacifica,18.691303031235506,2005-08-01,18.605064226641776,0.08623880459373012,0.046909529650619675
tmin_mean,2005,9,Pacifica,18.74849866046765,2005-09-01,18.657981242616636,0.09051741785101441,0.07497783801634277
tmin_mean,2005,10,Pacifica,18.65588357986825,2005-10-01,18.748034607762538,-0.09215102789428897,0.07365849165436493
tmin_mean,2005,11,Pacifica,18.667504434584536,2005-11-01,18.79720897698778,-0.12970454240324258,0.061780670917594684
tmin_mean,2005,12,Pacifica,18.43293520123091,2005-12-01,18.826155375710318,-0.3932201744794064,0.03273612648218727
tmin_mean,2006,1,Pacifica,18.567801582453004,2006-01-01,18.848329956108746,-0.28052837365574135,0.0031111450175401365
tmin_mean,2006,2,Pacifica,18.971634435884038,2006-02-01,19.049429851545657,-0.07779541566161896,-0.025421954868246093
tmin_mean,2006,3,Pacifica,19.024898157489318,2006-03-01,19.23555770404877,-0.21065954655945163,-0.03709226084831929
tmin_mean,2006,4,Pacifica,19.043368171551023,2006-04-01,19.329444461673727,-0.2860762901227041,-0.08476498955705718
tmin_mean,2006,5,Pacifica,19.05414853212996,2006-05-01,19.261606509753463,-0.20745797762350193,-0.10352567026511128
tmin_mean,2006,6,Pacifica,18.673362586486796,2006-06-01,18.951687105929498,-0.27832451944270176,-0.13643777398459753
tmin_mean,2006,7,Pacifica,18.723714834622655,2006-07-01,18.63773757358281,0.08597726103984371,-0.1410986986965058
tmin_mean,2006,8,Pacifica,18.672392001323672,2006-08-01,18.605064226641776,0.0673277746818961,-0.14267461785582528
tmin_mean,2006,9,Pacifica,18.54062122823177,2006-09-01,18.657981242616636,-0.11736001438486454,-0.1599977372088152
tmin_mean,2006,10,Pacifica,18.981252465908742,2006-10-01,18.748034607762538,0.23321785814620455,-0.1328836633721074
tmin_mean,2006,11,Pacifica,18.74659402709399,2006-11-01,18.79720897698778,-0.05061494989378801,-0.12629286399631953
tmin_mean,2006,12,Pacifica,18.920395277210694,2006-12-01,18.826155375710318,0.09423990150037653,-0.08567119099800428
tmin_mean,2007,1,Pacifica,19.449204609752098,2007-01-01,18.848329956108746,0.600874653643352,-0.012220938723079833
tmin_mean,2007,2,Pacifica,18.829104311715067,2007-02-01,19.049429851545657,-0.2203255398305899,-0.024098449070494077
tmin_mean,2007,3,Pacifica,19.153888112585822,2007-03-01,19.23555770404877,-0.08166959146294772,-0.013349286145785419
tmin_mean,2007,4,Pacifica,19.169745844268853,2007-04-01,19.329444461673727,-0.15969861740487445,-0.002817813419299616
tmin_mean,2007,5,Pacifica,19.135456818897403,2007-05-01,19.261606509753463,-0.1261496908560602,0.003957877144653861
tmin_mean,2007,6,Pacifica,18.757579797302245,2007-06-01,18.951687105929498,-0.19410730862725245,0.010975978045941304
tmin_mean,2007,7,Pacifica,18.554488730855596,2007-07-01,18.63773757358281,-0.08324884272721533,-0.003126197267980283
tmin_mean,2007,8,Pacifica,18.287026947449874,2007-08-01,18.605064226641776,-0.31803727919190194,-0.03523995175746345
tmin_mean,2007,9,Pacifica,18.41058104343641,2007-09-01,18.657981242616636,-0.24740019918022682,-0.04607663382374364
tmin_mean,2007,10,Pacifica,18.474791402441106,2007-10-01,18.748034607762538,-0.27324320532143176,-0.08828172244604666
tmin_mean,2007,11,Pacifica,18.65841981945286,2007-11-01,18.79720897698778,-0.13878915753491938,-0.09562957308280762
tmin_mean,2007,12,Pacifica,18.302255954624925,2007-12-01,18.826155375710318,-0.5238994210853924,-0.14714118329828837
tmin_mean,2008,1,Pacifica,18.500512793377155,2008-01-01,18.848329956108746,-0.3478171627315909,-0.22619883466286694
tmin_mean,2008,2,Pacifica,18.309833356095556,2008-02-01,19.049429851545657,-0.7395964954501011,-0.26947141429782623
tmin_mean,2008,3,Pacifica,18.40513980001881,2008-03-01,19.23555770404877,-0.8304179040299609,-0.331867107011744
tmin_mean,2008,4,Pacifica,18.754492715573562,2008-04-01,19.329444461673727,-0.5749517461001652,-0.3664715344030182
tmin_mean,2008,5,Pacifica,18.759590581125224,2008-05-01,19.261606509753463,-0.5020159286282393,-0.39779372088403314
tmin_mean,2008,6,Pacifica,18.69022949490228,2008-06-01,18.951687105929498,-0.2614576110272182,-0.40340624608403025
tmin_mean,2008,7,Pacifica,18.26875920438466,2008-07-01,18.63773757358281,-0.36897836919814964,-0.42721703995660815
tmin_mean,2008,8,Pacifica,18.253994282106397,2008-08-01,18.605064226641776,-0.35106994453537865,-0.4299697620685645
tmin_mean,2008,9,Pacifica,18.552501377033078,2008-09-01,18.657981242616636,-0.1054798655835576,-0.4181430676021754
tmin_mean,2008,10,Pacifica,18.54641943269678,2008-10-01,18.748034607762538,-0.20161517506575777,-0.41217406508086923
tmin_mean,2008,11,Pacifica,18.633600113360846,2008-11-01,18.79720897698778,-0.1636088636269335,-0.4142423739218704
tmin_mean,2008,12,Pacifica,18.514441869786538,2008-12-01,18.826155375710318,-0.31171350592378033,-0.39656021432506944
tmin_mean,2009,1,Pacifica,18.608934930601862,2009-01-01,18.848329956108746,-0.23939502550688374,-0.3875250362230105
tmin_mean,2009,2,Pacifica,18.785416767647874,2009-02-01,19.049429851545657,-0.2640130838977832,-0.3478930852603173
tmin_mean,2009,3,Pacifica,18.982072360862094,2009-03-01,19.23555770404877,-0.25348534318667504,-0.2998153718567102
tmin_mean,2009,4,Pacifica,19.214810263900713,2009-04-01,19.329444461673727,-0.11463419777301453,-0.261455576162781
tmin_mean,2009,5,Pacifica,19.10337652466645,2009-05-01,19.261606509753463,-0.15822998508701147,-0.2328067475343453
tmin_mean,2009,6,Pacifica,19.03130739105223,2009-06-01,18.951687105929498,0.07962028512273278,-0.2043835895218494
tmin_mean,2009,7,Pacifica,18.861691161561364,2009-07-01,18.63773757358281,0.2239535879785528,-0.15497259309045752
tmin_mean,2009,8,Pacifica,18.948803404092434,2009-08-01,18.605064226641776,0.34373917745065796,-0.09707183292495447
tmin_mean,2009,9,Pacifica,19.06676374153912,2009-09-01,18.657981242616636,0.4087824989224842,-0.054216635882784324
tmin_mean,2009,10,Pacifica,19.07560492098196,2009-10-01,18.748034607762538,0.32757031321942165,-0.010117845192352704
tmin_mean,2009,11,Pacifica,19.184799688264413,2009-11-01,18.79720897698778,0.38759071127663347,0.035815452716277875
tmin_mean,2009,12,Pacifica,19.185400575660143,2009-12-01,18.826155375710318,0.3592451999498252,0.091728678205745
tmin_mean,2010,1,Pacifica,19.268263847620524,2010-01-01,18.848329956108746,0.4199338915117785,0.14667275462396687
tmin_mean,2010,2,Pacifica,20.007001152166602,2010-02-01,19.049429851545657,0.9575713006209448,0.24847145333386086
tmin_mean,2010,3,Pacifica,19.954097142441316,2010-03-01,19.23555770404877,0.718539438392547,0.3294735184654627
tmin_mean,2010,4,Pacifica,19.901369111980365,2010-04-01,19.329444461673727,0.571924650306638,0.3866867558054337
tmin_mean,2010,5,Pacifica,19.881059158996933,2010-05-01,19.261606509753463,0.6194526492434704,0.45149364199964054
tmin_mean,2010,6,Pacifica,19.093165532073726,2010-06-01,18.951687105929498,0.14147842614422856,0.4566484870847652
tmin_mean,2010,7,Pacifica,18.71881656281404,2010-07-01,18.63773757358281,0.08107898923123003,0.4447422705224883
tmin_mean,2010,8,Pacifica,18.57684962040451,2010-08-01,18.605064226641776,-0.028214606237266793,0.4137461218818279
tmin_mean,2010,9,Pacifica,18.533351821377845,2010-09-01,18.657981242616636,-0.12462942123879017,0.36929512853505503
tmin_mean,2010,10,Pacifica,18.717002350646883,2010-10-01,18.748034607762538,-0.031032257115654716,0.33941158100713203
tmin_mean,2010,11,Pacifica,18.451058761564187,2010-11-01,18.79720897698778,-0.3461502154235916,0.27826650378211326
tmin_mean,2010,12,Pacifica,18.273771974014725,2010-12-01,18.826155375710318,-0.5523834016955931,0.20229745364499507
tmin_mean,2011,1,Pacifica,18.411961612968938,2011-01-01,18.848329956108746,-0.436368343139808,0.1309389340906962
tmin_mean,2011,2,Pacifica,18.74238482273384,2011-02-01,19.049429851545657,-0.3070450288118174,0.025554239971299353
tmin_mean,2011,3,Pacifica,18.612033190219197,2011-03-01,19.23555770404877,-0.6235245138295724,-0.08628442271387726
tmin_mean,2011,4,Pacifica,18.93188477865021,2011-04-01,19.329444461673727,-0.3975596830235162,-0.16707478382472343
tmin_mean,2011,5,Pacifica,19.212848613465855,2011-05-01,19.261606509753463,-0.04875789628760785,-0.2227589959523133
tmin_mean,2011,6,Pacifica,19.04111045701613,2011-06-01,18.951687105929498,0.08942335108663357,-0.22709691887377956
tmin_mean,2011,7,Pacifica,18.62612983755133,2011-07-01,18.63773757358281,-0.011607736031482574,-0.23482081264567226
tmin_mean,2011,8,Pacifica,18.608870013932076,2011-08-01,18.605064226641776,0.0038057872903003442,-0.232152446518375
tmin_mean,2011,9,Pacifica,18.548026102748373,2011-09-01,18.657981242616636,-0.10995513986826211,-0.23092958973749766
tmin_mean,2011,10,Pacifica,18.39382213281385,2011-10-01,18.748034607762538,-0.3542124749486888,-0.25786127455691715
tmin_mean,2011,11,Pacifica,18.61647864446308,2011-11-01,18.79720897698778,-0.18073033252469983,-0.24407628431534287
tmin_mean,2011,12,Pacifica,18.633453979081438,2011-12-01,18.826155375710318,-0.19270139662888042,-0.2141027838931168
tmin_mean,2012,1,Pacifica,18.58992329588777,2012-01-01,18.848329956108746,-0.25840666022097736,-0.19927264364988093
tmin_mean,2012,2,Pacifica,18.3982410499805,2012-02-01,19.049429851545657,-0.6511888015651586,-0.22795129137932602
tmin_mean,2012,3,Pacifica,19.110377612022646,2012-03-01,19.23555770404877,-0.1251800920261239,-0.18642258956237198
tmin_mean,2012,4,Pacifica,19.007060771801445,2012-04-01,19.329444461673727,-0.3223836898722823,-0.1801579234664358
tmin_mean,2012,5,Pacifica,18.98826562845264,2012-05-01,19.261606509753463,-0.2733408813008218,-0.19887317221753698
tmin_mean,2012,6,Pacifica,18.72457851178034,2012-06-01,18.951687105929498,-0.22710859414915774,-0.2252508343205196
tmin_mean,2012,7,Pacifica,18.76041303592528,2012-07-01,18.63773757358281,0.12267546234246751,-0.2140605677893571
tmin_mean,2012,8,Pacifica,18.571224261877546,2012-08-01,18.605064226641776,-0.03383996476422979,-0.21719771379390126
tmin_mean,2012,9,Pacifica,18.656156555078734,2012-09-01,18.657981242616636,-0.001824687537901326,-0.2081868427663712
tmin_mean,2012,10,Pacifica,18.76276435378547,2012-10-01,18.748034607762538,0.014729746022933199,-0.17744165768540268
tmin_mean,2012,11,Pacifica,18.919643989562157,2012-11-01,18.79720897698778,0.12243501257437828,-0.15217787892714618
tmin_mean,2012,12,Pacifica,18.810207571797918,2012-12-01,18.826155375710318,-0.01594780391240036,-0.1374484128674395
tmin_mean,2013,1,Pacifica,19.378668087198534,2013-01-01,18.848329956108746,0.5303381310897883,-0.07171968025820903
tmin_mean,2013,2,Pacifica,19.15264230738078,2013-02-01,19.049429851545657,0.1032124558351235,-0.00885290880818553
tmin_mean,2013,3,Pacifica,19.515170171873127,2013-03-01,19.23555770404877,0.2796124678243572,0.024879804512687897
tmin_mean,2013,4,Pacifica,19.504192118063525,2013-04-01,19.329444461673727,0.1747476563897976,0.06630741670119455
tmin_mean,2013,5,Pacifica,19.175975087817772,2013-05-01,19.261606509753463,-0.08563142193569107,0.08194987164828878
tmin_mean,2013,6,Pacifica,18.98992320321401,2013-06-01,18.951687105929498,0.038236097284510606,0.10406192926776114
tmin_mean,2013,7,Pacifica,18.518041339475513,2013-07-01,18.63773757358281,-0.11969623410729824,0.08386428789694733
tmin_mean,2013,8,Pacifica,18.628670762792353,2013-08-01,18.605064226641776,0.023606536150577284,0.08865149630651459
tmin_mean,2013,9,Pacifica,18.717931947772968,2013-09-01,18.657981242616636,0.05995070515633216,0.09379944569770071
tmin_mean,2013,10,Pacifica,18.74784389913315,2013-10-01,18.748034607762538,-0.0001907086293861937,0.09255607447667409
tmin_mean,2013,11,Pacifica,18.703268770617434,2013-11-01,18.79720897698778,-0.09394020637034473,0.07452480623128051
tmin_mean,2013,12,Pacifica,18.845973009420803,2013-12-01,18.826155375710318,0.019817633710484728,0.07750525936652093
tmin_mean,2014,1,Pacifica,19.039919156153456,2014-01-01,18.848329956108746,0.19158920004471014,0.049276181779431084
tmin_mean,2014,2,Pacifica,19.132025004201353,2014-02-01,19.049429851545657,0.08259515265569561,0.04755807318114543
tmin_mean,2014,3,Pacifica,19.16908321574066,2014-03-01,19.23555770404877,-0.06647448830810987,0.018717493503439837
tmin_mean,2014,4,Pacifica,19.479309170116768,2014-04-01,19.329444461673727,0.14986470844304023,0.016643914507876723
tmin_mean,2014,5,Pacifica,19.21222542742206,2014-05-01,19.261606509753463,-0.04938108233140426,0.01966477614156729
tmin_mean,2014,6,Pacifica,19.28197417309741,2014-06-01,18.951687105929498,0.33028706716791234,0.0440023569651841
tmin_mean,2014,7,Pacifica,19.120290810480903,2014-07-01,18.63773757358281,0.4825532368980916,0.09418981288229993
tmin_mean,2014,8,Pacifica,18.595312788606464,2014-08-01,18.605064226641776,-0.009751438035312532,0.09140998170014243
tmin_mean,2014,9,Pacifica,18.676198349395314,2014-09-01,18.657981242616636,0.01821710677867827,0.08793218183533795
tmin_mean,2014,10,Pacifica,18.90312647657429,2014-10-01,18.748034607762538,0.15509186881175197,0.10087239662209946
tmin_mean,2014,11,Pacifica,18.9901792509929,2014-11-01,18.79720897698778,0.1929702740051198,0.12478160332005483
tmin_mean,2014,12,Pacifica,18.966067570460048,2014-12-01,18.826155375710318,0.13991219474972993,0.1347894834066586
tmin_mean,2015,1,Pacifica,19.06375480613462,2015-01-01,18.848329956108746,0.21542485002587597,0.13677578757175576
tmin_mean,2015,2,Pacifica,19.2964934812405,2015-02-01,19.049429851545657,0.24706362969484275,0.15048149399168467
tmin_mean,2015,3,Pacifica,19.419874278940192,2015-03-01,19.23555770404877,0.1843165748914224,0.17138074925831237
tmin_mean,2015,4,Pacifica,19.511194295462623,2015-04-01,19.329444461673727,0.18174983378889564,0.17403784303713365
tmin_mean,2015,5,Pacifica,19.52095459185164,2015-05-01,19.261606509753463,0.25934808209817817,0.19976527340626551
tmin_mean,2015,6,Pacifica,19.494268129363103,2015-06-01,18.951687105929498,0.5425810234336055,0.21745643642840662
tmin_mean,2015,7,Pacifica,19.20584597257536,2015-07-01,18.63773757358281,0.5681083989925497,0.22458603326961146
tmin_mean,2015,8,Pacifica,19.235259238933402,2015-08-01,18.605064226641776,0.630195012291626,0.27791490413018965
tmin_mean,2015,9,Pacifica,19.252931930435896,2015-09-01,18.657981242616636,0.5949506878192601,0.3259760358835715
tmin_mean,2015,10,Pacifica,19.401629346816552,2015-10-01,18.748034607762538,0.6535947390540144,0.36751794173709335
tmin_mean,2015,11,Pacifica,19.36889859508615,2015-11-01,18.79720897698778,0.5716896180983717,0.3990778870781977
tmin_mean,2015,12,Pacifica,19.773666889837678,2015-12-01,18.826155375710318,0.9475115141273598,0.46637783035966685
tmin_mean,2016,1,Pacifica,19.858666673133914,2016-01-01,18.848329956108746,1.0103367170251687,0.5326204859429412
tmin_mean,2016,2,Pacifica,20.316997061949316,2016-02-01,19.049429851545657,1.2675672104036586,0.6176624510020092
tmin_mean,2016,3,Pacifica,20.269130231550445,2016-03-01,19.23555770404877,1.0335725275016756,0.688433780386197
tmin_mean,2016,4,Pacifica,20.208453714418205,2016-04-01,19.329444461673727,0.8790092527444777,0.7465387319658289
tmin_mean,2016,5,Pacifica,19.979437426389843,2016-05-01,19.261606509753463,0.7178309166363803,0.7847456348440124
tmin_mean,2016,6,Pacifica,19.15303406710415,2016-06-01,18.951687105929498,0.20134696117465367,0.7563094629890997
tmin_mean,2016,7,Pacifica,18.867169883061685,2016-07-01,18.63773757358281,0.22943230947887372,0.7280864555296267
tmin_mean,2016,8,Pacifica,19.047522751310595,2016-08-01,18.605064226641776,0.44245852466881885,0.7124417482277261
tmin_mean,2016,9,Pacifica,18.873983815935688,2016-09-01,18.657981242616636,0.21600257331905226,0.6808627386860421
tmin_mean,2016,10,Pacifica,19.089349781842614,2016-10-01,18.748034607762538,0.3413151740800764,0.6548394416048806
tmin_mean,2016,11,Pacifica,19.034987322759658,2016-11-01,18.79720897698778,0.23777834577187917,0.6270135022443396
tmin_mean,2016,12,Pacifica,18.967497216092802,2016-12-01,18.826155375710318,0.1413418403824842,0.5598326960989333
tmin_mean,2017,1,Pacifica,18.83133702689871,2017-01-01,18.848329956108746,-0.016992929210037033,0.4742218922459995
tmin_mean,2017,2,Pacifica,19.062408205902273,2017-02-01,19.049429851545657,0.01297835435661554,0.36967282090874587
tmin_mean,2017,3,Pacifica,19.33895880665274,2017-03-01,19.23555770404877,0.1034011026039714,0.29215853550060383
tmin_mean,2017,4,Pacifica,19.63327378119562,2017-04-01,19.329444461673727,0.30382931952189196,0.2442268743987217
tmin_mean,2017,5,Pacifica,19.43692354589637,2017-05-01,19.261606509753463,0.17531703614290706,0.19901738435759894
tmin_mean,2017,6,Pacifica,19.21214186943765,2017-06-01,18.951687105929498,0.2604547635081538,0.20394303455205728
tmin_mean,2017,7,Pacifica,19.01027919504325,2017-07-01,18.63773757358281,0.3725416214604387,0.215868810550521
tmin_mean,2017,8,Pacifica,18.8647954644621,2017-08-01,18.605064226641776,0.2597312378203256,0.2006415366464799
tmin_mean,2017,9,Pacifica,19.088136193000622,2017-09-01,18.657981242616636,0.43015495038398655,0.21848756806855776
tmin_mean,2017,10,Pacifica,19.10868777825905,2017-10-01,18.748034607762538,0.36065317049651213,0.2200990677699274
tmin_mean,2017,11,Pacifica,19.028780040664522,2017-11-01,18.79720897698778,0.23157106367674274,0.2195817942619994
tmin_mean,2017,12,Pacifica,19.005483595235408,2017-12-01,18.826155375710318,0.1793282195250896,0.2227473258572165
tmin_mean,2018,1,Pacifica,18.681854315036865,2018-01-01,18.848329956108746,-0.16647564107188018,0.2102904332020629
tmin_mean,2018,2,Pacifica,19.13583115989023,2018-02-01,19.049429851545657,0.08640130834457338,0.2164090127010594
tmin_mean,2018,3,Pacifica,19.300430851702142,2018-03-01,19.23555770404877,0.0648731476533726,0.2131983497885095
tmin_mean,2018,4,Pacifica,19.196868966294055,2018-04-01,19.329444461673727,-0.1325754953796725,0.1768312818800458
tmin_mean,2018,5,Pacifica,19.19791813414274,2018-05-01,19.261606509753463,-0.06368837561072382,0.1569141642339099
tmin_mean,2018,6,Pacifica,19.079168879566488,2018-06-01,18.951687105929498,0.12748177363699043,0.14583308174464626
tmin_mean,2018,7,Pacifica,18.945986060468048,2018-07-01,18.63773757358281,0.30824848688523687,0.1404753205300461
tmin_mean,2018,8,Pacifica,18.764784642871412,2018-08-01,18.605064226641776,0.15972041622963573,0.13214108539748862
tmin_mean,2018,9,Pacifica,18.79680003351299,2018-09-01,18.657981242616636,0.13881879089635518,0.10786307210685268
tmin_mean,2018,10,Pacifica,19.106965885295175,2018-10-01,18.748034607762538,0.358931277532637,0.10771958102652975
tmin_mean,2018,11,Pacifica,19.398766216892383,2018-11-01,18.79720897698778,0.6015572399046043,0.13855176237885156
tmin_mean,2018,12,Pacifica,19.10649273693231,2018-12-01,18.826155375710318,0.28033736122199215,0.14696919085359342
tmin_mean,2019,1,Pacifica,19.39533140242034,2019-01-01,18.848329956108746,0.5470014463115938,0.20642561480221625
tmin_mean,2019,2,Pacifica,19.811018957691587,2019-02-01,19.049429851545657,0.7615891061459301,0.262691264618996
tmin_mean,2019,3,Pacifica,19.880247162517275,2019-03-01,19.23555770404877,0.6446894584685054,0.31100929052025705
tmin_mean,2019,4,Pacifica,19.869585759476923,2019-04-01,19.329444461673727,0.5401412978031956,0.36706902328549607
tmin_mean,2019,5,Pacifica,19.6743400068053,2019-05-01,19.261606509753463,0.4127334970518355,0.406770846007376
tmin_mean,2019,6,Pacifica,19.614544186029494,2019-06-01,18.951687105929498,0.6628570800999967,0.4513854548792932
tmin_mean,2019,7,Pacifica,19.0705392362492,2019-07-01,18.63773757358281,0.43280166266638886,0.4617648861943892
tmin_mean,2019,8,Pacifica,18.989702254870483,2019-08-01,18.605064226641776,0.3846380282287072,0.48050802052764513
tmin_mean,2019,9,Pacifica,19.09226395363251,2019-09-01,18.657981242616636,0.4342827110158751,0.5051300138709385
tmin_mean,2019,10,Pacifica,18.848575032309963,2019-10-01,18.748034607762538,0.10054042454742529,0.4835974427888375
tmin_mean,2019,11,Pacifica,19.257322353570142,2019-11-01,18.79720897698778,0.4601133765823633,0.47181045417865075
tmin_mean,2019,12,Pacifica,19.37160768686078,2019-12-01,18.826155375710318,0.5454523111504628,0.49390336667268997
tmin_mean,2020,1,Pacifica,19.49264968445621,2020-01-01,18.848329956108746,0.6443197283474653,0.5020132235090126
tmin_mean,2020,2,Pacifica,19.747175958882508,2020-02-01,19.049429851545657,0.6977461073368509,0.496692973608256
tmin_mean,2020,3,Pacifica,19.771362822616975,2020-03-01,19.23555770404877,0.5358051185682058,0.48761927861656434
tmin_mean,2020,4,Pacifica,19.718384490142824,2020-04-01,19.329444461673727,0.38894002846909714,0.4750191728387228
tmin_mean,2020,5,Pacifica,19.855157728993294,2020-05-01,19.261606509753463,0.5935512192398313,0.4900873163543891
tmin_mean,2020,6,Pacifica,19.214985319551463,2020-06-01,18.951687105929498,0.26329821362196526,0.4567907441478865
tmin_mean,2020,7,Pacifica,18.791499447256086,2020-07-01,18.63773757358281,0.15376187367327532,0.4335374283984604
tmin_mean,2020,8,Pacifica,18.8548110144417,2020-08-01,18.605064226641776,0.24974678779992487,0.42229649169606187
tmin_mean,2020,9,Pacifica,18.76982601854945,2020-09-01,18.657981242616636,0.11184477593281272,0.3954266637724733
tmin_mean,2020,10,Pacifica,18.941974903881302,2020-10-01,18.748034607762538,0.19394029611876462,0.40320998640341826
tmin_mean,2020,11,Pacifica,19.00434009509118,2020-11-01,18.79720897698778,0.20713111810340123,0.38212813153017144
tmin_mean,2020,12,Pacifica,18.817497763212597,2020-12-01,18.826155375710318,-0.008657612497721345,0.33595230455948943
tmin_mean,2021,1,Pacifica,18.72178800810629,2021-01-01,18.848329956108746,-0.12654194800245477,0.2717138315303294
tmin_mean,2021,2,Pacifica,19.251028430104352,2021-02-01,19.049429851545657,0.2015985785586949,0.23036820413214976
tmin_mean,2021,3,Pacifica,19.059880188710494,2021-03-01,19.23555770404877,-0.17567751533827547,0.17107798463994298
tmin_mean,2021,4,Pacifica,19.29242309136539,2021-04-01,19.329444461673727,-0.037021370308337964,0.13558120140849006
tmin_mean,2021,5,Pacifica,19.329726599045486,2021-05-01,19.261606509753463,0.06812008929202307,0.09179527391283937
tmin_mean,2021,6,Pacifica,18.858222148751405,2021-06-01,18.951687105929498,-0.09346495717809233,0.06206500967950124
tmin_mean,2021,7,Pacifica,18.849741390109237,2021-07-01,18.63773757358281,0.2120038165264262,0.06691850491726381
tmin_mean,2021,8,Pacifica,18.704351109323166,2021-08-01,18.605064226641776,0.09928688268139041,0.05438017949071927
tmin_mean,2021,9,Pacifica,18.70364721505222,2021-09-01,18.657981242616636,0.0456659724355859,0.048865279199283705
tmin_mean,2021,10,Pacifica,18.959831797372473,2021-10-01,18.748034607762538,0.21179718960993554,0.05035335365688128
tmin_mean,2021,11,Pacifica,18.84032200265924,2021-11-01,18.79720897698778,0.04311302567145958,0.036685179287552806
tmin_mean,2021,12,Pacifica,19.096800058778783,2021-12-01,18.826155375710318,0.2706446830684648,0.05996037058473499
tmin_mean,2022,1,Pacifica,18.79676324761674,2022-01-01,18.848329956108746,-0.051566708492003954,0.06620830721060589
tmin_mean,2022,2,Pacifica,18.792507217476004,2022-02-01,19.049429851545657,-0.2569226340696531,0.027998206158243555
tmin_mean,2022,3,Pacifica,19.042939067212714,2022-03-01,19.23555770404877,-0.1926186368360554,0.02658644603342856
tmin_mean,2022,4,Pacifica,19.189041321768187,2022-04-01,19.329444461673727,-0.14040313990554054,0.017971298566995014
tmin_mean,2022,5,Pacifica,19.199852352457242,2022-05-01,19.261606509753463,-0.061754157296221024,0.007148444684641338
tmin_mean,2022,6,Pacifica,18.39742251635425,2022-06-01,18.951687105929498,-0.5542645895752472,-0.03125152468178823
tmin_mean,2022,7,Pacifica,18.69705858717877,2022-07-01,18.63773757358281,0.05932101359595876,-0.04397509159266052
tmin_mean,2022,8,Pacifica,18.463742999255214,2022-08-01,18.605064226641776,-0.1413212273865625,-0.0640257674316566
tmin_mean,2022,9,Pacifica,18.55013178869563,2022-09-01,18.657981242616636,-0.10784945392100553,-0.07681871962803921
tmin_mean,2022,10,Pacifica,18.822692501493094,2022-10-01,18.748034607762538,0.07465789373055642,-0.08824699428465414
tmin_mean,2022,11,Pacifica,18.775446853334874,2022-11-01,18.79720897698778,-0.02176212365290553,-0.09365325672835123
tmin_mean,2022,12,Pacifica,18.43605341586294,2022-12-01,18.826155375710318,-0.39010195984737805,-0.14871547697133813
tmin_mean,2023,1,Pacifica,18.43789678551437,2023-01-01,18.848329956108746,-0.4104331705943771,-0.17862101547986922
tmin_mean,2023,2,Pacifica,19.11816683082113,2023-02-01,19.049429851545657,0.0687369792754744,-0.15148271436777527
tmin_mean,2023,3,Pacifica,19.125539719118272,2023-03-01,19.23555770404877,-0.11001798493049719,-0.14459932670897876
tmin_mean,2023,4,Pacifica,19.383156866697302,2023-04-01,19.329444461673727,0.05371240502357466,-0.12842303129821916
tmin_mean,2023,5,Pacifica,19.945711651622407,2023-05-01,19.261606509753463,0.6841051418689439,-0.06626808970112208
tmin_mean,2023,6,Pacifica,19.514309439544444,2023-06-01,18.951687105929498,0.5626223336149465,0.026805820564727394
tmin_mean,2023,7,Pacifica,19.588664040205792,2023-07-01,18.63773757358281,0.9509264666229811,0.10110627498364592
tmin_mean,2023,8,Pacifica,19.39918592939666,2023-08-01,18.605064226641776,0.7941217027548824,0.179059852495433
tmin_mean,2023,9,Pacifica,19.539881899987805,2023-09-01,18.657981242616636,0.881900657371169,0.26153902843644755
tmin_mean,2023,10,Pacifica,19.640694803312122,2023-10-01,18.748034607762538,0.8926601955495848,0.32970588692136654
tmin_mean,2023,11,Pacifica,19.641170132233746,2023-11-01,18.79720897698778,0.8439611552459674,0.40184949349627264
tmin_mean,2023,12,Pacifica,19.922243474929346,2023-12-01,18.826155375710318,1.0960880992190276,0.5256986650851397
tmin_mean,2024,1,Pacifica,19.86476017072654,2024-01-01,18.848329956108746,1.0164302146177953,0.6446039471861541
tmin_mean,2024,2,Pacifica,20.18488701431716,2024-02-01,19.049429851545657,1.1354571627715018,0.7334972958108231
tmin_mean,2024,3,Pacifica,20.4027497223302,2024-03-01,19.23555770404877,1.1671920182814297,0.8399314627451503
tmin_mean,2024,4,Pacifica,20.17124206114167,2024-04-01,19.329444461673727,0.8417975994679416,0.9056052289488475
tmin_mean,2024,5,Pacifica,20.27894403930241,2024-05-01,19.261606509753463,1.0173375295489464,0.9333745945888478
tmin_mean,2024,6,Pacifica,19.594989079277102,2024-06-01,18.951687105929498,0.6433019733476044,0.9400978978999026
tmin_mean,2024,7,Pacifica,19.40776699883357,2024-07-01,18.63773757358281,0.7700294252507582,0.9250231444522173
tmin_mean,2024,8,Pacifica,19.04568729447203,2024-08-01,18.605064226641776,0.4406230678302556,0.8955649248751651
tmin_mean,2024,9,Pacifica,19.420046674897588,2024-09-01,18.657981242616636,0.7620654322809521,0.8855786561176471
tmin_mean,2024,10,Pacifica,19.442209176275124,2024-10-01,18.748034607762538,0.6941745685125866,0.8690381871978973
tmin_mean,2024,11,Pacifica,19.067739397137533,2024-11-01,18.79720897698778,0.27053042014975404,0.8212522926065461
tmin_mean,2024,12,Pacifica,19.295060633676023,2024-12-01,18.826155375710318,0.46890525796570515,0.7689870558354359
tmin_mean,2025,1,Pacifica,18.9988866206981,2025-01-01,18.848329956108746,0.1505566645893559,0.6968309266663993
tmin_mean,2025,2,Pacifica,19.241669795666972,2025-02-01,19.049429851545657,0.19223994412131518,0.6182294917788838
tmin_mean,2025,3,Pacifica,19.446479448182977,2025-03-01,19.23555770404877,0.2109217441342075,0.5385403022666152
tmin_mean,2025,4,Pacifica,19.68123081798344,2025-04-01,19.329444461673727,0.351786356309713,0.4977060320034295
tmin_mean,2025,5,Pacifica,19.56253510112855,2025-05-01,19.261606509753463,0.30092859137508654,0.4380052871556079
tmin_mean,2025,6,Pacifica,19.262675283516767,2025-06-01,18.951687105929498,0.3109881775872694,0.4103124708422466
tmin_mean,2025,7,Pacifica,19.140199232436046,2025-07-01,18.63773757358281,0.5024616588532353,0.38801515697578637
tmin_mean,2025,8,Pacifica,18.866154371117187,2025-08-01,18.605064226641776,0.26109014447541057,0.37305408002954926
tmin_mean,2025,9,Pacifica,18.93767546892422,2025-09-01,18.657981242616636,0.27969422630758345,0.33285647953176856
tmin_mean,2025,10,Pacifica,18.90907649262897,2025-10-01,18.748034607762538,0.16104188486643167,0.288428755894589
tmin_mean,2025,11,Pacifica,19.19342197865288,2025-11-01,18.79720897698778,0.39621300166509954,0.2989023043542011
tmin_mean,2025,12,Pacifica,18.987307936449533,2025-12-01,18.826155375710318,0.16115256073921458,0.2732562462519936
tmin_mean,2026,1,Pacifica,19.13088257094199,2026-01-01,18.848329956108746,0.2825526148332429,0.2842559087723175
tmin_mean,2026,2,Pacifica,19.132423464683658,2026-02-01,19.049429851545657,0.08299361313800091,0.2751520478570413
tmin_mean,2026,3,Pacifica,19.587684290917117,2026-03-01,19.23555770404877,0.35212658686834786,0.2869191180848863
